timestamp,temp,humidity,rain,pressure,wind_speed
2024-05-15T00:00,24.8,18,0.0,900.5,18.6
2024-05-15T01:00,24.1,19,0.0,900.2,17.3
2024-05-15T02:00,23.2,20,0.0,900.2,14.5
2024-05-15T03:00,22.2,21,0.0,900.0,12.2
2024-05-15T04:00,20.1,26,0.0,899.8,7.8
2024-05-15T05:00,19.2,28,0.0,899.5,7.2
2024-05-15T06:00,19.4,28,0.0,900.2,7.2
2024-05-15T07:00,21.4,24,0.0,901.4,5.8
2024-05-15T08:00,23.6,21,0.0,902.5,12.6
2024-05-15T09:00,25.7,18,0.0,902.7,19.9
2024-05-15T10:00,27.5,17,0.0,902.8,24.1
2024-05-15T11:00,29.3,16,0.0,902.7,24.3
2024-05-15T12:00,31.0,15,0.0,902.3,22.6
2024-05-15T13:00,32.3,14,0.0,901.9,21.0
2024-05-15T14:00,33.1,14,0.0,901.7,17.9
2024-05-15T15:00,33.5,14,0.0,901.3,14.3
2024-05-15T16:00,33.5,13,0.0,901.6,12.0
2024-05-15T17:00,33.4,14,0.0,900.9,9.0
2024-05-15T18:00,32.8,14,0.0,900.5,15.8
2024-05-15T19:00,30.8,14,0.0,900.2,24.0
2024-05-15T20:00,29.3,15,0.0,900.7,22.5
2024-05-15T21:00,28.1,16,0.0,901.2,18.6
2024-05-15T22:00,26.8,18,0.0,901.7,13.4
2024-05-15T23:00,25.5,20,0.0,901.8,12.4
2024-05-16T00:00,24.4,22,0.0,902.1,16.5
2024-05-16T01:00,23.3,24,0.0,901.9,13.8
2024-05-16T02:00,22.2,27,0.0,901.6,10.7
2024-05-16T03:00,21.4,29,0.0,901.5,9.7
2024-05-16T04:00,20.4,33,0.0,901.1,5.7
2024-05-16T05:00,19.8,34,0.0,901.3,6.6
2024-05-16T06:00,20.0,34,0.0,901.9,5.9
2024-05-16T07:00,22.0,29,0.0,903.3,5.8
2024-05-16T08:00,23.9,25,0.0,904.1,8.9
2024-05-16T09:00,25.7,26,0.0,904.6,12.7
2024-05-16T10:00,27.5,27,0.0,904.9,14.6
2024-05-16T11:00,29.2,28,0.0,905.1,13.8
2024-05-16T12:00,30.7,26,0.0,904.8,12.2
2024-05-16T13:00,31.9,21,0.0,904.6,12.4
2024-05-16T14:00,32.5,18,0.0,904.4,13.2
2024-05-16T15:00,32.9,17,0.0,904.2,12.3
2024-05-16T16:00,33.0,17,0.0,904.2,4.1
2024-05-16T17:00,32.5,17,0.0,904.2,5.8
2024-05-16T18:00,31.8,18,0.0,904.3,7.3
2024-05-16T19:00,31.1,19,0.0,904.3,7.5
2024-05-16T20:00,30.2,20,0.0,904.4,10.5
2024-05-16T21:00,29.3,21,0.0,904.6,13.4
2024-05-16T22:00,28.1,20,0.0,905.0,15.2
2024-05-16T23:00,26.8,20,0.0,904.7,14.1
2024-05-17T00:00,25.4,23,0.0,904.5,13.9
2024-05-17T01:00,24.1,25,0.0,904.3,13.3
2024-05-17T02:00,23.6,24,0.0,904.2,14.8
2024-05-17T03:00,22.9,24,0.0,904.4,16.7
2024-05-17T04:00,22.5,23,0.0,904.7,23.0
2024-05-17T05:00,21.9,21,0.0,904.9,21.6
2024-05-17T06:00,21.8,20,0.0,905.4,20.0
2024-05-17T07:00,23.0,19,0.0,906.4,18.4
2024-05-17T08:00,24.2,20,0.0,907.0,22.4
2024-05-17T09:00,26.0,20,0.0,907.6,21.5
2024-05-17T10:00,28.2,18,0.0,907.9,19.5
2024-05-17T11:00,30.0,17,0.0,908.1,16.1
2024-05-17T12:00,31.3,16,0.0,908.1,12.5
2024-05-17T13:00,32.2,14,0.0,907.7,10.3
2024-05-17T14:00,32.8,13,0.0,907.3,10.2
2024-05-17T15:00,33.2,12,0.0,907.0,11.8
2024-05-17T16:00,32.7,11,0.0,907.5,20.5
2024-05-17T17:00,31.9,11,0.0,907.1,21.2
2024-05-17T18:00,30.9,13,0.0,907.1,20.9
2024-05-17T19:00,29.6,14,0.0,907.2,17.7
2024-05-17T20:00,28.5,15,0.0,907.4,18.0
2024-05-17T21:00,27.2,16,0.0,907.6,18.4
2024-05-17T22:00,25.9,18,0.0,907.8,17.4
2024-05-17T23:00,24.6,19,0.0,907.4,14.7
2024-05-18T00:00,23.5,21,0.0,907.0,14.4
2024-05-18T01:00,22.7,23,0.0,906.4,15.5
2024-05-18T02:00,21.7,25,0.0,906.1,14.1
2024-05-18T03:00,20.6,27,0.0,906.0,10.5
2024-05-18T04:00,20.1,27,0.0,905.7,8.0
2024-05-18T05:00,19.2,30,0.0,905.4,6.8
2024-05-18T06:00,20.0,29,0.0,906.3,4.2
2024-05-18T07:00,21.6,26,0.0,907.4,2.6
2024-05-18T08:00,23.5,23,0.0,908.2,5.6
2024-05-18T09:00,26.0,19,0.0,908.9,8.8
2024-05-18T10:00,28.0,16,0.0,909.1,12.0
2024-05-18T11:00,29.4,14,0.0,909.1,14.3
2024-05-18T12:00,30.5,12,0.0,908.9,15.1
2024-05-18T13:00,31.4,11,0.0,908.4,12.6
2024-05-18T14:00,31.9,11,0.0,907.8,9.0
2024-05-18T15:00,32.2,11,0.0,907.0,6.2
2024-05-18T16:00,32.2,11,0.0,906.8,8.5
2024-05-18T17:00,32.0,11,0.0,906.1,7.7
2024-05-18T18:00,31.5,11,0.0,906.0,8.9
2024-05-18T19:00,30.5,12,0.0,905.8,10.2
2024-05-18T20:00,29.0,13,0.0,905.9,12.3
2024-05-18T21:00,27.5,14,0.0,906.0,11.8
2024-05-18T22:00,25.6,17,0.0,905.8,7.4
2024-05-18T23:00,26.4,15,0.0,905.9,2.6
2024-05-19T00:00,24.2,18,0.0,904.7,5.0
2024-05-19T01:00,23.0,20,0.0,903.8,6.6
2024-05-19T02:00,22.6,21,0.0,903.3,7.0
2024-05-19T03:00,21.9,21,0.0,902.8,10.9
2024-05-19T04:00,21.9,21,0.0,902.5,12.5
2024-05-19T05:00,21.2,22,0.0,902.7,13.2
2024-05-19T06:00,21.2,22,0.0,903.3,14.1
2024-05-19T07:00,23.9,19,0.0,904.3,13.3
2024-05-19T08:00,27.3,16,0.0,905.9,14.3
2024-05-19T09:00,30.0,14,0.0,906.6,16.4
2024-05-19T10:00,31.8,12,0.0,906.6,15.2
2024-05-19T11:00,33.0,11,0.0,906.4,12.4
2024-05-19T12:00,34.4,10,0.0,905.9,9.0
2024-05-19T13:00,35.7,9,0.0,905.1,9.7
2024-05-19T14:00,36.2,8,0.0,904.4,22.1
2024-05-19T15:00,35.8,8,0.0,903.7,19.3
2024-05-19T16:00,35.2,10,0.0,903.2,22.6
2024-05-19T17:00,35.0,10,0.0,902.8,12.7
2024-05-19T18:00,34.2,10,0.0,902.2,13.4
2024-05-19T19:00,32.5,11,0.0,901.8,18.4
2024-05-19T20:00,31.0,12,0.0,901.9,17.7
2024-05-19T21:00,29.6,13,0.0,902.0,13.0
2024-05-19T22:00,28.2,14,0.0,902.1,11.5
2024-05-19T23:00,26.1,18,0.0,901.3,7.6
2024-05-20T00:00,25.7,20,0.0,901.3,5.9
2024-05-20T01:00,27.1,18,0.0,901.3,1.8
2024-05-20T02:00,24.2,22,0.0,900.3,7.4
2024-05-20T03:00,23.6,24,0.0,900.1,7.7
2024-05-20T04:00,24.6,23,0.0,900.5,5.6
2024-05-20T05:00,22.9,25,0.0,899.9,10.2
2024-05-20T06:00,23.5,24,0.0,900.6,10.5
2024-05-20T07:00,26.4,19,0.0,902.0,7.9
2024-05-20T08:00,28.6,16,0.0,903.4,11.2
2024-05-20T09:00,30.4,14,0.0,904.0,13.6
2024-05-20T10:00,31.8,13,0.0,904.1,14.3
2024-05-20T11:00,33.0,12,0.0,904.0,11.9
2024-05-20T12:00,34.0,12,0.0,903.9,9.1
2024-05-20T13:00,35.1,11,0.0,903.4,9.1
2024-05-20T14:00,36.5,9,0.0,902.9,12.3
2024-05-20T15:00,37.0,9,0.0,902.5,23.6
2024-05-20T16:00,36.0,10,0.0,902.4,24.6
2024-05-20T17:00,35.5,10,0.0,902.2,22.1
2024-05-20T18:00,34.7,11,0.0,902.0,20.7
2024-05-20T19:00,33.3,12,0.0,902.1,16.9
2024-05-20T20:00,32.0,12,0.0,902.3,15.3
2024-05-20T21:00,30.7,13,0.0,902.6,15.8
2024-05-20T22:00,29.6,13,0.0,902.9,16.4
2024-05-20T23:00,28.5,13,0.0,902.7,18.7
2024-05-21T00:00,27.3,15,0.0,902.2,17.6
2024-05-21T01:00,26.4,16,0.0,901.4,14.0
2024-05-21T02:00,26.0,17,0.0,901.5,17.1
2024-05-21T03:00,25.3,19,0.0,901.5,16.6
2024-05-21T04:00,24.4,21,0.0,900.8,11.8
2024-05-21T05:00,23.8,22,0.0,900.9,12.4
2024-05-21T06:00,24.1,21,0.0,901.7,13.4
2024-05-21T07:00,26.5,18,0.0,903.3,14.6
2024-05-21T08:00,28.8,17,0.0,904.4,20.1
2024-05-21T09:00,30.3,17,0.0,904.9,23.4
2024-05-21T10:00,31.8,15,0.0,905.0,21.3
2024-05-21T11:00,33.0,14,0.0,904.9,17.3
2024-05-21T12:00,34.1,13,0.0,904.6,14.5
2024-05-21T13:00,35.2,11,0.0,904.2,17.9
2024-05-21T14:00,35.4,11,0.0,903.8,22.3
2024-05-21T15:00,35.9,11,0.0,903.3,19.2
2024-05-21T16:00,35.5,10,0.0,903.5,20.3
2024-05-21T17:00,35.3,9,0.0,902.7,19.8
2024-05-21T18:00,33.8,11,0.0,902.3,30.0
2024-05-21T19:00,32.7,11,0.0,902.2,19.1
2024-05-21T20:00,31.4,12,0.0,902.1,14.5
2024-05-21T21:00,29.6,14,0.0,901.7,9.0
2024-05-21T22:00,27.8,16,0.0,901.3,8.0
2024-05-21T23:00,26.9,16,0.0,900.7,10.6
2024-05-22T00:00,25.9,17,0.0,900.0,10.4
2024-05-22T01:00,26.9,15,0.0,900.5,17.5
2024-05-22T02:00,25.6,15,0.0,900.7,23.5
2024-05-22T03:00,25.3,16,0.0,900.8,22.8
2024-05-22T04:00,24.8,18,0.0,901.2,18.6
2024-05-22T05:00,24.5,19,0.0,901.1,21.7
2024-05-22T06:00,24.2,22,0.0,901.7,17.8
2024-05-22T07:00,25.5,22,0.0,902.8,11.4
2024-05-22T08:00,27.3,22,0.0,903.6,11.8
2024-05-22T09:00,29.1,19,0.0,904.3,15.0
2024-05-22T10:00,30.5,17,0.0,904.6,15.0
2024-05-22T11:00,31.6,15,0.0,904.7,13.8
2024-05-22T12:00,32.6,14,0.0,904.5,11.8
2024-05-22T13:00,33.7,12,0.0,903.9,11.4
2024-05-22T14:00,34.7,10,0.0,903.5,12.2
2024-05-22T15:00,35.2,9,0.0,903.0,14.0
2024-05-22T16:00,35.2,9,0.0,903.0,17.8
2024-05-22T17:00,34.6,9,0.0,902.5,17.7
2024-05-22T18:00,33.8,10,0.0,902.3,16.9
2024-05-22T19:00,32.3,11,0.0,902.4,14.7
2024-05-22T20:00,30.9,13,0.0,902.6,13.8
2024-05-22T21:00,29.5,14,0.0,902.5,10.9
2024-05-22T22:00,28.0,16,0.0,902.5,9.4
2024-05-22T23:00,26.5,18,0.0,902.0,8.9
2024-05-23T00:00,25.6,19,0.0,901.5,9.2
2024-05-23T01:00,24.6,20,0.0,901.0,8.4
2024-05-23T02:00,24.2,21,0.0,900.9,10.1
2024-05-23T03:00,24.4,20,0.0,901.4,14.6
2024-05-23T04:00,24.4,22,0.0,901.3,15.6
2024-05-23T05:00,23.9,23,0.0,901.3,13.5
2024-05-23T06:00,24.0,23,0.0,901.9,12.2
2024-05-23T07:00,26.0,20,0.0,903.1,7.3
2024-05-23T08:00,28.4,18,0.0,904.4,10.9
2024-05-23T09:00,30.2,16,0.0,905.2,14.3
2024-05-23T10:00,31.8,15,0.0,905.4,10.5
2024-05-23T11:00,33.0,13,0.0,905.4,8.9
2024-05-23T12:00,34.2,12,0.0,905.0,10.9
2024-05-23T13:00,35.2,11,0.0,904.4,17.1
2024-05-23T14:00,35.5,10,0.0,904.1,21.6
2024-05-23T15:00,35.3,10,0.0,903.7,20.9
2024-05-23T16:00,34.8,11,0.0,903.6,18.8
2024-05-23T17:00,34.4,11,0.0,902.9,17.2
2024-05-23T18:00,33.4,12,0.0,902.8,19.5
2024-05-23T19:00,32.2,12,0.0,902.7,15.9
2024-05-23T20:00,31.0,13,0.0,902.8,12.2
2024-05-23T21:00,29.5,14,0.0,902.8,9.9
2024-05-23T22:00,27.5,17,0.0,902.5,6.7
2024-05-23T23:00,26.8,18,0.0,902.4,6.9
2024-05-24T00:00,26.0,18,0.0,902.0,10.2
2024-05-24T01:00,25.5,18,0.0,901.8,11.8
2024-05-24T02:00,25.6,18,0.0,901.9,15.9
2024-05-24T03:00,25.3,19,0.0,901.9,20.4
2024-05-24T04:00,25.4,20,0.0,901.5,16.9
2024-05-24T05:00,24.5,20,0.0,901.5,13.6
2024-05-24T06:00,24.7,19,0.0,902.1,16.0
2024-05-24T07:00,26.4,17,0.0,903.2,16.5
2024-05-24T08:00,27.5,18,0.0,904.1,23.2
2024-05-24T09:00,28.9,18,0.0,904.3,21.7
2024-05-24T10:00,30.4,17,0.0,904.7,20.2
2024-05-24T11:00,31.8,15,0.0,904.7,17.6
2024-05-24T12:00,32.8,14,0.0,904.6,14.4
2024-05-24T13:00,33.6,13,0.0,904.2,11.2
2024-05-24T14:00,34.2,12,0.0,903.6,9.7
2024-05-24T15:00,35.1,11,0.0,902.9,11.8
2024-05-24T16:00,35.0,11,0.0,902.8,9.4
2024-05-24T17:00,34.7,11,0.0,902.3,18.5
2024-05-24T18:00,33.4,13,0.0,902.2,21.3
2024-05-24T19:00,32.4,14,0.0,902.1,14.2
2024-05-24T20:00,31.2,15,0.0,902.0,16.6
2024-05-24T21:00,30.4,16,0.0,901.9,16.5
2024-05-24T22:00,29.3,17,0.0,901.7,10.9
2024-05-24T23:00,27.3,19,0.0,901.0,8.4
2024-05-25T00:00,25.6,22,0.0,900.4,6.8
2024-05-25T01:00,25.0,23,0.0,899.6,8.1
2024-05-25T02:00,24.5,23,0.0,899.3,6.8
2024-05-25T03:00,23.8,24,0.0,898.9,7.7
2024-05-25T04:00,23.8,25,0.0,898.9,10.6
2024-05-25T05:00,23.6,25,0.0,899.0,13.2
2024-05-25T06:00,24.1,24,0.0,899.7,14.8
2024-05-25T07:00,24.4,17,0.0,901.3,18.1
2024-05-25T08:00,25.5,14,0.0,902.3,19.8
2024-05-25T09:00,27.0,14,0.0,902.7,23.8
2024-05-25T10:00,28.6,14,0.0,902.8,21.3
2024-05-25T11:00,30.2,14,0.0,902.7,20.9
2024-05-25T12:00,31.8,14,0.0,902.6,18.1
2024-05-25T13:00,32.9,13,0.0,902.2,13.0
2024-05-25T14:00,33.5,13,0.0,901.9,8.6
2024-05-25T15:00,34.0,12,0.0,901.4,9.2
2024-05-25T16:00,33.3,13,0.0,901.6,8.8
2024-05-25T17:00,33.2,13,0.0,901.3,9.8
2024-05-25T18:00,32.6,13,0.0,901.2,17.1
2024-05-25T19:00,31.0,15,0.0,901.2,21.9
2024-05-25T20:00,29.8,15,0.0,901.4,22.8
2024-05-25T21:00,28.6,14,0.0,901.9,19.7
2024-05-25T22:00,27.3,14,0.0,902.3,19.3
2024-05-25T23:00,25.9,13,0.0,902.1,16.9
2024-05-26T00:00,24.8,13,0.0,901.5,14.2
2024-05-26T01:00,24.0,14,0.0,901.1,14.3
2024-05-26T02:00,23.0,14,0.0,901.3,13.4
2024-05-26T03:00,21.5,16,0.0,901.2,10.6
2024-05-26T04:00,21.0,19,0.0,901.6,11.2
2024-05-26T05:00,20.0,21,0.0,901.5,8.7
2024-05-26T06:00,20.0,21,0.0,902.1,8.0
2024-05-26T07:00,22.0,19,0.0,903.4,6.6
2024-05-26T08:00,24.1,17,0.0,904.3,8.0
2024-05-26T09:00,26.2,16,0.0,905.0,13.9
2024-05-26T10:00,28.1,15,0.0,905.3,16.9
2024-05-26T11:00,29.8,13,0.0,905.3,16.9
2024-05-26T12:00,31.4,12,0.0,905.2,16.0
2024-05-26T13:00,32.7,11,0.0,905.0,15.8
2024-05-26T14:00,33.5,11,0.0,904.6,15.7
2024-05-26T15:00,34.0,11,0.0,904.3,14.1
2024-05-26T16:00,33.4,12,0.0,904.2,10.2
2024-05-26T17:00,33.2,12,0.0,904.0,9.8
2024-05-26T18:00,32.7,12,0.0,903.8,10.0
2024-05-26T19:00,31.5,13,0.0,903.6,13.8
2024-05-26T20:00,30.1,15,0.0,903.7,16.6
2024-05-26T21:00,28.7,16,0.0,903.6,15.5
2024-05-26T22:00,27.4,17,0.0,903.9,13.2
2024-05-26T23:00,26.0,18,0.0,903.5,10.5
2024-05-27T00:00,25.0,20,0.0,902.9,10.0
2024-05-27T01:00,23.8,21,0.0,902.5,8.7
2024-05-27T02:00,22.7,23,0.0,902.0,6.4
2024-05-27T03:00,22.0,24,0.0,901.9,8.4
2024-05-27T04:00,22.8,24,0.0,902.4,12.3
2024-05-27T05:00,21.8,26,0.0,902.3,10.3
2024-05-27T06:00,22.1,26,0.0,902.8,9.0
2024-05-27T07:00,24.3,22,0.0,904.0,6.5
2024-05-27T08:00,26.3,20,0.0,905.0,7.4
2024-05-27T09:00,28.9,17,0.0,905.6,14.5
2024-05-27T10:00,31.1,14,0.0,906.0,20.4
2024-05-27T11:00,32.7,13,0.0,906.0,21.0
2024-05-27T12:00,34.2,11,0.0,905.9,20.5
2024-05-27T13:00,35.3,11,0.0,905.5,19.9
2024-05-27T14:00,36.1,10,0.0,905.1,17.9
2024-05-27T15:00,36.5,10,0.0,904.6,14.9
2024-05-27T16:00,36.1,10,0.0,904.4,9.4
2024-05-27T17:00,36.2,10,0.0,904.2,10.3
2024-05-27T18:00,36.3,9,0.0,903.6,16.5
2024-05-27T19:00,34.8,10,0.0,903.5,14.9
2024-05-27T20:00,32.7,12,0.0,903.4,14.1
2024-05-27T21:00,31.6,13,0.0,903.7,20.3
2024-05-27T22:00,30.4,14,0.0,903.7,17.2
2024-05-27T23:00,28.9,15,0.0,903.6,13.7
2024-05-28T00:00,27.5,17,0.0,903.2,10.4
2024-05-28T01:00,26.3,18,0.0,903.2,10.0
2024-05-28T02:00,24.8,20,0.0,902.7,8.2
2024-05-28T03:00,23.9,21,0.0,902.5,6.6
2024-05-28T04:00,24.0,21,0.0,902.5,10.0
2024-05-28T05:00,23.0,22,0.0,902.6,10.0
2024-05-28T06:00,23.0,21,0.0,903.2,8.6
2024-05-28T07:00,25.3,18,0.0,904.2,7.2
2024-05-28T08:00,28.0,15,0.0,905.3,12.5
2024-05-28T09:00,30.9,13,0.0,906.0,22.3
2024-05-28T10:00,33.2,11,0.0,906.4,31.0
2024-05-28T11:00,34.8,10,0.0,906.0,31.1
2024-05-28T12:00,36.2,9,0.0,905.6,29.8
2024-05-28T13:00,37.3,9,0.0,905.3,28.8
2024-05-28T14:00,38.1,8,0.0,904.7,26.3
2024-05-28T15:00,38.5,7,0.0,904.1,22.5
2024-05-28T16:00,38.7,7,0.0,903.5,15.6
2024-05-28T17:00,38.7,7,0.0,903.0,12.1
2024-05-28T18:00,38.2,6,0.0,902.2,10.9
2024-05-28T19:00,35.8,8,0.0,901.9,14.4
2024-05-28T20:00,33.7,11,0.0,902.0,21.5
2024-05-28T21:00,32.5,12,0.0,902.2,27.4
2024-05-28T22:00,31.7,13,0.0,902.5,27.5
2024-05-28T23:00,30.6,14,0.0,902.6,19.9
2024-05-29T00:00,28.5,16,0.0,902.3,8.9
2024-05-29T01:00,28.1,17,0.0,902.2,5.4
2024-05-29T02:00,25.8,20,0.0,901.4,7.6
2024-05-29T03:00,25.0,20,0.0,901.4,7.4
2024-05-29T04:00,24.5,22,0.0,900.8,7.6
2024-05-29T05:00,23.5,23,0.0,900.7,8.0
2024-05-29T06:00,24.1,22,0.0,901.3,8.4
2024-05-29T07:00,27.2,18,0.0,902.5,8.1
2024-05-29T08:00,29.7,14,0.0,903.3,8.7
2024-05-29T09:00,32.2,12,0.0,903.7,14.1
2024-05-29T10:00,34.5,10,0.0,903.7,18.4
2024-05-29T11:00,36.9,9,0.0,903.5,18.4
2024-05-29T12:00,38.2,7,0.0,903.3,14.2
2024-05-29T13:00,39.2,6,0.0,903.0,14.2
2024-05-29T14:00,39.9,5,0.0,902.3,13.3
2024-05-29T15:00,40.2,5,0.0,901.9,16.2
2024-05-29T16:00,39.5,5,0.0,901.9,19.6
2024-05-29T17:00,38.5,6,0.0,901.7,21.5
2024-05-29T18:00,37.7,7,0.0,901.6,17.4
2024-05-29T19:00,36.0,8,0.0,901.5,13.6
2024-05-29T20:00,34.1,9,0.0,901.2,10.3
2024-05-29T21:00,32.8,10,0.0,901.0,11.5
2024-05-29T22:00,31.2,12,0.0,900.7,9.6
2024-05-29T23:00,29.6,14,0.0,900.4,8.6
2024-05-30T00:00,29.0,14,0.0,900.0,10.0
2024-05-30T01:00,28.4,14,0.0,899.8,11.6
2024-05-30T02:00,28.8,14,0.0,900.4,18.9
2024-05-30T03:00,28.5,15,0.0,900.6,17.3
2024-05-30T04:00,27.1,16,0.0,900.1,11.8
2024-05-30T05:00,28.8,14,0.0,901.4,2.9
2024-05-30T06:00,27.8,15,0.0,901.6,4.5
2024-05-30T07:00,28.2,15,0.0,902.0,4.8
2024-05-30T08:00,30.4,11,0.0,902.9,9.4
2024-05-30T09:00,32.7,10,0.0,903.3,12.5
2024-05-30T10:00,34.7,10,0.0,903.5,11.3
2024-05-30T11:00,36.1,10,0.0,903.6,10.5
2024-05-30T12:00,37.1,9,0.0,903.5,11.2
2024-05-30T13:00,38.0,9,0.0,903.3,12.7
2024-05-30T14:00,38.8,8,0.0,903.2,13.7
2024-05-30T15:00,39.1,7,0.0,902.9,14.6
2024-05-30T16:00,38.5,9,0.0,902.8,10.4
2024-05-30T17:00,38.5,8,0.0,902.3,11.0
2024-05-30T18:00,37.2,9,0.0,902.5,17.5
2024-05-30T19:00,34.6,11,0.0,902.6,23.8
2024-05-30T20:00,33.5,11,0.0,902.8,14.7
2024-05-30T21:00,32.1,11,0.0,902.9,14.8
2024-05-30T22:00,30.6,11,0.0,903.0,15.3
2024-05-30T23:00,29.5,12,0.0,902.7,17.2
2024-05-31T00:00,28.8,13,0.0,902.3,16.9
2024-05-31T01:00,27.9,13,0.0,902.1,14.0
2024-05-31T02:00,27.2,13,0.0,902.1,14.7
2024-05-31T03:00,26.5,14,0.0,902.4,16.7
2024-05-31T04:00,25.5,18,0.0,902.9,14.3
2024-05-31T05:00,24.5,19,0.0,903.0,13.1
2024-05-31T06:00,24.3,20,0.0,903.8,12.7
2024-05-31T07:00,26.2,17,0.0,904.4,12.4
2024-05-31T08:00,28.8,14,0.0,905.6,16.3
2024-05-31T09:00,30.8,11,0.0,906.0,19.6
2024-05-31T10:00,32.8,10,0.0,906.5,20.5
2024-05-31T11:00,34.6,9,0.0,906.5,20.1
2024-05-31T12:00,36.0,8,0.0,906.2,18.5
2024-05-31T13:00,37.2,8,0.0,905.7,16.4
2024-05-31T14:00,37.9,8,0.0,905.2,13.5
2024-05-31T15:00,38.2,8,0.0,905.0,9.7
2024-05-31T16:00,37.9,8,0.0,905.2,9.4
2024-05-31T17:00,37.8,8,0.0,904.9,10.0
2024-05-31T18:00,37.3,9,0.0,904.9,15.1
2024-05-31T19:00,35.7,10,0.0,904.6,20.7
2024-05-31T20:00,33.8,12,0.0,904.6,22.1
2024-05-31T21:00,32.3,13,0.0,905.0,19.4
2024-05-31T22:00,31.0,15,0.0,905.2,16.5
2024-05-31T23:00,29.7,17,0.0,905.0,13.5
2024-06-01T00:00,28.6,18,0.0,904.6,14.4
2024-06-01T01:00,27.6,20,0.0,904.1,14.8
2024-06-01T02:00,26.8,21,0.0,903.8,14.1
2024-06-01T03:00,26.0,22,0.0,904.1,15.6
2024-06-01T04:00,25.5,20,0.0,904.9,17.4
2024-06-01T05:00,24.7,19,0.0,904.7,19.4
2024-06-01T06:00,24.5,19,0.0,905.1,19.0
2024-06-01T07:00,26.0,17,0.0,906.1,16.1
2024-06-01T08:00,27.8,16,0.0,906.7,19.2
2024-06-01T09:00,29.5,15,0.0,907.1,21.4
2024-06-01T10:00,31.2,14,0.0,907.3,21.0
2024-06-01T11:00,33.0,14,0.0,907.3,20.5
2024-06-01T12:00,34.8,13,0.0,907.3,20.4
2024-06-01T13:00,36.2,12,0.0,907.0,20.8
2024-06-01T14:00,36.9,12,0.0,906.7,20.5
2024-06-01T15:00,37.2,11,0.0,906.1,19.0
2024-06-01T16:00,36.8,11,0.0,906.3,19.3
2024-06-01T17:00,36.2,12,0.0,906.1,19.9
2024-06-01T18:00,35.4,12,0.0,906.0,20.4
2024-06-01T19:00,34.0,13,0.0,905.9,18.9
2024-06-01T20:00,32.7,14,0.0,905.8,18.8
2024-06-01T21:00,31.5,15,0.0,906.0,17.6
2024-06-01T22:00,30.2,16,0.0,905.9,15.9
2024-06-01T23:00,29.1,17,0.0,905.2,17.0
2024-06-02T00:00,28.0,18,0.0,904.5,16.4
2024-06-02T01:00,26.9,20,0.0,904.2,14.5
2024-06-02T02:00,25.8,22,0.0,903.7,12.0
2024-06-02T03:00,24.8,23,0.0,903.6,11.1
2024-06-02T04:00,24.6,24,0.0,904.1,11.6
2024-06-02T05:00,23.8,26,0.0,904.1,10.8
2024-06-02T06:00,23.9,26,0.0,904.6,10.4
2024-06-02T07:00,25.4,24,0.0,905.5,6.1
2024-06-02T08:00,27.5,21,0.0,906.3,10.8
2024-06-02T09:00,29.8,17,0.0,906.8,16.6
2024-06-02T10:00,31.9,14,0.0,907.0,20.4
2024-06-02T11:00,33.5,13,0.0,906.9,20.4
2024-06-02T12:00,35.1,12,0.0,906.8,18.7
2024-06-02T13:00,36.5,11,0.0,906.3,16.2
2024-06-02T14:00,37.5,10,0.0,905.9,13.7
2024-06-02T15:00,38.0,9,0.0,905.5,10.1
2024-06-02T16:00,38.0,10,0.0,905.5,9.4
2024-06-02T17:00,38.0,9,0.0,905.1,11.9
2024-06-02T18:00,37.2,10,0.0,904.8,18.2
2024-06-02T19:00,35.4,11,0.0,904.1,24.6
2024-06-02T20:00,33.8,12,0.0,904.3,24.6
2024-06-02T21:00,32.5,13,0.0,904.4,22.7
2024-06-02T22:00,31.1,14,0.0,904.2,19.9
2024-06-02T23:00,29.9,15,0.0,903.9,15.5
2024-06-03T00:00,28.5,17,0.0,903.5,10.9
2024-06-03T01:00,27.0,18,0.0,902.6,8.7
2024-06-03T02:00,25.7,20,0.0,902.2,7.3
2024-06-03T03:00,27.1,18,0.0,902.9,1.8
2024-06-03T04:00,24.5,23,0.0,902.2,6.9
2024-06-03T05:00,24.6,22,0.0,902.7,5.1
2024-06-03T06:00,25.5,21,0.0,903.6,3.4
2024-06-03T07:00,26.8,19,0.0,904.3,3.3
2024-06-03T08:00,29.6,16,0.0,905.5,7.3
2024-06-03T09:00,32.5,13,0.0,905.9,13.8
2024-06-03T10:00,34.8,12,0.0,906.1,15.5
2024-06-03T11:00,36.7,10,0.0,906.1,16.8
2024-06-03T12:00,38.5,9,0.0,905.6,16.3
2024-06-03T13:00,40.1,8,0.0,905.0,12.6
2024-06-03T14:00,41.3,6,0.0,904.0,12.3
2024-06-03T15:00,42.8,5,0.0,903.4,23.8
2024-06-03T16:00,41.7,6,0.0,903.3,29.8
2024-06-03T17:00,41.1,5,0.0,903.1,19.4
2024-06-03T18:00,40.0,6,0.0,902.9,22.4
2024-06-03T19:00,38.2,7,0.0,902.5,10.2
2024-06-03T20:00,35.7,11,0.0,902.3,28.0
2024-06-03T21:00,34.8,12,0.0,902.7,24.7
2024-06-03T22:00,33.3,13,0.0,903.1,23.6
2024-06-03T23:00,32.0,14,0.0,902.9,13.3
2024-06-04T00:00,31.0,15,0.0,902.4,15.0
2024-06-04T01:00,30.5,15,0.0,902.0,14.8
2024-06-04T02:00,29.4,16,0.0,901.4,12.7
2024-06-04T03:00,28.1,17,0.0,900.7,11.2
2024-06-04T04:00,28.3,18,0.0,901.5,5.2
2024-06-04T05:00,26.3,20,0.0,901.1,6.4
2024-06-04T06:00,26.6,19,0.0,901.3,11.4
2024-06-04T07:00,28.6,17,0.0,902.4,5.2
2024-06-04T08:00,30.4,15,0.0,903.6,3.8
2024-06-04T09:00,32.5,13,0.0,904.2,8.1
2024-06-04T10:00,35.0,11,0.0,904.5,11.7
2024-06-04T11:00,37.1,10,0.0,904.4,9.7
2024-06-04T12:00,38.6,9,0.0,904.2,8.5
2024-06-04T13:00,39.9,8,0.0,904.0,9.4
2024-06-04T14:00,40.5,7,0.0,903.5,9.7
2024-06-04T15:00,40.8,7,0.0,902.9,16.6
2024-06-04T16:00,41.2,7,0.0,902.9,20.2
2024-06-04T17:00,40.8,7,0.0,902.5,23.9
2024-06-04T18:00,39.7,7,0.0,902.3,21.1
2024-06-04T19:00,38.3,8,0.0,902.1,19.4
2024-06-04T20:00,36.5,9,0.0,902.1,15.9
2024-06-04T21:00,34.5,10,0.0,902.3,10.5
2024-06-04T22:00,32.4,13,0.0,902.1,6.6
2024-06-04T23:00,33.9,11,0.0,902.6,1.0
2024-06-05T00:00,30.0,14,0.0,901.1,8.8
2024-06-05T01:00,29.6,15,0.0,900.6,7.4
2024-06-05T02:00,29.0,15,0.0,900.6,7.1
2024-06-05T03:00,28.4,15,0.0,900.3,7.4
2024-06-05T04:00,29.5,14,0.0,900.7,5.7
2024-06-05T05:00,26.5,17,0.0,900.1,10.3
2024-06-05T06:00,27.6,15,0.0,900.7,12.3
2024-06-05T07:00,30.2,13,0.0,902.1,12.2
2024-06-05T08:00,33.2,11,0.0,903.1,11.2
2024-06-05T09:00,35.7,10,0.0,903.6,15.6
2024-06-05T10:00,38.3,8,0.0,904.1,16.9
2024-06-05T11:00,40.0,7,0.0,903.9,11.2
2024-06-05T12:00,40.5,7,0.0,903.6,4.4
2024-06-05T13:00,41.0,7,0.0,903.2,6.4
2024-06-05T14:00,41.8,6,0.0,902.6,17.0
2024-06-05T15:00,42.5,5,0.0,901.6,15.1
2024-06-05T16:00,42.0,5,0.0,901.6,14.2
2024-06-05T17:00,41.8,5,0.0,900.9,3.3
2024-06-05T18:00,41.2,6,0.0,900.8,14.1
2024-06-05T19:00,39.8,7,0.0,900.8,12.2
2024-06-05T20:00,37.2,8,0.0,900.6,8.9
2024-06-05T21:00,36.6,8,0.0,901.3,12.7
2024-06-05T22:00,34.5,9,0.0,901.1,13.2
2024-06-05T23:00,32.3,11,0.0,900.9,8.8
2024-06-06T00:00,31.2,12,0.0,900.3,7.4
2024-06-06T01:00,32.0,12,0.0,900.1,5.9
2024-06-06T02:00,32.2,11,0.0,899.9,5.5
2024-06-06T03:00,29.4,14,0.0,899.0,12.0
2024-06-06T04:00,31.0,12,0.0,900.0,4.0
2024-06-06T05:00,28.5,14,0.0,899.4,11.5
2024-06-06T06:00,28.5,14,0.0,899.5,10.0
2024-06-06T07:00,32.2,12,0.0,901.0,6.7
2024-06-06T08:00,35.1,10,0.0,902.1,4.7
2024-06-06T09:00,37.1,9,0.0,902.9,7.1
2024-06-06T10:00,38.8,8,0.0,903.5,11.5
2024-06-06T11:00,40.4,7,0.0,903.7,14.3
2024-06-06T12:00,41.1,7,0.0,903.6,11.8
2024-06-06T13:00,41.3,7,0.0,903.1,8.6
2024-06-06T14:00,41.5,7,0.0,902.7,7.2
2024-06-06T15:00,41.8,6,0.0,902.2,6.2
2024-06-06T16:00,41.7,6,0.0,902.2,22.1
2024-06-06T17:00,41.4,6,0.0,901.9,19.0
2024-06-06T18:00,40.3,7,0.0,901.8,23.5
2024-06-06T19:00,38.8,8,0.0,901.8,17.6
2024-06-06T20:00,37.0,9,0.0,901.6,11.2
2024-06-06T21:00,35.2,10,0.0,901.8,11.0
2024-06-06T22:00,33.0,12,0.0,901.3,8.0
2024-06-06T23:00,32.0,12,0.0,901.1,9.8
2024-06-07T00:00,32.5,11,0.0,901.2,16.4
2024-06-07T01:00,31.9,12,0.0,900.7,18.8
2024-06-07T02:00,31.4,12,0.0,900.7,18.9
2024-06-07T03:00,30.0,13,0.0,900.1,15.0
2024-06-07T04:00,29.7,14,0.0,900.3,14.3
2024-06-07T05:00,28.1,16,0.0,899.7,10.3
2024-06-07T06:00,29.5,15,0.0,900.3,5.9
2024-06-07T07:00,32.1,12,0.0,901.4,4.8
2024-06-07T08:00,33.9,11,0.0,902.7,14.3
2024-06-07T09:00,35.8,10,0.0,903.2,11.9
2024-06-07T10:00,37.8,9,0.0,903.4,9.4
2024-06-07T11:00,39.2,8,0.0,903.7,11.5
2024-06-07T12:00,40.5,7,0.0,903.4,14.1
2024-06-07T13:00,41.4,6,0.0,903.2,18.8
2024-06-07T14:00,41.7,6,0.0,902.6,22.7
2024-06-07T15:00,41.5,6,0.0,902.1,23.9
2024-06-07T16:00,40.8,6,0.0,902.0,21.6
2024-06-07T17:00,40.0,6,0.0,901.5,23.2
2024-06-07T18:00,39.0,6,0.0,901.4,22.7
2024-06-07T19:00,37.7,6,0.0,901.1,17.4
2024-06-07T20:00,35.8,7,0.0,901.0,14.2
2024-06-07T21:00,33.5,9,0.0,900.8,8.3
2024-06-07T22:00,32.0,10,0.0,900.7,8.8
2024-06-07T23:00,30.8,11,0.0,900.3,7.6
2024-06-08T00:00,32.0,10,0.0,900.2,5.4
2024-06-08T01:00,31.9,10,0.0,899.7,5.1
2024-06-08T02:00,29.6,11,0.0,898.7,7.1
2024-06-08T03:00,27.7,13,0.0,897.9,9.9
2024-06-08T04:00,27.8,13,0.0,898.7,7.8
2024-06-08T05:00,27.0,13,0.0,898.5,7.3
2024-06-08T06:00,28.4,12,0.0,899.2,5.5
2024-06-08T07:00,30.2,11,0.0,900.2,8.7
2024-06-08T08:00,32.8,9,0.0,901.2,10.7
2024-06-08T09:00,35.4,8,0.0,901.9,15.8
2024-06-08T10:00,37.8,7,0.0,901.8,15.4
2024-06-08T11:00,39.2,6,0.0,902.0,12.8
2024-06-08T12:00,40.2,6,0.0,901.7,12.4
2024-06-08T13:00,41.8,6,0.0,901.0,18.0
2024-06-08T14:00,42.2,5,0.0,899.9,14.8
2024-06-08T15:00,41.8,5,0.0,899.5,25.8
2024-06-08T16:00,41.0,6,0.0,899.3,24.2
2024-06-08T17:00,40.5,6,0.0,898.9,23.5
2024-06-08T18:00,40.0,6,0.0,898.9,21.1
2024-06-08T19:00,38.5,7,0.0,899.0,18.1
2024-06-08T20:00,37.0,8,0.0,899.1,18.1
2024-06-08T21:00,35.3,9,0.0,899.3,16.5
2024-06-08T22:00,34.0,10,0.0,899.4,14.4
2024-06-08T23:00,32.4,11,0.0,898.9,10.8
2024-06-09T00:00,31.0,12,0.0,898.1,9.8
2024-06-09T01:00,30.0,13,0.0,897.5,9.1
2024-06-09T02:00,29.8,14,0.0,897.4,8.3
2024-06-09T03:00,28.4,15,0.0,897.2,9.4
2024-06-09T04:00,27.9,15,0.0,897.5,11.9
2024-06-09T05:00,27.6,15,0.0,897.8,12.9
2024-06-09T06:00,29.4,14,0.0,898.5,12.6
2024-06-09T07:00,31.5,12,0.0,899.2,9.8
2024-06-09T08:00,34.7,11,0.0,900.3,7.8
2024-06-09T09:00,37.0,11,0.0,901.0,14.4
2024-06-09T10:00,38.0,11,0.0,901.2,11.1
2024-06-09T11:00,39.3,9,0.0,901.1,11.8
2024-06-09T12:00,40.2,9,0.0,901.0,21.0
2024-06-09T13:00,40.8,8,0.0,900.7,20.7
2024-06-09T14:00,41.5,8,0.0,900.4,19.3
2024-06-09T15:00,41.3,7,0.0,899.9,21.6
2024-06-09T16:00,39.8,8,0.0,899.7,25.4
2024-06-09T17:00,39.6,7,0.0,899.6,22.1
2024-06-09T18:00,39.7,7,0.0,899.4,18.9
2024-06-09T19:00,38.0,8,0.0,899.6,23.5
2024-06-09T20:00,36.2,9,0.0,899.5,15.9
2024-06-09T21:00,34.0,11,0.0,899.5,5.1
2024-06-09T22:00,32.3,12,0.0,899.1,8.0
2024-06-09T23:00,31.4,12,0.0,899.1,11.6
2024-06-10T00:00,30.6,13,0.0,898.9,12.1
2024-06-10T01:00,31.1,11,0.0,899.2,15.1
2024-06-10T02:00,29.9,13,0.0,899.1,12.8
2024-06-10T03:00,29.1,14,0.0,899.1,11.6
2024-06-10T04:00,27.7,22,0.0,898.2,10.0
2024-06-10T05:00,27.6,19,0.0,898.1,12.1
2024-06-10T06:00,28.9,15,0.0,899.2,15.5
2024-06-10T07:00,30.7,12,0.0,900.4,15.1
2024-06-10T08:00,32.6,10,0.0,901.1,16.8
2024-06-10T09:00,34.6,8,0.0,901.4,18.6
2024-06-10T10:00,35.8,7,0.0,902.0,19.1
2024-06-10T11:00,37.0,7,0.0,902.3,19.4
2024-06-10T12:00,38.0,7,0.0,902.3,20.2
2024-06-10T13:00,38.8,7,0.0,902.1,22.0
2024-06-10T14:00,39.2,7,0.0,902.0,24.1
2024-06-10T15:00,39.2,8,0.0,901.6,24.1
2024-06-10T16:00,38.4,6,0.0,901.6,23.1
2024-06-10T17:00,37.3,8,0.0,901.4,21.4
2024-06-10T18:00,36.6,8,0.0,901.6,17.6
2024-06-10T19:00,35.3,8,0.0,901.7,15.0
2024-06-10T20:00,33.6,8,0.0,901.7,15.3
2024-06-10T21:00,32.2,9,0.0,901.7,15.6
2024-06-10T22:00,30.9,10,0.0,901.6,14.1
2024-06-10T23:00,30.0,11,0.0,901.3,13.8
2024-06-11T00:00,28.8,12,0.0,900.9,13.2
2024-06-11T01:00,27.8,12,0.0,900.6,15.5
2024-06-11T02:00,26.8,13,0.0,900.0,15.5
2024-06-11T03:00,25.9,15,0.0,899.8,11.6
2024-06-11T04:00,25.6,17,0.0,900.2,10.8
2024-06-11T05:00,25.0,19,0.0,900.5,10.5
2024-06-11T06:00,24.9,20,0.0,901.0,8.0
2024-06-11T07:00,27.5,18,0.0,902.3,6.0
2024-06-11T08:00,29.5,17,0.0,903.0,9.1
2024-06-11T09:00,31.1,16,0.0,903.4,10.8
2024-06-11T10:00,32.8,15,0.0,903.9,10.8
2024-06-11T11:00,34.2,12,0.0,904.0,11.9
2024-06-11T12:00,35.3,11,0.0,903.9,11.4
2024-06-11T13:00,36.2,10,0.0,903.7,10.0
2024-06-11T14:00,36.6,10,0.0,903.5,10.7
2024-06-11T15:00,36.9,10,0.0,903.1,13.0
2024-06-11T16:00,37.3,9,0.0,902.9,10.8
2024-06-11T17:00,37.5,9,0.0,902.5,16.6
2024-06-11T18:00,36.6,9,0.0,901.9,23.1
2024-06-11T19:00,35.4,10,0.0,902.0,18.9
2024-06-11T20:00,33.8,11,0.0,901.8,19.1
2024-06-11T21:00,32.3,12,0.0,902.1,16.2
2024-06-11T22:00,30.9,13,0.0,902.3,13.7
2024-06-11T23:00,29.7,14,0.0,902.0,12.1
2024-06-12T00:00,28.7,15,0.0,901.6,11.8
2024-06-12T01:00,28.0,15,0.0,901.5,13.5
2024-06-12T02:00,26.9,17,0.0,901.1,11.4
2024-06-12T03:00,25.9,18,0.0,901.3,9.7
2024-06-12T04:00,25.9,21,0.0,901.4,10.6
2024-06-12T05:00,25.1,23,0.0,901.5,10.0
2024-06-12T06:00,25.4,22,0.0,902.2,9.7
2024-06-12T07:00,28.0,18,0.0,903.4,8.6
2024-06-12T08:00,30.4,15,0.0,904.3,8.5
2024-06-12T09:00,32.6,13,0.0,904.7,11.0
2024-06-12T10:00,34.4,11,0.0,905.1,15.3
2024-06-12T11:00,35.8,10,0.0,905.1,15.9
2024-06-12T12:00,36.7,10,0.0,904.8,13.8
2024-06-12T13:00,37.3,9,0.0,904.5,11.0
2024-06-12T14:00,37.8,9,0.0,904.0,9.0
2024-06-12T15:00,38.0,8,0.0,903.6,8.0
2024-06-12T16:00,38.3,8,0.0,903.6,12.7
2024-06-12T17:00,38.0,8,0.0,903.2,9.0
2024-06-12T18:00,37.5,8,0.0,903.1,9.2
2024-06-12T19:00,36.2,8,0.0,903.0,13.5
2024-06-12T20:00,34.4,9,0.0,902.7,18.0
2024-06-12T21:00,33.1,10,0.0,902.7,19.1
2024-06-12T22:00,31.6,10,0.0,902.9,18.1
2024-06-12T23:00,30.5,10,0.0,902.8,17.0
2024-06-13T00:00,29.3,11,0.0,902.4,15.8
2024-06-13T01:00,28.4,12,0.0,902.2,16.7
2024-06-13T02:00,27.2,13,0.0,902.2,12.3
2024-06-13T03:00,25.8,15,0.0,902.0,9.7
2024-06-13T04:00,26.0,19,0.0,902.0,11.4
2024-06-13T05:00,25.2,21,0.0,902.2,10.9
2024-06-13T06:00,25.9,20,0.0,903.0,11.2
2024-06-13T07:00,28.2,16,0.0,904.2,8.8
2024-06-13T08:00,30.5,13,0.0,905.2,6.5
2024-06-13T09:00,32.2,12,0.0,905.5,5.1
2024-06-13T10:00,34.4,11,0.0,905.6,7.0
2024-06-13T11:00,36.0,9,0.0,905.6,9.7
2024-06-13T12:00,37.3,8,0.0,905.4,11.9
2024-06-13T13:00,38.3,7,0.0,904.9,15.1
2024-06-13T14:00,39.2,7,0.0,904.2,22.3
2024-06-13T15:00,39.0,6,0.0,903.6,26.9
2024-06-13T16:00,38.6,6,0.0,903.6,25.9
2024-06-13T17:00,38.0,6,0.0,903.0,24.0
2024-06-13T18:00,37.0,6,0.0,902.8,24.2
2024-06-13T19:00,35.5,6,0.0,902.7,21.7
2024-06-13T20:00,33.8,7,0.0,902.7,17.2
2024-06-13T21:00,32.2,8,0.0,902.7,14.2
2024-06-13T22:00,31.0,10,0.0,902.4,13.0
2024-06-13T23:00,30.2,12,0.0,902.0,13.5
2024-06-14T00:00,29.7,12,0.0,901.8,15.0
2024-06-14T01:00,28.4,13,0.0,901.0,12.8
2024-06-14T02:00,27.6,13,0.0,900.4,12.6
2024-06-14T03:00,27.0,14,0.0,899.9,12.1
2024-06-14T04:00,26.6,14,0.0,899.7,10.8
2024-06-14T05:00,27.5,14,0.0,900.5,16.3
2024-06-14T06:00,28.0,15,0.0,901.1,16.8
2024-06-14T07:00,30.0,14,0.0,902.1,13.5
2024-06-14T08:00,32.5,13,0.0,903.1,14.8
2024-06-14T09:00,34.0,13,0.0,903.4,18.3
2024-06-14T10:00,35.4,11,0.0,903.5,20.5
2024-06-14T11:00,36.5,10,0.0,903.5,21.6
2024-06-14T12:00,37.4,10,0.0,903.5,22.5
2024-06-14T13:00,38.1,10,0.0,902.9,24.2
2024-06-14T14:00,38.2,10,0.0,902.4,27.7
2024-06-14T15:00,38.4,10,0.0,901.9,25.8
2024-06-14T16:00,37.7,10,0.0,902.0,23.6
2024-06-14T17:00,37.5,10,0.0,901.4,25.2
2024-06-14T18:00,36.5,11,0.0,901.1,25.4
2024-06-14T19:00,35.6,12,0.0,901.1,18.2
2024-06-14T20:00,34.5,13,0.0,901.0,17.3
2024-06-14T21:00,33.2,14,0.0,901.0,15.8
2024-06-14T22:00,32.2,16,0.0,900.7,14.5
2024-06-14T23:00,31.6,16,0.0,900.1,15.3
2024-06-15T00:00,31.0,17,0.0,899.7,16.1
2024-06-15T01:00,30.7,17,0.0,899.3,18.9
2024-06-15T02:00,30.1,17,0.0,898.8,20.4
2024-06-15T03:00,29.7,18,0.0,898.7,20.0
2024-06-15T04:00,29.0,19,0.0,898.8,18.1
2024-06-15T05:00,27.6,20,0.0,898.7,14.5
2024-06-15T06:00,27.7,20,0.0,899.1,12.5
2024-06-15T07:00,30.0,18,0.0,900.3,10.0
2024-06-15T08:00,32.1,15,0.0,901.1,12.1
2024-06-15T09:00,33.8,13,0.0,901.5,15.9
2024-06-15T10:00,35.2,11,0.0,901.8,19.1
2024-06-15T11:00,36.3,11,0.0,901.9,21.3
2024-06-15T12:00,37.5,10,0.0,901.8,23.7
2024-06-15T13:00,38.3,9,0.0,901.4,26.3
2024-06-15T14:00,38.7,9,0.0,900.8,27.3
2024-06-15T15:00,38.8,8,0.0,900.4,26.3
2024-06-15T16:00,38.2,9,0.0,900.3,24.9
2024-06-15T17:00,37.8,10,0.0,899.8,24.1
2024-06-15T18:00,36.8,11,0.0,899.8,24.1
2024-06-15T19:00,35.8,11,0.0,900.0,16.2
2024-06-15T20:00,34.2,13,0.0,899.8,10.2
2024-06-15T21:00,32.8,14,0.0,900.0,10.3
2024-06-15T22:00,31.3,16,0.0,900.1,9.0
2024-06-15T23:00,30.1,18,0.0,899.7,8.2
2024-06-16T00:00,31.6,17,0.0,900.0,5.7
2024-06-16T01:00,32.5,15,0.0,900.1,3.6
2024-06-16T02:00,30.8,17,0.0,899.4,5.2
2024-06-16T03:00,27.4,21,0.0,898.5,11.1
2024-06-16T04:00,27.2,23,0.0,898.4,9.7
2024-06-16T05:00,26.7,23,0.0,898.5,10.1
2024-06-16T06:00,27.1,23,0.0,899.1,8.7
2024-06-16T07:00,30.7,18,0.0,900.9,3.4
2024-06-16T08:00,33.0,15,0.0,902.4,6.4
2024-06-16T09:00,35.3,11,0.0,902.9,7.2
2024-06-16T10:00,37.2,10,0.0,903.2,9.1
2024-06-16T11:00,38.2,9,0.0,903.4,9.2
2024-06-16T12:00,39.2,9,0.0,903.5,11.8
2024-06-16T13:00,39.7,9,0.0,902.9,13.6
2024-06-16T14:00,40.0,8,0.0,902.5,16.2
2024-06-16T15:00,40.0,8,0.0,902.1,19.8
2024-06-16T16:00,39.9,7,0.0,901.9,12.3
2024-06-16T17:00,39.5,7,0.0,901.5,23.6
2024-06-16T18:00,38.3,8,0.0,901.7,28.9
2024-06-16T19:00,37.3,8,0.0,901.9,19.8
2024-06-16T20:00,35.5,9,0.0,901.9,20.2
2024-06-16T21:00,34.2,10,0.0,901.9,13.7
2024-06-16T22:00,32.2,12,0.0,901.7,8.4
2024-06-16T23:00,33.2,11,0.0,902.1,4.0
2024-06-17T00:00,32.8,11,0.0,901.9,2.6
2024-06-17T01:00,30.2,13,0.0,901.4,5.1
2024-06-17T02:00,31.1,12,0.0,901.3,4.1
2024-06-17T03:00,29.0,14,0.0,900.9,6.4
2024-06-17T04:00,30.8,13,0.0,901.8,3.2
2024-06-17T05:00,28.8,15,0.0,901.4,6.2
2024-06-17T06:00,27.0,18,0.0,901.3,8.7
2024-06-17T07:00,30.5,14,0.0,903.0,6.8
2024-06-17T08:00,33.1,12,0.0,904.1,7.3
2024-06-17T09:00,35.4,11,0.0,904.7,8.4
2024-06-17T10:00,37.5,9,0.0,905.0,13.1
2024-06-17T11:00,38.7,8,0.0,904.9,10.2
2024-06-17T12:00,39.4,8,0.0,904.5,5.8
2024-06-17T13:00,40.0,7,0.0,904.1,5.2
2024-06-17T14:00,40.5,7,0.0,903.5,8.7
2024-06-17T15:00,40.5,7,0.0,903.1,16.6
2024-06-17T16:00,40.2,7,0.0,903.0,13.0
2024-06-17T17:00,40.0,7,0.0,902.6,10.5
2024-06-17T18:00,39.6,7,0.0,902.3,11.2
2024-06-17T19:00,37.5,10,0.0,902.4,35.2
2024-06-17T20:00,36.2,10,0.0,902.4,29.3
2024-06-17T21:00,35.9,10,0.0,902.6,17.6
2024-06-17T22:00,34.3,11,0.0,902.4,11.8
2024-06-17T23:00,34.2,11,0.0,902.6,11.2
2024-06-18T00:00,32.5,12,0.0,901.7,10.4
2024-06-18T01:00,31.7,13,0.0,901.3,10.4
2024-06-18T02:00,30.6,14,0.0,901.0,6.5
2024-06-18T03:00,31.0,14,0.0,901.3,4.7
2024-06-18T04:00,30.5,15,0.0,901.0,5.2
2024-06-18T05:00,31.4,13,0.0,901.6,0.4
2024-06-18T06:00,29.5,16,0.0,901.4,5.6
2024-06-18T07:00,31.8,13,0.0,902.5,7.2
2024-06-18T08:00,34.3,11,0.0,903.7,2.5
2024-06-18T09:00,36.5,9,0.0,904.4,4.1
2024-06-18T10:00,38.5,8,0.0,904.7,12.8
2024-06-18T11:00,39.5,7,0.0,904.9,11.3
2024-06-18T12:00,40.0,7,0.0,904.6,7.2
2024-06-18T13:00,40.2,7,0.0,904.0,5.1
2024-06-18T14:00,41.0,7,0.0,903.3,2.9
2024-06-18T15:00,41.3,7,0.0,902.6,4.0
2024-06-18T16:00,41.0,7,0.0,903.2,19.3
2024-06-18T17:00,40.2,7,0.0,902.7,22.7
2024-06-18T18:00,39.3,8,0.0,902.6,18.3
2024-06-18T19:00,38.8,8,0.0,902.5,6.9
2024-06-18T20:00,37.0,9,0.0,902.5,10.8
2024-06-18T21:00,35.8,10,0.0,902.7,17.6
2024-06-18T22:00,34.8,11,0.0,902.4,14.3
2024-06-18T23:00,34.0,11,0.0,902.1,15.6
2024-06-19T00:00,33.1,12,0.0,901.7,5.2
2024-06-19T01:00,31.6,13,0.0,901.5,16.5
2024-06-19T02:00,30.3,15,0.0,900.4,7.1
2024-06-19T03:00,32.0,13,0.0,901.1,3.5
2024-06-19T04:00,32.8,12,0.0,901.2,4.0
2024-06-19T05:00,29.8,15,0.0,900.7,5.6
2024-06-19T06:00,30.4,14,0.0,901.4,3.3
2024-06-19T07:00,31.1,14,0.0,902.1,3.6
2024-06-19T08:00,33.8,12,0.0,903.2,1.1
2024-06-19T09:00,36.1,10,0.0,904.1,5.0
2024-06-19T10:00,38.0,9,0.0,904.6,15.5
2024-06-19T11:00,39.3,9,0.0,904.8,15.3
2024-06-19T12:00,40.2,8,0.0,904.6,11.7
2024-06-19T13:00,40.9,8,0.0,904.0,6.5
2024-06-19T14:00,41.3,7,0.0,903.5,4.7
2024-06-19T15:00,41.3,7,0.0,902.8,5.5
2024-06-19T16:00,40.8,8,0.0,902.6,21.0
2024-06-19T17:00,40.1,8,0.0,902.3,23.7
2024-06-19T18:00,39.7,8,0.0,902.5,13.6
2024-06-19T19:00,39.0,8,0.0,902.4,8.3
2024-06-19T20:00,37.6,9,0.0,902.3,13.6
2024-06-19T21:00,36.2,10,0.0,902.3,10.1
2024-06-19T22:00,34.8,11,0.0,902.2,9.4
2024-06-19T23:00,33.1,13,0.0,901.7,8.6
2024-06-20T00:00,33.3,13,0.0,901.5,5.6
2024-06-20T01:00,31.2,14,0.0,900.9,10.5
2024-06-20T02:00,29.8,15,0.0,900.1,8.8
2024-06-20T03:00,33.0,12,0.0,901.1,5.2
2024-06-20T04:00,28.6,16,0.0,900.4,6.6
2024-06-20T05:00,30.9,13,0.0,901.1,2.5
2024-06-20T06:00,31.0,13,0.0,901.6,2.4
2024-06-20T07:00,31.5,13,0.0,902.0,8.9
2024-06-20T08:00,34.0,11,0.0,902.9,9.8
2024-06-20T09:00,36.5,9,0.0,903.5,12.7
2024-06-20T10:00,38.7,8,0.0,903.9,12.3
2024-06-20T11:00,39.8,7,0.0,903.8,7.9
2024-06-20T12:00,40.4,7,0.0,903.5,1.1
2024-06-20T13:00,41.0,7,0.0,902.9,4.6
2024-06-20T14:00,41.5,7,0.0,902.5,9.2
2024-06-20T15:00,41.5,7,0.0,901.8,13.8
2024-06-20T16:00,42.2,6,0.0,901.4,25.9
2024-06-20T17:00,41.5,6,0.0,901.2,24.2
2024-06-20T18:00,40.7,7,0.0,900.8,20.7
2024-06-20T19:00,39.5,7,0.0,900.8,19.2
2024-06-20T20:00,38.2,8,0.0,900.7,13.4
2024-06-20T21:00,36.2,9,0.0,900.7,10.4
2024-06-20T22:00,35.2,9,0.0,900.4,10.8
2024-06-20T23:00,33.9,10,0.0,899.9,9.1
2024-06-21T00:00,34.8,10,0.0,900.1,3.3
2024-06-21T01:00,31.0,13,0.0,898.8,8.7
2024-06-21T02:00,30.5,13,0.0,898.7,8.2
2024-06-21T03:00,32.5,11,0.0,899.2,3.7
2024-06-21T04:00,30.0,14,0.0,898.6,7.5
2024-06-21T05:00,28.0,16,0.0,898.0,9.5
2024-06-21T06:00,28.8,15,0.0,898.4,10.5
2024-06-21T07:00,32.1,12,0.0,899.7,10.5
2024-06-21T08:00,35.5,10,0.0,901.1,11.0
2024-06-21T09:00,38.0,9,0.0,901.8,15.6
2024-06-21T10:00,39.7,8,0.0,902.1,16.3
2024-06-21T11:00,40.8,7,0.0,902.0,12.2
2024-06-21T12:00,42.0,7,0.0,901.9,8.7
2024-06-21T13:00,42.9,6,0.0,901.1,8.1
2024-06-21T14:00,43.5,6,0.0,900.4,16.1
2024-06-21T15:00,42.6,6,0.0,900.2,32.4
2024-06-21T16:00,42.1,6,0.0,900.2,28.2
2024-06-21T17:00,41.6,7,0.0,900.0,26.9
2024-06-21T18:00,40.8,7,0.0,899.8,17.9
2024-06-21T19:00,39.6,7,0.0,899.2,11.7
2024-06-21T20:00,37.5,8,0.0,899.0,11.8
2024-06-21T21:00,36.0,9,0.0,899.0,13.0
2024-06-21T22:00,35.2,9,0.0,898.8,13.1
2024-06-21T23:00,33.9,10,0.0,898.3,12.3
2024-06-22T00:00,33.5,10,0.0,897.9,15.3
2024-06-22T01:00,32.5,10,0.0,897.2,13.6
2024-06-22T02:00,31.2,12,0.0,896.5,12.2
2024-06-22T03:00,30.4,12,0.0,896.2,12.8
2024-06-22T04:00,32.5,11,0.0,897.0,5.7
2024-06-22T05:00,32.8,11,0.0,897.3,2.9
2024-06-22T06:00,29.0,14,0.0,896.6,10.2
2024-06-22T07:00,33.0,11,0.0,898.4,12.6
2024-06-22T08:00,35.9,10,0.0,899.6,13.1
2024-06-22T09:00,37.4,9,0.0,899.9,20.4
2024-06-22T10:00,38.4,9,0.0,900.0,19.5
2024-06-22T11:00,39.2,9,0.0,900.2,18.4
2024-06-22T12:00,40.2,8,0.0,900.1,14.6
2024-06-22T13:00,41.0,8,0.0,899.7,13.9
2024-06-22T14:00,41.5,8,0.0,899.0,14.5
2024-06-22T15:00,42.3,7,0.0,898.8,18.7
2024-06-22T16:00,41.8,7,0.0,898.8,18.4
2024-06-22T17:00,41.7,7,0.0,898.1,21.5
2024-06-22T18:00,40.3,8,0.0,898.1,21.6
2024-06-22T19:00,39.1,8,0.0,898.1,17.7
2024-06-22T20:00,37.9,9,0.0,898.2,12.5
2024-06-22T21:00,35.5,11,0.0,898.0,9.7
2024-06-22T22:00,34.5,11,0.0,898.0,11.0
2024-06-22T23:00,32.7,14,0.0,897.1,7.7
2024-06-23T00:00,34.2,12,0.0,897.3,3.5
2024-06-23T01:00,32.2,13,0.0,896.6,10.4
2024-06-23T02:00,30.8,14,0.0,896.0,11.6
2024-06-23T03:00,30.3,14,0.0,896.4,11.0
2024-06-23T04:00,29.5,16,0.0,896.1,10.8
2024-06-23T05:00,28.9,16,0.0,896.3,12.4
2024-06-23T06:00,28.3,17,0.0,896.6,6.1
2024-06-23T07:00,29.9,16,0.0,898.0,5.2
2024-06-23T08:00,33.0,12,0.0,899.1,4.3
2024-06-23T09:00,34.5,11,0.0,900.1,11.9
2024-06-23T10:00,35.8,10,0.0,900.1,5.3
2024-06-23T11:00,38.0,9,0.0,900.2,3.4
2024-06-23T12:00,39.4,8,0.0,900.1,4.9
2024-06-23T13:00,40.5,8,0.0,899.7,3.4
2024-06-23T14:00,41.9,6,0.0,899.1,9.1
2024-06-23T15:00,40.9,7,0.0,898.9,25.2
2024-06-23T16:00,40.2,8,0.0,899.1,23.0
2024-06-23T17:00,39.6,8,0.0,899.0,20.9
2024-06-23T18:00,38.5,8,0.0,899.0,23.3
2024-06-23T19:00,37.0,9,0.0,899.3,21.5
2024-06-23T20:00,35.5,11,0.0,899.8,19.4
2024-06-23T21:00,34.0,14,0.0,899.7,23.0
2024-06-23T22:00,32.8,15,0.0,899.8,21.1
2024-06-23T23:00,31.5,16,0.0,899.4,18.1
2024-06-24T00:00,30.4,17,0.0,899.2,15.0
2024-06-24T01:00,29.5,18,0.0,898.6,12.3
2024-06-24T02:00,29.0,18,0.0,898.2,12.0
2024-06-24T03:00,28.0,20,0.0,898.2,10.4
2024-06-24T04:00,27.2,21,0.0,898.3,7.9
2024-06-24T05:00,26.5,22,0.0,898.4,7.4
2024-06-24T06:00,27.9,21,0.0,899.0,4.6
2024-06-24T07:00,29.4,18,0.0,899.8,2.3
2024-06-24T08:00,30.7,17,0.0,901.2,15.2
2024-06-24T09:00,32.0,16,0.0,901.4,13.4
2024-06-24T10:00,33.8,14,0.0,901.5,16.3
2024-06-24T11:00,35.2,13,0.0,901.7,16.6
2024-06-24T12:00,36.3,12,0.0,901.5,14.4
2024-06-24T13:00,37.0,12,0.0,901.2,11.5
2024-06-24T14:00,37.5,11,0.0,900.9,11.2
2024-06-24T15:00,37.8,11,0.0,900.6,12.1
2024-06-24T16:00,37.5,12,0.0,900.6,14.0
2024-06-24T17:00,37.3,12,0.0,900.2,16.6
2024-06-24T18:00,36.5,12,0.0,900.1,17.9
2024-06-24T19:00,35.2,13,0.0,899.9,19.5
2024-06-24T20:00,34.0,14,0.0,900.1,16.2
2024-06-24T21:00,33.0,15,0.0,900.0,18.9
2024-06-24T22:00,32.0,15,0.0,900.1,16.5
2024-06-24T23:00,31.2,15,0.0,899.9,15.3
2024-06-25T00:00,30.1,16,0.0,899.6,15.3
2024-06-25T01:00,29.1,16,0.0,899.2,15.1
2024-06-25T02:00,27.9,16,0.0,898.9,12.0
2024-06-25T03:00,26.8,17,0.0,898.5,10.2
2024-06-25T04:00,26.6,19,0.0,898.5,9.0
2024-06-25T05:00,26.2,19,0.0,898.3,9.3
2024-06-25T06:00,27.0,19,0.0,898.6,10.1
2024-06-25T07:00,30.3,16,0.0,900.1,11.2
2024-06-25T08:00,32.5,16,0.0,901.0,19.6
2024-06-25T09:00,33.5,18,0.0,901.2,22.6
2024-06-25T10:00,34.7,16,0.0,901.3,21.4
2024-06-25T11:00,36.0,13,0.0,901.2,22.3
2024-06-25T12:00,37.1,11,0.0,900.9,21.9
2024-06-25T13:00,38.0,10,0.0,900.5,21.6
2024-06-25T14:00,38.5,9,0.0,900.0,21.2
2024-06-25T15:00,38.6,9,0.0,899.6,21.3
2024-06-25T16:00,38.3,9,0.0,899.8,20.3
2024-06-25T17:00,37.6,10,0.0,899.3,20.6
2024-06-25T18:00,36.6,12,0.0,899.0,19.2
2024-06-25T19:00,35.5,13,0.0,898.9,17.2
2024-06-25T20:00,34.2,14,0.0,898.8,16.6
2024-06-25T21:00,33.1,15,0.0,898.7,14.8
2024-06-25T22:00,31.9,17,0.0,898.6,14.7
2024-06-25T23:00,31.0,17,0.0,898.2,14.5
2024-06-26T00:00,30.4,17,0.0,897.8,14.1
2024-06-26T01:00,30.0,17,0.0,897.1,14.1
2024-06-26T02:00,29.4,18,0.0,896.7,14.3
2024-06-26T03:00,28.6,20,0.0,896.5,13.2
2024-06-26T04:00,27.5,22,0.0,896.0,10.1
2024-06-26T05:00,26.9,23,0.0,896.2,10.2
2024-06-26T06:00,27.2,23,0.0,896.6,9.8
2024-06-26T07:00,30.0,20,0.0,897.8,8.0
2024-06-26T08:00,32.8,17,0.0,898.8,8.4
2024-06-26T09:00,34.7,15,0.0,899.5,15.0
2024-06-26T10:00,35.9,12,0.0,899.8,10.3
2024-06-26T11:00,37.0,11,0.0,899.8,10.3
2024-06-26T12:00,38.3,8,0.0,899.7,14.2
2024-06-26T13:00,39.0,7,0.0,899.1,18.9
2024-06-26T14:00,39.4,7,0.0,898.6,20.2
2024-06-26T15:00,39.4,7,0.0,898.5,22.1
2024-06-26T16:00,39.0,8,0.0,898.5,23.5
2024-06-26T17:00,38.2,8,0.0,898.2,25.2
2024-06-26T18:00,37.5,9,0.0,898.2,22.0
2024-06-26T19:00,36.6,9,0.0,898.0,16.9
2024-06-26T20:00,35.0,10,0.0,898.0,17.6
2024-06-26T21:00,34.0,9,0.0,898.2,21.7
2024-06-26T22:00,32.9,9,0.0,898.3,20.2
2024-06-26T23:00,31.5,10,0.0,897.7,13.0
2024-06-27T00:00,29.6,12,0.0,896.8,10.1
2024-06-27T01:00,29.6,11,0.0,896.4,12.6
2024-06-27T02:00,29.4,11,0.0,896.3,14.4
2024-06-27T03:00,28.4,12,0.0,896.3,15.1
2024-06-27T04:00,28.1,12,0.0,896.6,13.3
2024-06-27T05:00,27.5,13,0.0,896.5,12.2
2024-06-27T06:00,28.0,12,0.0,897.2,13.0
2024-06-27T07:00,30.6,10,0.0,898.4,12.5
2024-06-27T08:00,32.6,9,0.0,899.5,19.4
2024-06-27T09:00,34.0,9,0.0,899.9,17.7
2024-06-27T10:00,35.7,9,0.0,900.3,16.6
2024-06-27T11:00,37.2,8,0.0,900.4,17.2
2024-06-27T12:00,38.0,7,0.0,900.2,12.6
2024-06-27T13:00,38.6,7,0.0,899.7,11.6
2024-06-27T14:00,39.1,6,0.0,899.5,14.5
2024-06-27T15:00,39.2,6,0.0,899.3,18.4
2024-06-27T16:00,39.0,6,0.0,899.3,22.7
2024-06-27T17:00,38.3,7,0.0,899.1,20.5
2024-06-27T18:00,37.9,7,0.0,899.0,13.4
2024-06-27T19:00,36.8,7,0.0,898.7,14.6
2024-06-27T20:00,34.9,8,0.0,898.9,15.8
2024-06-27T21:00,33.6,9,0.0,898.9,13.8
2024-06-27T22:00,32.6,10,0.0,898.9,12.4
2024-06-27T23:00,31.2,11,0.0,898.3,11.5
2024-06-28T00:00,29.5,12,0.0,897.5,9.7
2024-06-28T01:00,28.2,14,0.0,896.8,8.3
2024-06-28T02:00,28.0,14,0.0,896.5,8.3
2024-06-28T03:00,27.4,14,0.0,896.5,11.5
2024-06-28T04:00,26.8,15,0.0,896.3,10.5
2024-06-28T05:00,26.9,15,0.0,896.8,12.7
2024-06-28T06:00,27.0,15,0.0,897.5,13.7
2024-06-28T07:00,28.9,14,0.0,898.8,12.2
2024-06-28T08:00,30.5,15,0.0,899.6,12.6
2024-06-28T09:00,32.2,14,0.0,899.9,10.5
2024-06-28T10:00,34.2,13,0.0,900.1,10.6
2024-06-28T11:00,36.0,11,0.0,899.9,8.9
2024-06-28T12:00,37.3,10,0.0,899.7,5.7
2024-06-28T13:00,38.9,8,0.0,899.3,11.2
2024-06-28T14:00,39.7,7,0.0,898.9,22.0
2024-06-28T15:00,39.5,7,0.0,898.5,26.1
2024-06-28T16:00,39.0,7,0.0,898.2,23.6
2024-06-28T17:00,38.2,8,0.0,897.8,23.8
2024-06-28T18:00,37.4,9,0.0,897.8,21.9
2024-06-28T19:00,36.3,10,0.0,897.9,17.4
2024-06-28T20:00,35.0,11,0.0,897.8,16.6
2024-06-28T21:00,33.5,13,0.0,897.5,11.2
2024-06-28T22:00,31.9,14,0.0,897.2,9.0
2024-06-28T23:00,30.7,15,0.0,896.5,8.1
2024-06-29T00:00,30.9,14,0.0,896.8,15.9
2024-06-29T01:00,29.6,14,0.0,896.1,14.7
2024-06-29T02:00,28.9,15,0.0,895.6,14.4
2024-06-29T03:00,27.8,16,0.0,895.2,11.5
2024-06-29T04:00,28.4,14,0.0,895.4,14.1
2024-06-29T05:00,27.9,13,0.0,895.6,15.3
2024-06-29T06:00,28.0,12,0.0,896.0,14.3
2024-06-29T07:00,30.0,10,0.0,897.0,12.5
2024-06-29T08:00,32.2,8,0.0,898.1,13.6
2024-06-29T09:00,34.2,8,0.0,898.7,15.3
2024-06-29T10:00,35.7,7,0.0,898.8,15.6
2024-06-29T11:00,36.8,7,0.0,898.9,15.5
2024-06-29T12:00,37.8,7,0.0,898.8,15.9
2024-06-29T13:00,38.7,6,0.0,898.4,18.3
2024-06-29T14:00,39.4,6,0.0,898.0,21.1
2024-06-29T15:00,39.5,7,0.0,897.6,22.8
2024-06-29T16:00,39.2,7,0.0,897.5,21.9
2024-06-29T17:00,38.8,7,0.0,897.2,21.8
2024-06-29T18:00,37.9,7,0.0,897.0,20.9
2024-06-29T19:00,36.7,8,0.0,896.8,17.8
2024-06-29T20:00,35.0,9,0.0,896.7,15.6
2024-06-29T21:00,33.5,10,0.0,896.5,15.2
2024-06-29T22:00,32.0,11,0.0,896.6,12.1
2024-06-29T23:00,30.5,12,0.0,896.3,10.9
2024-06-30T00:00,29.0,14,0.0,895.8,9.4
2024-06-30T01:00,28.5,15,0.0,895.6,5.9
2024-06-30T02:00,27.6,16,0.0,895.2,7.5
2024-06-30T03:00,27.5,16,0.0,895.5,7.6
2024-06-30T04:00,29.5,13,0.0,895.9,5.2
2024-06-30T05:00,29.9,13,0.0,896.2,5.2
2024-06-30T06:00,28.9,14,0.0,896.6,5.2
2024-06-30T07:00,29.8,13,0.0,897.4,7.6
2024-06-30T08:00,32.0,11,0.0,898.5,8.1
2024-06-30T09:00,34.3,10,0.0,899.2,10.2
2024-06-30T10:00,36.0,8,0.0,899.6,6.7
2024-06-30T11:00,37.2,8,0.0,899.6,5.6
2024-06-30T12:00,38.2,8,0.0,899.5,7.6
2024-06-30T13:00,39.6,8,0.0,899.1,16.1
2024-06-30T14:00,40.9,7,0.0,898.4,27.1
2024-06-30T15:00,41.3,6,0.0,897.9,25.2
2024-06-30T16:00,41.0,6,0.0,897.6,16.0
2024-06-30T17:00,40.3,6,0.0,897.3,19.6
2024-06-30T18:00,38.8,8,0.0,897.6,25.0
2024-06-30T19:00,37.5,8,0.0,897.9,21.0
2024-06-30T20:00,36.1,8,0.0,898.2,24.5
2024-06-30T21:00,35.0,9,0.0,898.2,23.7
2024-06-30T22:00,34.0,10,0.0,898.4,23.2
2024-06-30T23:00,33.0,10,0.0,898.0,19.4
2024-07-01T00:00,32.1,10,0.0,897.1,15.4
2024-07-01T01:00,31.8,11,0.0,897.1,17.8
2024-07-01T02:00,30.8,15,0.0,897.3,26.3
2024-07-01T03:00,29.6,17,0.0,897.4,29.7
2024-07-01T04:00,29.4,17,0.0,897.7,28.0
2024-07-01T05:00,28.8,18,0.0,897.8,25.1
2024-07-01T06:00,28.6,19,0.0,898.2,22.9
2024-07-01T07:00,29.9,17,0.0,899.0,23.2
2024-07-01T08:00,31.5,15,0.0,899.6,29.0
2024-07-01T09:00,33.2,13,0.0,899.8,30.2
2024-07-01T10:00,34.6,12,0.0,900.2,29.0
2024-07-01T11:00,35.8,12,0.0,900.0,26.6
2024-07-01T12:00,36.8,11,0.0,899.9,24.6
2024-07-01T13:00,37.5,10,0.0,899.4,24.0
2024-07-01T14:00,37.8,9,0.0,899.0,22.7
2024-07-01T15:00,38.0,9,0.0,898.5,21.7
2024-07-01T16:00,37.2,10,0.0,898.3,22.0
2024-07-01T17:00,36.5,11,0.0,898.1,23.4
2024-07-01T18:00,35.6,11,0.0,898.1,20.6
2024-07-01T19:00,34.4,12,0.0,898.0,18.0
2024-07-01T20:00,33.0,13,0.0,898.3,13.3
2024-07-01T21:00,31.7,14,0.0,898.3,11.6
2024-07-01T22:00,30.7,16,0.0,897.9,12.0
2024-07-01T23:00,29.5,17,0.0,897.1,12.3
2024-07-02T00:00,27.9,20,0.0,896.3,8.7
2024-07-02T01:00,27.0,22,0.0,895.5,7.3
2024-07-02T02:00,26.5,22,0.0,895.0,9.7
2024-07-02T03:00,25.5,23,0.0,894.8,10.8
2024-07-02T04:00,25.8,22,0.0,895.3,13.1
2024-07-02T05:00,26.0,22,0.0,895.5,14.4
2024-07-02T06:00,26.1,24,0.0,896.2,18.5
2024-07-02T07:00,27.5,23,0.0,897.2,14.4
2024-07-02T08:00,29.8,20,0.0,898.0,11.3
2024-07-02T09:00,31.8,17,0.0,898.5,16.5
2024-07-02T10:00,32.6,17,0.0,898.8,17.5
2024-07-02T11:00,33.8,16,0.0,898.8,15.2
2024-07-02T12:00,34.9,14,0.0,898.7,14.2
2024-07-02T13:00,35.8,14,0.0,898.1,13.7
2024-07-02T14:00,36.7,12,0.0,897.4,14.9
2024-07-02T15:00,37.2,12,0.0,896.9,17.8
2024-07-02T16:00,36.3,13,0.0,897.1,18.1
2024-07-02T17:00,36.0,13,0.0,896.7,19.2
2024-07-02T18:00,35.5,14,0.0,896.6,17.3
2024-07-02T19:00,34.3,15,0.0,896.8,18.8
2024-07-02T20:00,33.2,16,0.0,897.0,18.3
2024-07-02T21:00,32.0,16,0.0,897.3,20.1
2024-07-02T22:00,31.0,16,0.0,897.5,18.3
2024-07-02T23:00,29.9,17,0.0,897.3,15.5
2024-07-03T00:00,29.1,18,0.0,896.8,14.7
2024-07-03T01:00,28.5,19,0.0,896.2,15.5
2024-07-03T02:00,27.5,20,0.0,895.9,14.1
2024-07-03T03:00,25.9,22,0.0,896.1,10.9
2024-07-03T04:00,25.4,24,0.0,895.7,6.2
2024-07-03T05:00,25.5,24,0.0,895.8,5.2
2024-07-03T06:00,25.0,24,0.0,896.3,8.9
2024-07-03T07:00,27.5,21,0.0,897.6,6.3
2024-07-03T08:00,30.0,17,0.0,898.9,4.6
2024-07-03T09:00,31.5,13,0.0,899.4,7.9
2024-07-03T10:00,32.8,11,0.0,899.6,11.9
2024-07-03T11:00,33.8,11,0.0,899.8,10.5
2024-07-03T12:00,35.0,11,0.0,899.6,8.9
2024-07-03T13:00,36.3,10,0.0,899.1,12.2
2024-07-03T14:00,37.5,10,0.0,898.6,14.3
2024-07-03T15:00,37.7,10,0.0,898.3,17.7
2024-07-03T16:00,36.8,10,0.0,898.4,19.2
2024-07-03T17:00,36.1,10,0.0,898.4,21.4
2024-07-03T18:00,35.1,11,0.0,898.3,20.8
2024-07-03T19:00,34.0,12,0.0,898.5,20.5
2024-07-03T20:00,32.8,13,0.0,898.6,16.5
2024-07-03T21:00,31.6,15,0.0,898.6,14.8
2024-07-03T22:00,30.6,16,0.0,898.5,14.3
2024-07-03T23:00,29.4,18,0.0,898.4,13.1
2024-07-04T00:00,28.3,19,0.0,898.1,12.0
2024-07-04T01:00,27.4,20,0.0,897.8,10.9
2024-07-04T02:00,26.7,21,0.0,897.8,11.0
2024-07-04T03:00,26.5,21,0.0,898.2,13.2
2024-07-04T04:00,25.5,22,0.0,898.4,9.9
2024-07-04T05:00,25.0,22,0.0,898.4,6.3
2024-07-04T06:00,24.8,22,0.0,898.9,7.4
2024-07-04T07:00,27.8,17,0.0,900.5,5.8
2024-07-04T08:00,30.1,14,0.0,901.5,5.6
2024-07-04T09:00,32.0,11,0.0,902.1,10.2
2024-07-04T10:00,33.7,10,0.0,902.4,14.8
2024-07-04T11:00,34.9,10,0.0,902.5,18.3
2024-07-04T12:00,36.0,10,0.0,902.4,19.7
2024-07-04T13:00,36.9,9,0.0,902.2,20.7
2024-07-04T14:00,37.5,8,0.0,901.7,22.2
2024-07-04T15:00,37.5,8,0.0,901.3,23.1
2024-07-04T16:00,37.2,8,0.0,901.2,21.5
2024-07-04T17:00,36.7,9,0.0,900.8,21.7
2024-07-04T18:00,35.7,9,0.0,900.7,23.1
2024-07-04T19:00,34.6,11,0.0,900.7,20.5
2024-07-04T20:00,33.2,12,0.0,900.7,18.9
2024-07-04T21:00,31.8,12,0.0,900.8,17.5
2024-07-04T22:00,30.5,12,0.0,900.9,14.1
2024-07-04T23:00,29.4,14,0.0,900.5,12.6
2024-07-05T00:00,28.4,15,0.0,899.8,12.0
2024-07-05T01:00,27.9,15,0.0,899.5,13.9
2024-07-05T02:00,27.1,15,0.0,899.0,13.2
2024-07-05T03:00,26.9,15,0.0,898.9,14.5
2024-07-05T04:00,26.0,17,0.0,898.6,11.5
2024-07-05T05:00,25.4,17,0.0,898.5,11.8
2024-07-05T06:00,25.6,17,0.0,898.9,11.8
2024-07-05T07:00,28.5,14,0.0,900.0,9.6
2024-07-05T08:00,31.5,11,0.0,901.1,10.2
2024-07-05T09:00,33.7,10,0.0,901.6,17.1
2024-07-05T10:00,35.0,10,0.0,901.8,17.8
2024-07-05T11:00,35.9,9,0.0,902.0,22.4
2024-07-05T12:00,36.7,8,0.0,901.8,22.9
2024-07-05T13:00,37.4,8,0.0,901.2,22.5
2024-07-05T14:00,38.1,7,0.0,900.9,23.2
2024-07-05T15:00,38.2,7,0.0,900.3,25.3
2024-07-05T16:00,37.6,7,0.0,900.1,22.7
2024-07-05T17:00,37.0,8,0.0,899.8,23.0
2024-07-05T18:00,36.2,8,0.0,899.3,22.1
2024-07-05T19:00,35.0,9,0.0,899.4,15.7
2024-07-05T20:00,33.9,10,0.0,899.2,13.5
2024-07-05T21:00,32.6,11,0.0,899.2,12.7
2024-07-05T22:00,31.2,12,0.0,899.0,12.6
2024-07-05T23:00,30.0,13,0.0,898.4,11.7
2024-07-06T00:00,29.1,14,0.0,897.6,11.4
2024-07-06T01:00,28.2,15,0.0,897.0,12.3
2024-07-06T02:00,27.3,16,0.0,896.3,13.0
2024-07-06T03:00,26.7,16,0.0,896.2,12.8
2024-07-06T04:00,28.2,15,0.0,897.2,18.6
2024-07-06T05:00,27.4,15,0.0,896.9,16.6
2024-07-06T06:00,27.6,15,0.0,897.2,16.6
2024-07-06T07:00,30.0,13,0.0,898.2,14.3
2024-07-06T08:00,32.5,11,0.0,899.3,14.3
2024-07-06T09:00,34.2,9,0.0,899.6,22.2
2024-07-06T10:00,35.5,9,0.0,899.8,18.3
2024-07-06T11:00,36.8,8,0.0,900.0,15.9
2024-07-06T12:00,37.6,8,0.0,899.8,17.1
2024-07-06T13:00,38.1,8,0.0,899.3,17.9
2024-07-06T14:00,38.4,8,0.0,899.0,17.8
2024-07-06T15:00,38.6,7,0.0,898.7,17.0
2024-07-06T16:00,38.4,7,0.0,898.2,18.5
2024-07-06T17:00,38.0,8,0.0,898.0,20.3
2024-07-06T18:00,37.0,8,0.0,897.9,18.4
2024-07-06T19:00,36.0,9,0.0,897.9,10.0
2024-07-06T20:00,34.3,10,0.0,897.7,9.5
2024-07-06T21:00,32.9,11,0.0,898.0,10.1
2024-07-06T22:00,31.2,12,0.0,897.8,9.2
2024-07-06T23:00,29.9,14,0.0,897.2,8.8
2024-07-07T00:00,29.7,14,0.0,897.1,6.6
2024-07-07T01:00,28.0,16,0.0,896.2,9.4
2024-07-07T02:00,27.4,16,0.0,895.9,9.7
2024-07-07T03:00,26.8,17,0.0,895.7,9.3
2024-07-07T04:00,29.8,14,0.0,897.1,3.6
2024-07-07T05:00,27.8,16,0.0,896.6,4.8
2024-07-07T06:00,25.8,19,0.0,896.2,8.7
2024-07-07T07:00,28.7,15,0.0,897.5,9.6
2024-07-07T08:00,31.4,13,0.0,898.8,6.1
2024-07-07T09:00,33.8,11,0.0,899.4,2.6
2024-07-07T10:00,35.3,10,0.0,899.6,4.8
2024-07-07T11:00,36.4,9,0.0,899.6,3.7
2024-07-07T12:00,37.6,9,0.0,899.3,6.9
2024-07-07T13:00,39.4,8,0.0,898.9,15.2
2024-07-07T14:00,40.7,7,0.0,898.4,17.3
2024-07-07T15:00,40.8,7,0.0,897.9,16.0
2024-07-07T16:00,39.9,7,0.0,898.3,22.2
2024-07-07T17:00,38.9,8,0.0,897.9,27.2
2024-07-07T18:00,38.1,8,0.0,897.8,24.1
2024-07-07T19:00,36.8,9,0.0,897.7,22.7
2024-07-07T20:00,35.7,10,0.0,897.8,21.5
2024-07-07T21:00,34.2,11,0.0,897.6,11.0
2024-07-07T22:00,32.5,12,0.0,897.7,10.7
2024-07-07T23:00,32.2,13,0.0,897.7,16.1
2024-07-08T00:00,30.9,14,0.0,897.0,12.5
2024-07-08T01:00,30.0,15,0.0,896.4,12.5
2024-07-08T02:00,28.3,18,0.0,895.8,8.3
2024-07-08T03:00,28.6,17,0.0,896.5,14.4
2024-07-08T04:00,26.1,22,0.0,896.4,6.5
2024-07-08T05:00,27.0,19,0.0,896.8,14.9
2024-07-08T06:00,26.7,20,0.0,896.8,11.7
2024-07-08T07:00,28.8,18,0.0,897.5,7.6
2024-07-08T08:00,32.8,14,0.0,899.0,10.9
2024-07-08T09:00,34.8,13,0.0,899.3,14.8
2024-07-08T10:00,35.8,12,0.0,899.8,13.8
2024-07-08T11:00,36.8,12,0.0,900.2,12.4
2024-07-08T12:00,37.8,11,0.0,900.2,11.3
2024-07-08T13:00,38.7,11,0.0,899.9,15.3
2024-07-08T14:00,39.0,11,0.0,899.8,17.6
2024-07-08T15:00,39.5,11,0.0,899.2,12.1
2024-07-08T16:00,39.0,10,0.0,899.1,18.9
2024-07-08T17:00,38.2,10,0.0,898.6,20.7
2024-07-08T18:00,37.0,10,0.0,898.4,23.0
2024-07-08T19:00,36.0,9,0.0,898.4,15.1
2024-07-08T20:00,34.8,10,0.0,898.2,15.5
2024-07-08T21:00,33.5,12,0.0,898.4,17.7
2024-07-08T22:00,32.7,13,0.0,898.6,18.5
2024-07-08T23:00,31.7,12,0.0,898.7,15.7
2024-07-09T00:00,30.2,13,0.0,898.3,11.1
2024-07-09T01:00,28.5,16,0.0,897.5,7.7
2024-07-09T02:00,28.0,16,0.0,897.4,8.6
2024-07-09T03:00,27.3,17,0.0,897.1,7.6
2024-07-09T04:00,27.0,17,0.0,896.7,8.7
2024-07-09T05:00,26.6,17,0.0,896.9,9.4
2024-07-09T06:00,26.5,17,0.0,897.3,7.9
2024-07-09T07:00,29.8,13,0.0,898.9,5.5
2024-07-09T08:00,32.3,11,0.0,900.2,5.4
2024-07-09T09:00,33.9,12,0.0,900.8,9.1
2024-07-09T10:00,35.2,12,0.0,901.0,11.1
2024-07-09T11:00,36.5,11,0.0,901.0,8.9
2024-07-09T12:00,37.6,10,0.0,901.0,7.8
2024-07-09T13:00,38.8,9,0.0,900.6,11.1
2024-07-09T14:00,40.0,8,0.0,900.3,20.1
2024-07-09T15:00,40.6,8,0.0,899.6,27.3
2024-07-09T16:00,41.5,7,0.0,899.5,18.3
2024-07-09T17:00,39.5,10,0.0,899.0,25.7
2024-07-09T18:00,38.8,11,0.0,899.1,21.8
2024-07-09T19:00,38.1,11,0.0,899.0,16.5
2024-07-09T20:00,36.8,13,0.0,898.8,15.6
2024-07-09T21:00,35.0,15,0.0,898.5,4.4
2024-07-09T22:00,34.0,15,0.0,898.7,10.2
2024-07-09T23:00,33.4,16,0.0,899.7,18.1
2024-07-10T00:00,32.2,15,0.0,899.3,14.4
2024-07-10T01:00,31.8,13,0.0,899.3,19.5
2024-07-10T02:00,31.0,13,0.0,898.9,16.6
2024-07-10T03:00,30.1,15,0.0,898.6,15.0
2024-07-10T04:00,29.4,16,0.0,898.5,4.6
2024-07-10T05:00,28.2,18,0.0,898.5,6.0
2024-07-10T06:00,29.1,17,0.0,898.9,4.7
2024-07-10T07:00,31.2,15,0.0,899.6,3.4
2024-07-10T08:00,33.5,13,0.0,900.6,2.0
2024-07-10T09:00,35.1,13,0.0,900.9,3.3
2024-07-10T10:00,37.0,12,0.0,901.2,5.8
2024-07-10T11:00,38.8,10,0.0,901.5,5.7
2024-07-10T12:00,40.5,9,0.0,901.8,15.7
2024-07-10T13:00,41.1,9,0.0,901.8,20.4
2024-07-10T14:00,43.5,7,0.0,901.1,29.5
2024-07-10T15:00,41.4,9,0.0,901.1,33.5
2024-07-10T16:00,41.4,8,0.0,901.0,21.6
2024-07-10T17:00,41.5,8,0.0,900.7,22.1
2024-07-10T18:00,40.3,9,0.0,900.8,27.2
2024-07-10T19:00,39.1,10,0.0,900.5,21.6
2024-07-10T20:00,38.0,11,0.0,900.3,17.7
2024-07-10T21:00,36.5,13,0.0,901.0,20.4
2024-07-10T22:00,34.8,15,0.0,901.2,15.5
2024-07-10T23:00,34.0,15,0.0,901.6,18.4
2024-07-11T00:00,33.0,14,0.0,901.7,17.8
2024-07-11T01:00,32.0,13,0.0,901.2,12.8
2024-07-11T02:00,30.5,15,0.0,900.6,7.2
2024-07-11T03:00,32.3,12,0.0,901.6,3.6
2024-07-11T04:00,31.2,13,0.0,900.6,3.9
2024-07-11T05:00,27.7,17,0.0,899.6,9.0
2024-07-11T06:00,28.0,16,0.0,900.2,11.0
2024-07-11T07:00,30.5,14,0.0,901.3,8.6
2024-07-11T08:00,34.1,11,0.0,902.7,7.9
2024-07-11T09:00,36.5,10,0.0,903.2,12.1
2024-07-11T10:00,37.9,10,0.0,903.3,12.9
2024-07-11T11:00,39.2,9,0.0,903.6,13.4
2024-07-11T12:00,40.2,9,0.0,903.6,14.4
2024-07-11T13:00,41.2,9,0.0,903.4,14.8
2024-07-11T14:00,41.9,9,0.0,903.0,16.6
2024-07-11T15:00,42.0,9,0.0,902.4,19.7
2024-07-11T16:00,42.0,9,0.0,902.1,15.7
2024-07-11T17:00,41.3,9,0.0,901.9,22.2
2024-07-11T18:00,40.2,10,0.0,901.8,22.0
2024-07-11T19:00,39.3,10,0.0,901.7,14.8
2024-07-11T20:00,37.8,11,0.0,901.5,14.2
2024-07-11T21:00,36.5,12,0.0,901.4,16.7
2024-07-11T22:00,35.8,12,0.0,901.3,20.8
2024-07-11T23:00,35.0,12,0.0,901.1,20.5
2024-07-12T00:00,34.0,13,0.0,900.6,16.5
2024-07-12T01:00,33.0,13,0.0,900.2,15.7
2024-07-12T02:00,32.5,13,0.0,899.5,17.0
2024-07-12T03:00,32.2,14,0.0,899.2,19.2
2024-07-12T04:00,30.5,16,0.0,899.0,11.6
2024-07-12T05:00,30.0,17,0.0,899.0,11.9
2024-07-12T06:00,29.3,18,0.0,899.2,10.7
2024-07-12T07:00,31.2,16,0.0,900.3,8.7
2024-07-12T08:00,34.2,13,0.0,901.2,10.3
2024-07-12T09:00,35.9,12,0.0,901.6,18.4
2024-07-12T10:00,36.8,12,0.0,901.7,20.2
2024-07-12T11:00,38.0,12,0.0,901.9,20.7
2024-07-12T12:00,39.2,11,0.0,901.9,20.1
2024-07-12T13:00,40.0,10,0.0,901.4,18.4
2024-07-12T14:00,40.7,10,0.0,901.1,18.1
2024-07-12T15:00,40.9,10,0.0,900.5,19.2
2024-07-12T16:00,40.5,10,0.0,900.4,18.4
2024-07-12T17:00,40.0,10,0.0,900.2,21.1
2024-07-12T18:00,39.2,11,0.0,900.1,20.6
2024-07-12T19:00,38.2,12,0.0,899.9,17.3
2024-07-12T20:00,36.8,13,0.0,899.8,16.3
2024-07-12T21:00,35.8,14,0.0,899.7,15.1
2024-07-12T22:00,34.5,15,0.0,899.6,12.9
2024-07-12T23:00,33.3,16,0.0,899.3,12.7
2024-07-13T00:00,32.7,17,0.0,898.8,14.8
2024-07-13T01:00,32.2,17,0.0,898.4,19.4
2024-07-13T02:00,31.0,18,0.0,898.6,23.6
2024-07-13T03:00,30.0,20,0.0,898.1,22.4
2024-07-13T04:00,29.2,21,0.0,898.4,20.0
2024-07-13T05:00,28.6,21,0.0,898.6,20.8
2024-07-13T06:00,28.5,20,0.0,899.1,19.9
2024-07-13T07:00,30.0,18,0.0,899.8,18.2
2024-07-13T08:00,31.8,16,0.0,900.5,23.2
2024-07-13T09:00,33.4,16,0.0,901.1,25.4
2024-07-13T10:00,35.0,14,0.0,901.4,27.1
2024-07-13T11:00,36.6,12,0.0,901.5,27.5
2024-07-13T12:00,37.7,11,0.0,901.3,26.3
2024-07-13T13:00,38.5,11,0.0,901.1,23.2
2024-07-13T14:00,39.2,10,0.0,900.7,22.9
2024-07-13T15:00,39.4,10,0.0,900.1,24.7
2024-07-13T16:00,39.0,12,0.0,899.9,23.3
2024-07-13T17:00,38.5,12,0.0,899.6,23.6
2024-07-13T18:00,37.6,13,0.0,899.5,23.1
2024-07-13T19:00,36.4,14,0.0,899.3,19.8
2024-07-13T20:00,35.2,15,0.0,899.3,16.6
2024-07-13T21:00,33.8,16,0.0,899.4,14.3
2024-07-13T22:00,32.5,17,0.0,899.5,15.0
2024-07-13T23:00,31.0,19,0.0,898.9,10.9
2024-07-14T00:00,29.8,21,0.0,898.4,10.5
2024-07-14T01:00,28.9,22,0.0,897.7,9.5
2024-07-14T02:00,28.1,22,0.0,897.3,9.7
2024-07-14T03:00,27.5,23,0.0,897.0,10.0
2024-07-14T04:00,28.0,22,0.0,897.2,11.8
2024-07-14T05:00,27.5,23,0.0,897.2,11.2
2024-07-14T06:00,27.4,22,0.0,897.8,11.2
2024-07-14T07:00,29.6,20,0.0,899.0,11.0
2024-07-14T08:00,31.4,18,0.0,899.9,18.8
2024-07-14T09:00,32.5,17,0.0,900.5,21.7
2024-07-14T10:00,33.6,16,0.0,900.6,21.0
2024-07-14T11:00,34.7,16,0.0,900.7,19.8
2024-07-14T12:00,35.7,15,0.0,900.3,17.1
2024-07-14T13:00,36.7,14,0.0,900.0,15.8
2024-07-14T14:00,37.7,13,0.0,899.4,16.1
2024-07-14T15:00,38.0,13,0.0,898.8,18.5
2024-07-14T16:00,37.8,12,0.0,898.6,18.9
2024-07-14T17:00,36.9,14,0.0,898.5,19.0
2024-07-14T18:00,36.0,15,0.0,898.5,17.1
2024-07-14T19:00,35.1,16,0.0,898.7,15.0
2024-07-14T20:00,33.8,17,0.0,898.7,13.1
2024-07-14T21:00,32.7,18,0.0,898.6,11.8
2024-07-14T22:00,31.5,19,0.0,898.6,11.9
2024-07-14T23:00,30.4,21,0.0,898.3,11.6
2024-07-15T00:00,29.0,23,0.0,897.4,9.2
2024-07-15T01:00,27.8,26,0.0,896.5,7.9
2024-07-15T02:00,27.1,28,0.0,895.8,7.0
2024-07-15T03:00,26.3,29,0.0,895.8,7.9
2024-07-15T04:00,27.1,27,0.0,896.5,5.1
2024-07-15T05:00,27.9,26,0.0,897.2,3.6
2024-07-15T06:00,25.9,30,0.0,897.2,4.7
2024-07-15T07:00,27.5,26,0.0,898.4,4.9
2024-07-15T08:00,29.7,21,0.0,899.4,11.4
2024-07-15T09:00,31.0,22,0.0,899.7,16.3
2024-07-15T10:00,32.0,22,0.0,900.1,15.9
2024-07-15T11:00,33.3,20,0.0,900.2,12.3
2024-07-15T12:00,34.5,19,0.0,900.2,8.7
2024-07-15T13:00,35.5,18,0.0,899.8,6.4
2024-07-15T14:00,36.5,17,0.0,899.5,8.7
2024-07-15T15:00,37.5,16,0.0,899.0,14.6
2024-07-15T16:00,37.1,16,0.0,899.0,15.6
2024-07-15T17:00,37.0,14,0.0,898.7,16.3
2024-07-15T18:00,36.2,15,0.0,898.6,18.6
2024-07-15T19:00,34.9,16,0.0,898.8,17.6
2024-07-15T20:00,34.0,18,0.0,898.9,16.1
2024-07-15T21:00,32.9,19,0.0,899.0,15.0
2024-07-15T22:00,31.6,20,0.0,899.1,12.8
2024-07-15T23:00,30.6,21,0.0,898.9,13.4
2024-07-16T00:00,29.7,22,0.0,898.6,11.6
2024-07-16T01:00,28.9,23,0.0,898.2,12.5
2024-07-16T02:00,28.0,24,0.0,897.8,14.2
2024-07-16T03:00,27.0,26,0.0,897.5,10.5
2024-07-16T04:00,27.2,25,0.0,897.9,4.4
2024-07-16T05:00,28.0,24,0.0,898.3,3.8
2024-07-16T06:00,25.8,29,0.0,897.9,6.3
2024-07-16T07:00,28.4,25,0.0,899.1,5.9
2024-07-16T08:00,30.8,22,0.0,900.2,1.9
2024-07-16T09:00,32.8,18,0.0,900.8,7.0
2024-07-16T10:00,34.5,16,0.0,901.0,11.8
2024-07-16T11:00,35.7,15,0.0,901.3,12.9
2024-07-16T12:00,36.7,14,0.0,901.2,13.5
2024-07-16T13:00,37.5,13,0.0,900.9,12.7
2024-07-16T14:00,38.1,12,0.0,900.5,13.0
2024-07-16T15:00,38.5,12,0.0,900.2,14.4
2024-07-16T16:00,38.5,12,0.0,900.0,16.6
2024-07-16T17:00,38.2,12,0.0,899.7,18.4
2024-07-16T18:00,37.4,13,0.0,899.8,20.7
2024-07-16T19:00,36.2,14,0.0,899.7,17.7
2024-07-16T20:00,35.2,14,0.0,899.6,13.1
2024-07-16T21:00,33.7,15,0.0,899.8,12.2
2024-07-16T22:00,32.3,17,0.0,899.7,12.4
2024-07-16T23:00,31.4,18,0.0,899.3,13.3
2024-07-17T00:00,30.4,19,0.0,898.8,11.5
2024-07-17T01:00,29.8,20,0.0,898.2,12.2
2024-07-17T02:00,28.9,21,0.0,898.1,12.6
2024-07-17T03:00,27.2,23,0.0,898.0,9.0
2024-07-17T04:00,27.9,22,0.0,898.2,10.4
2024-07-17T05:00,27.1,24,0.0,898.3,9.8
2024-07-17T06:00,27.0,24,0.0,899.1,8.6
2024-07-17T07:00,29.8,21,0.0,900.5,5.2
2024-07-17T08:00,31.9,18,0.0,901.4,2.3
2024-07-17T09:00,34.2,16,0.0,902.2,6.7
2024-07-17T10:00,36.0,15,0.0,902.3,9.5
2024-07-17T11:00,37.2,13,0.0,902.5,9.1
2024-07-17T12:00,38.2,12,0.0,902.4,7.6
2024-07-17T13:00,38.8,12,0.0,902.1,7.2
2024-07-17T14:00,39.5,11,0.0,901.7,9.2
2024-07-17T15:00,39.9,11,0.0,901.4,11.3
2024-07-17T16:00,40.1,10,0.0,901.2,17.6
2024-07-17T17:00,39.7,11,0.0,900.7,20.4
2024-07-17T18:00,38.8,11,0.0,900.7,20.8
2024-07-17T19:00,37.8,12,0.0,900.8,18.0
2024-07-17T20:00,36.3,13,0.0,900.8,15.6
2024-07-17T21:00,35.0,14,0.0,900.9,13.4
2024-07-17T22:00,33.7,15,0.0,900.7,11.2
2024-07-17T23:00,32.8,16,0.0,900.4,13.3
2024-07-18T00:00,31.5,17,0.0,900.2,11.4
2024-07-18T01:00,29.9,19,0.0,899.4,8.4
2024-07-18T02:00,29.5,20,0.0,898.8,6.8
2024-07-18T03:00,31.5,17,0.0,899.5,4.2
2024-07-18T04:00,30.9,17,0.0,899.3,2.2
2024-07-18T05:00,28.1,21,0.0,898.5,6.1
2024-07-18T06:00,27.6,22,0.0,898.7,7.6
2024-07-18T07:00,30.8,17,0.0,900.0,9.6
2024-07-18T08:00,33.7,14,0.0,901.2,10.0
2024-07-18T09:00,35.8,12,0.0,902.0,11.8
2024-07-18T10:00,37.6,12,0.0,902.0,7.9
2024-07-18T11:00,38.6,11,0.0,901.9,3.7
2024-07-18T12:00,39.8,10,0.0,901.7,5.1
2024-07-18T13:00,41.4,9,0.0,901.3,8.7
2024-07-18T14:00,42.2,9,0.0,900.7,17.6
2024-07-18T15:00,42.0,8,0.0,900.3,26.2
2024-07-18T16:00,41.5,9,0.0,900.2,25.6
2024-07-18T17:00,40.8,9,0.0,899.8,25.3
2024-07-18T18:00,39.9,9,0.0,899.7,22.3
2024-07-18T19:00,38.8,10,0.0,899.7,15.9
2024-07-18T20:00,37.2,12,0.0,899.6,14.3
2024-07-18T21:00,35.8,13,0.0,899.5,15.4
2024-07-18T22:00,34.5,14,0.0,899.4,14.8
2024-07-18T23:00,33.0,15,0.0,898.6,10.9
2024-07-19T00:00,31.5,17,0.0,897.8,9.0
2024-07-19T01:00,30.4,19,0.0,897.1,7.5
2024-07-19T02:00,33.2,15,0.0,897.5,3.8
2024-07-19T03:00,31.0,17,0.0,896.7,6.2
2024-07-19T04:00,28.3,20,0.0,896.3,9.1
2024-07-19T05:00,27.7,20,0.0,896.3,9.0
2024-07-19T06:00,28.0,19,0.0,896.8,10.4
2024-07-19T07:00,30.4,17,0.0,897.7,7.7
2024-07-19T08:00,34.3,13,0.0,898.9,3.8
2024-07-19T09:00,36.4,12,0.0,899.6,11.0
2024-07-19T10:00,37.7,11,0.0,899.4,4.3
2024-07-19T11:00,39.0,10,0.0,899.1,0.8
2024-07-19T12:00,40.2,9,0.0,898.8,3.8
2024-07-19T13:00,41.8,8,0.0,898.4,7.6
2024-07-19T14:00,43.0,8,0.0,897.7,9.8
2024-07-19T15:00,43.5,8,0.0,897.3,16.1
2024-07-19T16:00,42.7,8,0.0,897.5,22.2
2024-07-19T17:00,41.8,9,0.0,897.3,24.7
2024-07-19T18:00,40.8,9,0.0,897.0,20.6
2024-07-19T19:00,39.5,10,0.0,896.9,19.7
2024-07-19T20:00,38.0,11,0.0,896.7,19.6
2024-07-19T21:00,36.5,12,0.0,896.8,19.5
2024-07-19T22:00,35.0,13,0.0,896.8,15.2
2024-07-19T23:00,33.2,15,0.0,896.6,8.5
2024-07-20T00:00,31.9,17,0.0,896.1,6.5
2024-07-20T01:00,31.2,17,0.0,895.7,8.9
2024-07-20T02:00,30.8,17,0.0,895.3,10.2
2024-07-20T03:00,30.0,18,0.0,895.3,10.5
2024-07-20T04:00,31.0,19,0.0,895.7,5.0
2024-07-20T05:00,30.1,20,0.0,895.7,5.5
2024-07-20T06:00,28.3,22,0.0,895.7,8.3
2024-07-20T07:00,30.8,18,0.0,897.2,9.2
2024-07-20T08:00,34.1,15,0.0,898.4,5.6
2024-07-20T09:00,36.1,14,0.0,899.0,6.5
2024-07-20T10:00,37.3,13,0.0,899.2,2.8
2024-07-20T11:00,38.7,12,0.0,899.1,3.3
2024-07-20T12:00,40.2,11,0.0,899.1,8.9
2024-07-20T13:00,41.7,9,0.0,898.8,15.4
2024-07-20T14:00,42.2,9,0.0,898.4,21.1
2024-07-20T15:00,42.3,8,0.0,898.1,21.2
2024-07-20T16:00,41.9,8,0.0,897.9,20.6
2024-07-20T17:00,41.2,8,0.0,897.8,24.7
2024-07-20T18:00,40.2,8,0.0,897.7,23.8
2024-07-20T19:00,38.8,9,0.0,897.8,20.0
2024-07-20T20:00,37.4,10,0.0,898.0,20.5
2024-07-20T21:00,36.2,10,0.0,898.3,21.9
2024-07-20T22:00,35.0,10,0.0,898.3,20.9
2024-07-20T23:00,34.2,12,0.0,898.3,20.8
2024-07-21T00:00,33.5,13,0.0,898.2,20.0
2024-07-21T01:00,32.7,14,0.0,898.0,17.2
2024-07-21T02:00,31.6,15,0.0,897.8,16.9
2024-07-21T03:00,30.1,18,0.0,897.8,14.1
2024-07-21T04:00,28.6,20,0.0,897.9,8.2
2024-07-21T05:00,27.8,22,0.0,897.6,7.2
2024-07-21T06:00,28.4,21,0.0,898.2,6.2
2024-07-21T07:00,30.9,18,0.0,899.6,6.5
2024-07-21T08:00,33.1,16,0.0,900.5,6.6
2024-07-21T09:00,34.7,14,0.0,901.1,8.6
2024-07-21T10:00,36.2,12,0.0,901.2,11.7
2024-07-21T11:00,37.2,11,0.0,901.2,14.1
2024-07-21T12:00,38.0,11,0.0,901.1,13.0
2024-07-21T13:00,38.8,11,0.0,900.5,10.3
2024-07-21T14:00,39.6,10,0.0,900.0,11.8
2024-07-21T15:00,40.3,10,0.0,899.5,17.3
2024-07-21T16:00,39.3,11,0.0,899.8,24.3
2024-07-21T17:00,38.7,11,0.0,899.5,23.3
2024-07-21T18:00,38.0,12,0.0,899.2,23.3
2024-07-21T19:00,36.8,12,0.0,899.3,19.5
2024-07-21T20:00,35.8,13,0.0,899.2,15.7
2024-07-21T21:00,34.6,14,0.0,899.4,14.5
2024-07-21T22:00,33.2,15,0.0,899.5,14.1
2024-07-21T23:00,32.0,16,0.0,899.2,12.4
2024-07-22T00:00,31.0,17,0.0,899.0,14.0
2024-07-22T01:00,29.9,18,0.0,898.5,13.1
2024-07-22T02:00,29.0,20,0.0,898.2,12.6
2024-07-22T03:00,28.4,21,0.0,898.0,12.5
2024-07-22T04:00,28.4,23,0.0,898.2,14.0
2024-07-22T05:00,28.0,23,0.0,898.2,13.3
2024-07-22T06:00,28.0,23,0.0,898.7,13.6
2024-07-22T07:00,29.8,20,0.0,899.8,13.3
2024-07-22T08:00,31.7,17,0.0,900.6,17.0
2024-07-22T09:00,33.2,16,0.0,900.9,20.4
2024-07-22T10:00,34.8,15,0.0,901.3,19.7
2024-07-22T11:00,36.1,13,0.0,901.4,18.9
2024-07-22T12:00,37.2,12,0.0,901.4,19.8
2024-07-22T13:00,38.2,12,0.0,901.1,20.9
2024-07-22T14:00,38.7,11,0.0,900.9,22.9
2024-07-22T15:00,38.9,11,0.0,900.6,23.0
2024-07-22T16:00,38.7,11,0.0,900.5,22.1
2024-07-22T17:00,38.0,11,0.0,900.1,22.1
2024-07-22T18:00,37.2,12,0.0,900.0,21.3
2024-07-22T19:00,36.0,13,0.0,900.0,18.4
2024-07-22T20:00,34.8,14,0.0,900.1,16.2
2024-07-22T21:00,33.5,15,0.0,900.3,14.0
2024-07-22T22:00,32.2,16,0.0,899.9,11.3
2024-07-22T23:00,31.3,17,0.0,899.7,12.2
2024-07-23T00:00,30.5,18,0.0,899.3,13.8
2024-07-23T01:00,29.5,19,0.0,898.8,14.8
2024-07-23T02:00,28.8,20,0.0,898.3,14.2
2024-07-23T03:00,28.2,21,0.0,898.3,13.0
2024-07-23T04:00,28.0,21,0.0,898.5,12.2
2024-07-23T05:00,27.5,22,0.0,898.3,12.7
2024-07-23T06:00,27.4,22,0.0,898.7,11.2
2024-07-23T07:00,29.6,19,0.0,899.8,11.8
2024-07-23T08:00,31.3,18,0.0,900.6,15.8
2024-07-23T09:00,33.0,17,0.0,900.9,17.6
2024-07-23T10:00,34.8,15,0.0,901.2,18.2
2024-07-23T11:00,36.2,13,0.0,901.5,19.3
2024-07-23T12:00,37.3,13,0.0,901.6,19.7
2024-07-23T13:00,38.2,12,0.0,901.3,21.4
2024-07-23T14:00,38.8,12,0.0,900.9,24.4
2024-07-23T15:00,38.8,12,0.0,900.3,26.3
2024-07-23T16:00,38.2,12,0.0,900.3,23.7
2024-07-23T17:00,37.7,12,0.0,899.7,23.7
2024-07-23T18:00,36.8,13,0.0,899.7,21.9
2024-07-23T19:00,35.8,13,0.0,899.7,17.4
2024-07-23T20:00,34.6,15,0.0,899.7,14.4
2024-07-23T21:00,33.5,16,0.0,899.7,14.1
2024-07-23T22:00,32.5,17,0.0,899.4,14.3
2024-07-23T23:00,31.4,18,0.0,898.9,14.5
2024-07-24T00:00,30.4,20,0.0,898.2,13.0
2024-07-24T01:00,29.5,21,0.0,897.5,12.0
2024-07-24T02:00,28.3,23,0.0,896.8,10.0
2024-07-24T03:00,27.5,24,0.0,896.4,9.7
2024-07-24T04:00,27.9,23,0.0,896.8,9.2
2024-07-24T05:00,27.5,24,0.0,896.6,10.2
2024-07-24T06:00,27.2,24,0.0,896.7,11.3
2024-07-24T07:00,29.2,21,0.0,897.7,10.6
2024-07-24T08:00,31.9,17,0.0,898.8,17.3
2024-07-24T09:00,32.5,17,0.0,899.2,21.4
2024-07-24T10:00,33.8,17,0.0,899.3,19.6
2024-07-24T11:00,35.2,16,0.0,899.3,21.0
2024-07-24T12:00,36.2,15,0.0,899.1,22.0
2024-07-24T13:00,37.2,14,0.0,898.7,22.4
2024-07-24T14:00,37.7,13,0.0,898.2,22.0
2024-07-24T15:00,38.0,12,0.0,897.7,21.9
2024-07-24T16:00,37.5,13,0.0,897.5,20.2
2024-07-24T17:00,37.1,12,0.0,897.1,21.2
2024-07-24T18:00,36.2,13,0.0,896.9,20.9
2024-07-24T19:00,35.0,13,0.0,896.8,18.3
2024-07-24T20:00,33.8,14,0.0,896.7,15.0
2024-07-24T21:00,32.7,16,0.0,896.9,14.1
2024-07-24T22:00,31.6,17,0.0,896.9,13.8
2024-07-24T23:00,30.8,19,0.0,896.5,13.4
2024-07-25T00:00,29.5,20,0.0,895.6,10.5
2024-07-25T01:00,28.2,21,0.0,894.8,9.7
2024-07-25T02:00,27.1,23,0.0,894.1,9.4
2024-07-25T03:00,27.1,22,0.0,894.2,12.2
2024-07-25T04:00,27.1,20,0.0,895.3,20.9
2024-07-25T05:00,26.0,22,0.0,895.0,14.6
2024-07-25T06:00,25.4,22,0.0,895.1,13.1
2024-07-25T07:00,27.9,18,0.0,896.5,13.7
2024-07-25T08:00,29.9,19,0.0,897.7,24.5
2024-07-25T09:00,31.0,25,0.0,898.0,26.4
2024-07-25T10:00,32.3,22,0.0,898.4,26.1
2024-07-25T11:00,33.8,18,0.0,898.4,25.8
2024-07-25T12:00,35.1,16,0.0,898.4,27.1
2024-07-25T13:00,36.2,13,0.0,897.9,28.9
2024-07-25T14:00,36.6,12,0.0,897.4,30.1
2024-07-25T15:00,36.7,11,0.0,897.1,28.3
2024-07-25T16:00,36.0,13,0.0,896.9,23.9
2024-07-25T17:00,35.6,12,0.0,896.5,24.0
2024-07-25T18:00,34.5,12,0.0,896.4,23.1
2024-07-25T19:00,33.2,13,0.0,896.4,19.0
2024-07-25T20:00,32.1,14,0.0,896.4,14.9
2024-07-25T21:00,30.6,15,0.0,896.5,10.0
2024-07-25T22:00,28.9,18,0.0,896.3,8.0
2024-07-25T23:00,28.0,19,0.0,895.9,9.5
2024-07-26T00:00,27.0,21,0.0,895.3,10.5
2024-07-26T01:00,26.4,22,0.0,894.7,11.9
2024-07-26T02:00,26.5,23,0.0,894.7,13.0
2024-07-26T03:00,26.2,23,0.0,895.1,13.3
2024-07-26T04:00,27.3,20,0.0,895.5,17.3
2024-07-26T05:00,26.6,23,0.0,895.6,15.3
2024-07-26T06:00,26.6,23,0.0,896.3,20.4
2024-07-26T07:00,27.8,23,0.0,897.3,24.1
2024-07-26T08:00,29.2,24,0.0,898.1,27.6
2024-07-26T09:00,30.8,22,0.0,898.8,28.2
2024-07-26T10:00,32.8,18,0.0,899.1,28.2
2024-07-26T11:00,34.2,16,0.0,899.2,27.9
2024-07-26T12:00,35.5,14,0.0,899.1,26.0
2024-07-26T13:00,36.3,13,0.0,898.8,22.1
2024-07-26T14:00,36.9,12,0.0,898.6,19.6
2024-07-26T15:00,37.2,11,0.0,898.3,20.1
2024-07-26T16:00,37.0,10,0.0,898.4,19.7
2024-07-26T17:00,36.7,10,0.0,898.3,19.9
2024-07-26T18:00,35.8,10,0.0,898.3,19.3
2024-07-26T19:00,34.6,11,0.0,898.4,15.1
2024-07-26T20:00,33.1,13,0.0,898.3,12.3
2024-07-26T21:00,31.4,15,0.0,898.4,9.0
2024-07-26T22:00,29.6,18,0.0,898.3,7.1
2024-07-26T23:00,29.0,18,0.0,898.2,9.0
2024-07-27T00:00,27.8,19,0.0,897.5,9.0
2024-07-27T01:00,27.2,20,0.0,896.8,7.2
2024-07-27T02:00,26.4,21,0.0,896.5,8.3
2024-07-27T03:00,25.5,23,0.0,896.2,9.5
2024-07-27T04:00,25.6,23,0.0,896.4,9.8
2024-07-27T05:00,25.6,24,0.0,896.7,7.2
2024-07-27T06:00,26.2,23,0.0,897.4,6.2
2024-07-27T07:00,28.3,20,0.0,898.6,7.6
2024-07-27T08:00,32.0,16,0.0,900.2,9.9
2024-07-27T09:00,34.1,13,0.0,900.7,10.1
2024-07-27T10:00,35.6,12,0.0,900.9,6.1
2024-07-27T11:00,36.9,11,0.0,901.1,7.6
2024-07-27T12:00,38.0,10,0.0,901.2,14.8
2024-07-27T13:00,38.5,10,0.0,900.9,20.0
2024-07-27T14:00,39.0,9,0.0,900.6,19.9
2024-07-27T15:00,39.0,9,0.0,900.5,19.7
2024-07-27T16:00,38.8,10,0.0,900.2,19.4
2024-07-27T17:00,38.2,10,0.0,900.2,18.9
2024-07-27T18:00,37.5,10,0.0,899.9,19.4
2024-07-27T19:00,36.2,12,0.0,900.1,16.8
2024-07-27T20:00,34.8,14,0.0,900.2,14.1
2024-07-27T21:00,33.5,15,0.0,900.4,11.2
2024-07-27T22:00,31.9,17,0.0,900.2,9.5
2024-07-27T23:00,30.8,19,0.0,899.9,10.0
2024-07-28T00:00,29.9,20,0.0,899.7,10.2
2024-07-28T01:00,29.3,20,0.0,899.2,11.0
2024-07-28T02:00,29.1,20,0.0,898.9,11.6
2024-07-28T03:00,29.0,20,0.0,899.5,16.9
2024-07-28T04:00,28.0,28,0.0,899.7,16.4
2024-07-28T05:00,27.2,30,0.0,899.9,13.0
2024-07-28T06:00,26.7,31,0.0,899.9,9.6
2024-07-28T07:00,29.0,27,0.0,901.1,7.7
2024-07-28T08:00,31.5,23,0.0,902.3,15.5
2024-07-28T09:00,33.2,19,0.0,902.6,17.2
2024-07-28T10:00,34.8,17,0.0,902.9,18.4
2024-07-28T11:00,36.2,15,0.0,902.7,18.2
2024-07-28T12:00,37.2,15,0.0,902.5,19.0
2024-07-28T13:00,38.0,14,0.0,902.0,21.2
2024-07-28T14:00,38.5,13,0.0,901.2,23.7
2024-07-28T15:00,38.7,13,0.0,900.7,25.5
2024-07-28T16:00,38.6,13,0.0,900.5,24.6
2024-07-28T17:00,38.0,13,0.0,900.1,26.1
2024-07-28T18:00,37.0,13,0.0,899.9,27.0
2024-07-28T19:00,35.9,14,0.0,899.8,22.1
2024-07-28T20:00,34.8,16,0.0,899.7,18.6
2024-07-28T21:00,33.5,17,0.0,899.5,15.6
2024-07-28T22:00,32.0,18,0.0,899.2,10.2
2024-07-28T23:00,31.0,19,0.0,898.6,10.6
2024-07-29T00:00,30.9,19,0.0,898.3,14.7
2024-07-29T01:00,30.0,19,0.0,898.0,18.4
2024-07-29T02:00,29.4,19,0.0,897.6,17.8
2024-07-29T03:00,28.7,20,0.0,897.2,14.6
2024-07-29T04:00,28.5,21,0.0,897.0,14.1
2024-07-29T05:00,27.8,22,0.0,897.1,15.3
2024-07-29T06:00,27.4,23,0.0,897.5,16.4
2024-07-29T07:00,28.8,22,0.0,898.3,19.1
2024-07-29T08:00,30.1,21,0.0,899.0,21.7
2024-07-29T09:00,31.8,19,0.0,899.2,19.2
2024-07-29T10:00,33.3,18,0.0,899.5,18.4
2024-07-29T11:00,34.7,17,0.0,899.6,21.7
2024-07-29T12:00,36.0,15,0.0,899.2,26.0
2024-07-29T13:00,37.0,13,0.0,898.8,29.0
2024-07-29T14:00,37.3,13,0.0,898.3,31.0
2024-07-29T15:00,37.5,12,0.0,897.8,31.3
2024-07-29T16:00,37.0,13,0.0,897.6,28.8
2024-07-29T17:00,36.5,12,0.0,897.1,28.5
2024-07-29T18:00,35.5,13,0.0,897.1,26.9
2024-07-29T19:00,34.4,13,0.0,897.0,20.8
2024-07-29T20:00,33.2,14,0.0,897.2,17.2
2024-07-29T21:00,32.3,15,0.0,897.0,14.8
2024-07-29T22:00,31.5,15,0.0,896.9,14.6
2024-07-29T23:00,30.9,15,0.0,896.4,14.5
2024-07-30T00:00,29.7,16,0.0,895.7,12.1
2024-07-30T01:00,28.5,17,0.0,895.0,11.7
2024-07-30T02:00,27.5,18,0.0,894.6,11.6
2024-07-30T03:00,26.7,19,0.0,894.5,12.8
2024-07-30T04:00,26.8,22,0.0,894.6,11.0
2024-07-30T05:00,26.2,23,0.0,894.8,11.3
2024-07-30T06:00,25.2,24,0.0,895.1,11.4
2024-07-30T07:00,27.3,21,0.0,896.3,9.3
2024-07-30T08:00,31.6,16,0.0,897.9,11.9
2024-07-30T09:00,33.3,15,0.0,898.3,21.6
2024-07-30T10:00,34.8,16,0.0,898.7,14.8
2024-07-30T11:00,36.1,14,0.0,898.9,15.3
2024-07-30T12:00,37.0,14,0.0,898.7,18.0
2024-07-30T13:00,37.7,12,0.0,898.5,20.4
2024-07-30T14:00,38.0,11,0.0,898.2,20.9
2024-07-30T15:00,38.1,12,0.0,897.9,20.5
2024-07-30T16:00,37.8,12,0.0,897.9,18.4
2024-07-30T17:00,37.4,12,0.0,897.7,20.9
2024-07-30T18:00,36.3,12,0.0,897.5,23.6
2024-07-30T19:00,35.5,12,0.0,897.7,16.8
2024-07-30T20:00,34.2,13,0.0,897.8,14.1
2024-07-30T21:00,32.7,14,0.0,897.9,12.8
2024-07-30T22:00,31.4,15,0.0,897.7,10.6
2024-07-30T23:00,29.6,17,0.0,897.2,7.4
2024-07-31T00:00,29.2,18,0.0,896.9,7.4
2024-07-31T01:00,28.1,19,0.0,896.6,8.9
2024-07-31T02:00,27.5,20,0.0,896.3,8.7
2024-07-31T03:00,27.0,21,0.0,896.4,8.0
2024-07-31T04:00,27.7,20,0.0,896.9,6.9
2024-07-31T05:00,26.0,23,0.0,896.8,8.8
2024-07-31T06:00,26.2,22,0.0,897.4,12.3
2024-07-31T07:00,28.8,23,0.0,898.8,10.5
2024-07-31T08:00,31.8,24,0.0,900.1,12.5
2024-07-31T09:00,34.0,20,0.0,900.7,13.0
2024-07-31T10:00,35.8,16,0.0,900.9,10.8
2024-07-31T11:00,36.9,14,0.0,901.2,9.5
2024-07-31T12:00,38.0,13,0.0,901.0,11.0
2024-07-31T13:00,39.5,11,0.0,900.6,14.3
2024-07-31T14:00,39.6,11,0.0,900.2,19.2
2024-07-31T15:00,39.2,11,0.0,899.8,19.5
2024-07-31T16:00,38.8,12,0.0,899.9,19.1
2024-07-31T17:00,38.2,12,0.0,899.6,20.2
2024-07-31T18:00,37.5,13,0.0,899.7,20.9
2024-07-31T19:00,36.2,13,0.0,899.8,16.1
2024-07-31T20:00,35.3,13,0.0,899.7,11.9
2024-07-31T21:00,34.0,15,0.0,899.8,13.0
2024-07-31T22:00,32.5,17,0.0,899.8,11.3
2024-07-31T23:00,31.2,18,0.0,899.5,10.5
2024-08-01T00:00,30.7,19,0.0,899.2,12.1
2024-08-01T01:00,29.6,19,0.0,898.5,11.5
2024-08-01T02:00,28.2,21,0.0,897.9,9.3
2024-08-01T03:00,27.9,22,0.0,898.4,11.6
2024-08-01T04:00,26.9,24,0.0,898.4,8.2
2024-08-01T05:00,26.8,25,0.0,898.7,6.9
2024-08-01T06:00,27.0,25,0.0,899.0,6.5
2024-08-01T07:00,29.2,21,0.0,900.3,7.6
2024-08-01T08:00,31.7,18,0.0,901.5,3.1
2024-08-01T09:00,34.0,15,0.0,902.3,4.0
2024-08-01T10:00,35.5,14,0.0,902.6,6.0
2024-08-01T11:00,36.9,14,0.0,902.7,7.4
2024-08-01T12:00,38.0,13,0.0,902.3,13.0
2024-08-01T13:00,38.8,13,0.0,901.9,17.8
2024-08-01T14:00,39.2,13,0.0,901.5,20.7
2024-08-01T15:00,39.3,13,0.0,901.1,21.8
2024-08-01T16:00,38.7,13,0.0,900.6,24.6
2024-08-01T17:00,38.2,13,0.0,900.4,22.3
2024-08-01T18:00,37.5,14,0.0,900.2,20.7
2024-08-01T19:00,36.3,15,0.0,899.9,19.7
2024-08-01T20:00,35.5,16,0.0,900.0,18.7
2024-08-01T21:00,34.2,18,0.0,900.4,16.7
2024-08-01T22:00,33.1,19,0.0,900.3,12.0
2024-08-01T23:00,32.0,20,0.0,899.8,10.6
2024-08-02T00:00,31.5,20,0.0,899.5,13.0
2024-08-02T01:00,30.5,21,0.0,898.9,11.8
2024-08-02T02:00,29.9,22,0.0,898.9,14.2
2024-08-02T03:00,29.0,23,0.0,898.8,14.6
2024-08-02T04:00,29.1,22,0.0,898.9,14.8
2024-08-02T05:00,28.5,23,0.0,898.7,12.2
2024-08-02T06:00,27.5,24,0.0,898.7,8.8
2024-08-02T07:00,30.0,21,0.0,899.9,5.4
2024-08-02T08:00,32.2,19,0.0,901.0,7.6
2024-08-02T09:00,33.9,17,0.0,901.4,14.2
2024-08-02T10:00,35.5,16,0.0,901.6,13.8
2024-08-02T11:00,36.1,15,0.0,901.4,20.9
2024-08-02T12:00,37.0,15,0.0,901.0,17.0
2024-08-02T13:00,37.9,14,0.0,900.5,15.9
2024-08-02T14:00,38.7,13,0.0,900.3,17.1
2024-08-02T15:00,39.0,13,0.0,899.7,18.9
2024-08-02T16:00,38.8,13,0.0,899.5,20.5
2024-08-02T17:00,38.2,13,0.0,899.1,21.8
2024-08-02T18:00,37.3,14,0.0,898.9,21.1
2024-08-02T19:00,35.9,15,0.0,898.8,21.2
2024-08-02T20:00,34.9,16,0.0,898.8,21.7
2024-08-02T21:00,33.7,17,0.0,899.3,22.0
2024-08-02T22:00,32.5,18,0.0,899.3,19.8
2024-08-02T23:00,31.5,19,0.0,898.9,17.6
2024-08-03T00:00,30.5,20,0.0,898.2,16.1
2024-08-03T01:00,29.6,22,0.0,897.9,18.5
2024-08-03T02:00,28.9,23,0.0,897.2,14.9
2024-08-03T03:00,27.8,25,0.0,896.7,10.2
2024-08-03T04:00,27.1,27,0.0,896.9,7.4
2024-08-03T05:00,26.9,27,0.0,897.3,6.0
2024-08-03T06:00,26.5,28,0.0,897.6,8.9
2024-08-03T07:00,28.7,24,0.0,899.0,7.9
2024-08-03T08:00,31.0,19,0.0,900.3,12.8
2024-08-03T09:00,32.2,16,0.0,900.8,15.3
2024-08-03T10:00,33.6,15,0.0,901.0,15.0
2024-08-03T11:00,34.8,14,0.0,901.0,16.8
2024-08-03T12:00,35.7,14,0.0,901.0,18.8
2024-08-03T13:00,36.5,13,0.0,900.8,17.6
2024-08-03T14:00,37.2,13,0.0,900.5,17.4
2024-08-03T15:00,37.5,13,0.0,900.0,18.9
2024-08-03T16:00,37.3,13,0.0,900.1,21.3
2024-08-03T17:00,36.8,14,0.0,899.6,23.5
2024-08-03T18:00,35.8,15,0.0,899.7,23.7
2024-08-03T19:00,34.9,15,0.0,899.7,18.4
2024-08-03T20:00,33.9,16,0.0,899.8,14.9
2024-08-03T21:00,33.0,17,0.0,899.8,14.8
2024-08-03T22:00,32.0,18,0.0,899.6,10.4
2024-08-03T23:00,30.3,20,0.0,898.9,8.2
2024-08-04T00:00,29.1,22,0.0,898.2,6.1
2024-08-04T01:00,28.2,23,0.0,898.2,9.5
2024-08-04T02:00,26.9,25,0.0,897.8,6.8
2024-08-04T03:00,26.3,25,0.0,898.1,8.5
2024-08-04T04:00,26.5,27,0.0,898.4,9.3
2024-08-04T05:00,26.2,27,0.0,898.8,11.2
2024-08-04T06:00,26.2,27,0.0,899.3,12.8
2024-08-04T07:00,27.9,25,0.0,900.4,13.8
2024-08-04T08:00,29.6,22,0.0,901.3,16.0
2024-08-04T09:00,31.0,18,0.0,901.8,19.0
2024-08-04T10:00,32.1,17,0.0,902.0,18.5
2024-08-04T11:00,33.5,16,0.0,902.2,16.6
2024-08-04T12:00,34.9,15,0.0,901.9,18.9
2024-08-04T13:00,35.8,15,0.0,901.3,22.4
2024-08-04T14:00,36.3,14,0.0,900.7,25.4
2024-08-04T15:00,36.5,13,0.0,900.4,26.4
2024-08-04T16:00,35.8,13,0.0,900.7,25.3
2024-08-04T17:00,35.2,13,0.0,900.1,26.7
2024-08-04T18:00,34.2,14,0.0,900.0,25.0
2024-08-04T19:00,33.1,15,0.0,899.9,20.7
2024-08-04T20:00,32.2,16,0.0,899.9,15.3
2024-08-04T21:00,31.0,17,0.0,900.0,13.6
2024-08-04T22:00,29.5,19,0.0,899.5,9.7
2024-08-04T23:00,28.0,21,0.0,898.9,8.4
2024-08-05T00:00,26.7,24,0.0,898.2,7.2
2024-08-05T01:00,26.2,25,0.0,898.0,6.8
2024-08-05T02:00,25.3,26,0.0,897.6,7.7
2024-08-05T03:00,24.6,26,0.0,897.3,8.0
2024-08-05T04:00,24.7,27,0.0,897.4,9.1
2024-08-05T05:00,24.2,27,0.0,897.3,9.5
2024-08-05T06:00,24.2,26,0.0,897.8,10.2
2024-08-05T07:00,26.4,23,0.0,898.8,9.2
2024-08-05T08:00,29.9,19,0.0,900.0,5.9
2024-08-05T09:00,32.8,14,0.0,900.8,12.5
2024-08-05T10:00,34.2,13,0.0,901.0,18.4
2024-08-05T11:00,35.2,12,0.0,901.3,19.9
2024-08-05T12:00,36.1,12,0.0,901.3,21.5
2024-08-05T13:00,36.8,12,0.0,900.9,23.7
2024-08-05T14:00,37.2,12,0.0,900.5,25.3
2024-08-05T15:00,37.2,12,0.0,900.2,26.8
2024-08-05T16:00,36.7,14,0.0,900.1,25.9
2024-08-05T17:00,36.0,15,0.0,899.7,25.7
2024-08-05T18:00,35.2,17,0.0,899.4,24.5
2024-08-05T19:00,34.5,18,0.0,899.3,18.1
2024-08-05T20:00,33.3,20,0.0,899.4,14.4
2024-08-05T21:00,31.7,22,0.0,899.4,7.2
2024-08-05T22:00,31.2,23,0.0,899.6,3.3
2024-08-05T23:00,30.8,23,0.0,899.4,1.1
2024-08-06T00:00,30.1,24,0.0,899.0,3.0
2024-08-06T01:00,28.7,27,0.0,898.4,4.3
2024-08-06T02:00,26.9,30,0.0,897.5,6.7
2024-08-06T03:00,26.4,31,0.0,897.5,7.3
2024-08-06T04:00,25.9,32,0.0,897.6,7.9
2024-08-06T05:00,25.9,31,0.0,897.6,7.1
2024-08-06T06:00,26.0,30,0.0,898.1,6.5
2024-08-06T07:00,28.1,26,0.0,899.2,7.2
2024-08-06T08:00,30.6,22,0.0,899.8,4.1
2024-08-06T09:00,32.8,19,0.0,900.4,7.6
2024-08-06T10:00,34.1,18,0.0,900.8,7.2
2024-08-06T11:00,35.2,17,0.0,900.7,6.6
2024-08-06T12:00,36.5,15,0.0,900.6,7.2
2024-08-06T13:00,38.5,13,0.0,899.9,12.6
2024-08-06T14:00,38.4,15,0.0,899.2,25.3
2024-08-06T15:00,38.2,15,0.0,899.0,20.9
2024-08-06T16:00,37.9,16,0.0,898.8,21.0
2024-08-06T17:00,37.6,15,0.0,898.7,21.4
2024-08-06T18:00,36.8,16,0.0,898.7,19.6
2024-08-06T19:00,35.5,17,0.0,898.6,14.3
2024-08-06T20:00,34.2,18,0.0,899.2,13.0
2024-08-06T21:00,33.0,17,0.0,899.4,15.9
2024-08-06T22:00,31.7,17,0.0,899.3,16.2
2024-08-06T23:00,30.6,17,0.0,899.1,13.3
2024-08-07T00:00,29.6,18,0.0,898.5,13.8
2024-08-07T01:00,29.0,16,0.0,898.2,16.5
2024-08-07T02:00,28.0,13,0.0,897.6,15.2
2024-08-07T03:00,27.0,13,0.0,897.2,12.2
2024-08-07T04:00,27.0,13,0.0,897.2,6.2
2024-08-07T05:00,27.2,13,0.0,898.0,5.5
2024-08-07T06:00,26.0,14,0.0,898.2,6.1
2024-08-07T07:00,27.5,12,0.0,899.1,7.7
2024-08-07T08:00,30.6,10,0.0,900.2,4.7
2024-08-07T09:00,33.5,8,0.0,901.1,10.1
2024-08-07T10:00,34.9,8,0.0,901.4,16.3
2024-08-07T11:00,36.0,7,0.0,901.6,16.4
2024-08-07T12:00,36.9,7,0.0,901.9,17.3
2024-08-07T13:00,37.6,7,0.0,901.5,18.9
2024-08-07T14:00,38.1,7,0.0,901.2,20.3
2024-08-07T15:00,38.3,8,0.0,900.7,20.1
2024-08-07T16:00,38.1,7,0.0,900.6,20.1
2024-08-07T17:00,37.5,8,0.0,900.4,21.6
2024-08-07T18:00,36.6,9,0.0,900.2,19.0
2024-08-07T19:00,35.2,10,0.0,900.0,16.2
2024-08-07T20:00,33.8,11,0.0,899.8,14.8
2024-08-07T21:00,32.5,12,0.0,899.9,15.1
2024-08-07T22:00,31.4,13,0.0,899.7,14.1
2024-08-07T23:00,30.1,13,0.0,899.5,12.2
2024-08-08T00:00,29.1,14,0.0,898.9,11.4
2024-08-08T01:00,28.4,14,0.0,898.6,11.0
2024-08-08T02:00,28.0,14,0.0,898.4,11.8
2024-08-08T03:00,27.5,14,0.0,898.5,11.7
2024-08-08T04:00,27.2,15,0.0,898.7,11.0
2024-08-08T05:00,26.5,16,0.0,898.7,10.4
2024-08-08T06:00,26.1,17,0.0,899.2,8.8
2024-08-08T07:00,28.7,15,0.0,900.4,6.3
2024-08-08T08:00,31.9,12,0.0,901.7,5.4
2024-08-08T09:00,34.0,10,0.0,902.3,12.2
2024-08-08T10:00,35.7,9,0.0,902.7,17.3
2024-08-08T11:00,36.7,9,0.0,902.6,19.0
2024-08-08T12:00,37.5,8,0.0,902.8,19.4
2024-08-08T13:00,38.2,8,0.0,902.4,20.4
2024-08-08T14:00,38.6,9,0.0,902.1,21.4
2024-08-08T15:00,38.8,9,0.0,901.8,21.5
2024-08-08T16:00,38.7,9,0.0,901.8,20.9
2024-08-08T17:00,38.2,9,0.0,901.7,20.6
2024-08-08T18:00,37.5,10,0.0,901.5,19.6
2024-08-08T19:00,36.1,11,0.0,901.4,15.1
2024-08-08T20:00,34.8,12,0.0,901.1,14.4
2024-08-08T21:00,33.6,13,0.0,900.9,13.7
2024-08-08T22:00,32.3,14,0.0,900.7,11.2
2024-08-08T23:00,31.0,15,0.0,900.0,10.0
2024-08-09T00:00,30.5,16,0.0,899.8,11.1
2024-08-09T01:00,30.1,16,0.0,899.5,12.2
2024-08-09T02:00,29.2,17,0.0,899.3,10.8
2024-08-09T03:00,29.2,17,0.0,899.7,13.6
2024-08-09T04:00,27.9,18,0.0,899.6,12.8
2024-08-09T05:00,26.6,20,0.0,899.3,10.2
2024-08-09T06:00,26.6,22,0.0,899.9,7.9
2024-08-09T07:00,28.9,20,0.0,901.3,5.3
2024-08-09T08:00,31.6,16,0.0,902.5,3.2
2024-08-09T09:00,34.0,14,0.0,903.5,5.0
2024-08-09T10:00,36.0,12,0.0,903.8,9.7
2024-08-09T11:00,37.3,11,0.0,903.7,11.5
2024-08-09T12:00,38.5,10,0.0,903.6,13.0
2024-08-09T13:00,39.6,10,0.0,903.3,16.7
2024-08-09T14:00,40.2,10,0.0,903.0,21.2
2024-08-09T15:00,40.2,10,0.0,902.8,22.9
2024-08-09T16:00,39.5,10,0.0,902.7,19.1
2024-08-09T17:00,39.0,11,0.0,902.4,19.8
2024-08-09T18:00,38.2,11,0.0,902.3,17.7
2024-08-09T19:00,37.1,12,0.0,902.2,13.7
2024-08-09T20:00,35.8,13,0.0,902.3,13.0
2024-08-09T21:00,34.5,14,0.0,902.2,12.0
2024-08-09T22:00,33.3,15,0.0,902.0,12.2
2024-08-09T23:00,32.3,16,0.0,901.5,11.6
2024-08-10T00:00,31.5,16,0.0,901.2,11.4
2024-08-10T01:00,30.5,18,0.0,900.6,10.4
2024-08-10T02:00,30.0,18,0.0,900.4,11.2
2024-08-10T03:00,28.6,21,0.0,900.0,8.2
2024-08-10T04:00,28.3,22,0.0,900.2,8.0
2024-08-10T05:00,27.7,22,0.0,900.5,9.0
2024-08-10T06:00,27.4,22,0.0,900.8,9.5
2024-08-10T07:00,29.7,19,0.0,901.9,7.4
2024-08-10T08:00,32.3,15,0.0,903.0,6.4
2024-08-10T09:00,34.7,12,0.0,903.6,11.0
2024-08-10T10:00,36.2,12,0.0,903.8,16.6
2024-08-10T11:00,37.4,11,0.0,903.8,18.2
2024-08-10T12:00,38.3,11,0.0,903.6,18.8
2024-08-10T13:00,39.1,11,0.0,903.2,20.1
2024-08-10T14:00,39.5,11,0.0,902.9,21.1
2024-08-10T15:00,39.7,11,0.0,902.5,21.9
2024-08-10T16:00,39.4,11,0.0,902.5,22.1
2024-08-10T17:00,39.0,12,0.0,902.2,21.7
2024-08-10T18:00,38.1,12,0.0,902.0,19.8
2024-08-10T19:00,36.9,13,0.0,901.7,16.4
2024-08-10T20:00,35.7,15,0.0,901.8,15.5
2024-08-10T21:00,34.5,16,0.0,901.9,14.0
2024-08-10T22:00,33.5,17,0.0,901.8,14.0
2024-08-10T23:00,32.5,18,0.0,901.2,13.9
2024-08-11T00:00,31.6,18,0.0,900.8,13.8
2024-08-11T01:00,30.9,18,0.0,900.2,13.3
2024-08-11T02:00,30.2,19,0.0,899.9,14.3
2024-08-11T03:00,29.5,19,0.0,899.7,13.2
2024-08-11T04:00,29.2,19,0.0,899.2,12.2
2024-08-11T05:00,28.8,19,0.0,899.3,13.0
2024-08-11T06:00,28.3,18,0.0,899.5,12.5
2024-08-11T07:00,30.0,16,0.0,900.6,11.5
2024-08-11T08:00,32.3,14,0.0,901.7,15.7
2024-08-11T09:00,33.7,14,0.0,902.2,21.6
2024-08-11T10:00,34.9,13,0.0,902.3,22.5
2024-08-11T11:00,36.3,12,0.0,902.4,20.8
2024-08-11T12:00,37.6,11,0.0,902.0,18.6
2024-08-11T13:00,38.7,11,0.0,901.7,18.3
2024-08-11T14:00,39.2,11,0.0,901.4,19.3
2024-08-11T15:00,39.5,12,0.0,900.8,20.5
2024-08-11T16:00,39.2,12,0.0,900.5,19.9
2024-08-11T17:00,38.7,12,0.0,900.0,20.8
2024-08-11T18:00,37.8,13,0.0,899.9,18.9
2024-08-11T19:00,36.5,14,0.0,899.8,14.2
2024-08-11T20:00,35.3,15,0.0,899.8,12.0
2024-08-11T21:00,34.1,16,0.0,899.8,12.4
2024-08-11T22:00,32.8,17,0.0,899.5,12.7
2024-08-11T23:00,31.3,19,0.0,899.1,9.6
2024-08-12T00:00,30.0,20,0.0,898.5,8.0
2024-08-12T01:00,29.8,20,0.0,898.3,11.5
2024-08-12T02:00,28.9,21,0.0,898.0,12.1
2024-08-12T03:00,27.8,22,0.0,897.8,10.0
2024-08-12T04:00,27.6,22,0.0,897.6,10.4
2024-08-12T05:00,27.2,22,0.0,897.8,12.6
2024-08-12T06:00,26.6,23,0.0,898.0,11.4
2024-08-12T07:00,28.4,20,0.0,899.2,8.4
2024-08-12T08:00,30.7,17,0.0,900.2,9.2
2024-08-12T09:00,32.9,14,0.0,900.9,14.5
2024-08-12T10:00,34.5,14,0.0,901.2,14.7
2024-08-12T11:00,35.9,13,0.0,901.1,12.8
2024-08-12T12:00,37.2,13,0.0,900.9,11.3
2024-08-12T13:00,38.5,12,0.0,900.7,10.8
2024-08-12T14:00,39.5,12,0.0,900.0,11.2
2024-08-12T15:00,40.2,12,0.0,899.5,15.1
2024-08-12T16:00,40.2,12,0.0,899.2,20.8
2024-08-12T17:00,39.8,12,0.0,898.9,21.3
2024-08-12T18:00,38.3,13,0.0,898.7,23.2
2024-08-12T19:00,36.9,15,0.0,898.9,17.7
2024-08-12T20:00,35.6,16,0.0,899.2,16.2
2024-08-12T21:00,34.3,17,0.0,899.3,15.2
2024-08-12T22:00,33.1,19,0.0,899.3,12.2
2024-08-12T23:00,31.8,21,0.0,899.0,9.6
2024-08-13T00:00,31.1,21,0.0,898.9,11.0
2024-08-13T01:00,29.9,24,0.0,898.7,6.4
2024-08-13T02:00,29.3,24,0.0,898.6,6.9
2024-08-13T03:00,28.9,24,0.0,898.7,10.5
2024-08-13T04:00,28.4,25,0.0,898.5,10.7
2024-08-13T05:00,27.3,26,0.0,898.4,8.7
2024-08-13T06:00,26.9,27,0.0,898.5,7.6
2024-08-13T07:00,29.6,22,0.0,900.0,6.1
2024-08-13T08:00,32.0,19,0.0,901.1,6.7
2024-08-13T09:00,34.0,17,0.0,901.6,12.8
2024-08-13T10:00,35.7,16,0.0,901.9,13.3
2024-08-13T11:00,37.1,15,0.0,902.0,12.2
2024-08-13T12:00,38.3,14,0.0,901.9,10.1
2024-08-13T13:00,39.2,13,0.0,901.7,8.3
2024-08-13T14:00,40.2,12,0.0,901.4,12.5
2024-08-13T15:00,40.7,12,0.0,900.9,17.4
2024-08-13T16:00,40.4,12,0.0,900.9,17.4
2024-08-13T17:00,39.9,12,0.0,900.9,18.3
2024-08-13T18:00,39.4,12,0.0,900.7,15.9
2024-08-13T19:00,38.4,13,0.0,900.8,15.8
2024-08-13T20:00,36.8,14,0.0,900.8,20.9
2024-08-13T21:00,35.5,15,0.0,900.9,19.8
2024-08-13T22:00,34.3,17,0.0,901.0,15.7
2024-08-13T23:00,33.2,18,0.0,900.8,15.3
2024-08-14T00:00,32.2,19,0.0,900.4,14.7
2024-08-14T01:00,31.2,20,0.0,900.0,12.3
2024-08-14T02:00,30.1,22,0.0,899.9,9.8
2024-08-14T03:00,29.5,23,0.0,899.7,9.7
2024-08-14T04:00,29.5,23,0.0,899.8,14.3
2024-08-14T05:00,29.0,23,0.0,899.7,13.8
2024-08-14T06:00,28.6,23,0.0,899.9,12.9
2024-08-14T07:00,30.2,21,0.0,900.9,11.4
2024-08-14T08:00,32.5,18,0.0,901.9,13.3
2024-08-14T09:00,34.8,15,0.0,902.4,15.2
2024-08-14T10:00,36.5,13,0.0,902.7,14.2
2024-08-14T11:00,38.0,13,0.0,902.7,10.8
2024-08-14T12:00,39.1,12,0.0,902.6,7.8
2024-08-14T13:00,40.0,12,0.0,902.1,5.9
2024-08-14T14:00,41.0,11,0.0,901.8,11.7
2024-08-14T15:00,41.5,11,0.0,901.3,19.1
2024-08-14T16:00,41.3,11,0.0,901.2,25.3
2024-08-14T17:00,40.4,11,0.0,901.1,25.5
2024-08-14T18:00,39.6,12,0.0,900.9,23.5
2024-08-14T19:00,38.2,13,0.0,900.7,19.1
2024-08-14T20:00,37.2,14,0.0,900.9,18.0
2024-08-14T21:00,35.8,15,0.0,901.0,18.5
2024-08-14T22:00,34.6,15,0.0,901.2,15.9
2024-08-14T23:00,33.2,16,0.0,901.0,12.8
2024-08-15T00:00,32.3,17,0.0,900.5,13.4
2024-08-15T01:00,31.7,16,0.0,900.0,14.3
2024-08-15T02:00,31.0,17,0.0,899.8,13.0
2024-08-15T03:00,29.6,19,0.0,899.7,6.6
2024-08-15T04:00,30.3,18,0.0,899.9,10.9
2024-08-15T05:00,30.6,17,0.0,900.2,9.9
2024-08-15T06:00,29.5,19,0.0,900.2,7.6
2024-08-15T07:00,31.2,17,0.0,901.3,3.9
2024-08-15T08:00,32.7,15,0.0,902.2,0.8
2024-08-15T09:00,34.7,14,0.0,902.9,1.3
2024-08-15T10:00,37.2,12,0.0,903.2,3.2
2024-08-15T11:00,39.5,11,0.0,903.1,6.9
2024-08-15T12:00,41.0,10,0.0,902.9,9.0
2024-08-15T13:00,41.6,10,0.0,902.3,10.6
2024-08-15T14:00,41.7,10,0.0,901.7,13.3
2024-08-15T15:00,42.2,10,0.0,901.2,18.9
2024-08-15T16:00,42.2,10,0.0,900.6,5.6
2024-08-15T17:00,42.4,10,0.0,900.4,6.7
2024-08-15T18:00,41.3,10,0.0,900.2,21.3
2024-08-15T19:00,40.2,11,0.0,900.3,20.7
2024-08-15T20:00,39.2,11,0.0,900.6,19.6
2024-08-15T21:00,37.8,13,0.0,901.0,19.5
2024-08-15T22:00,36.5,13,0.0,901.0,14.3
2024-08-15T23:00,34.9,14,0.0,900.6,10.5
2024-08-16T00:00,33.5,16,0.0,899.7,9.7
2024-08-16T01:00,32.4,16,0.0,899.3,10.5
2024-08-16T02:00,32.2,17,0.0,899.2,3.6
2024-08-16T03:00,30.4,19,0.0,898.6,7.2
2024-08-16T04:00,29.8,20,0.0,898.3,7.1
2024-08-16T05:00,29.2,20,0.0,898.0,8.2
2024-08-16T06:00,29.2,20,0.0,898.4,6.8
2024-08-16T07:00,31.4,18,0.0,899.2,6.0
2024-08-16T08:00,33.7,15,0.0,900.1,7.6
2024-08-16T09:00,36.1,13,0.0,900.7,13.1
2024-08-16T10:00,38.3,12,0.0,900.8,17.7
2024-08-16T11:00,40.1,11,0.0,900.6,19.8
2024-08-16T12:00,41.5,10,0.0,900.1,17.0
2024-08-16T13:00,42.2,10,0.0,899.5,13.0
2024-08-16T14:00,42.7,10,0.0,898.5,9.5
2024-08-16T15:00,42.7,9,0.0,898.0,8.3
2024-08-16T16:00,42.0,10,0.0,897.6,7.1
2024-08-16T17:00,42.2,9,0.0,897.4,5.5
2024-08-16T18:00,41.7,10,0.0,897.2,3.9
2024-08-16T19:00,40.8,11,0.0,897.2,10.3
2024-08-16T20:00,39.8,13,0.0,897.5,13.0
2024-08-16T21:00,38.2,14,0.0,897.9,21.2
2024-08-16T22:00,36.6,16,0.0,898.5,23.5
2024-08-16T23:00,35.0,17,0.0,898.6,20.3
2024-08-17T00:00,34.0,17,0.0,898.4,15.6
2024-08-17T01:00,33.8,17,0.0,897.9,18.5
2024-08-17T02:00,33.5,17,0.0,897.5,17.7
2024-08-17T03:00,32.8,18,0.0,897.1,16.0
2024-08-17T04:00,32.2,19,0.0,896.7,14.0
2024-08-17T05:00,31.5,19,0.0,896.7,11.5
2024-08-17T06:00,30.4,21,0.0,896.7,10.6
2024-08-17T07:00,32.0,19,0.0,897.7,10.3
2024-08-17T08:00,34.2,17,0.0,898.5,9.2
2024-08-17T09:00,36.2,15,0.0,899.3,12.0
2024-08-17T10:00,37.8,13,0.0,899.6,13.7
2024-08-17T11:00,38.8,12,0.0,899.5,13.7
2024-08-17T12:00,39.7,12,0.0,899.1,11.4
2024-08-17T13:00,40.5,11,0.0,898.7,10.5
2024-08-17T14:00,41.2,11,0.0,898.4,10.9
2024-08-17T15:00,41.8,11,0.0,897.8,13.5
2024-08-17T16:00,41.7,10,0.0,897.8,17.3
2024-08-17T17:00,41.2,11,0.0,897.4,22.7
2024-08-17T18:00,39.8,12,0.0,897.3,23.2
2024-08-17T19:00,38.6,13,0.0,897.2,16.0
2024-08-17T20:00,37.3,15,0.0,897.8,16.1
2024-08-17T21:00,36.2,16,0.0,898.4,12.5
2024-08-17T22:00,35.3,17,0.0,898.5,14.6
2024-08-17T23:00,34.3,17,0.0,898.5,16.4
2024-08-18T00:00,33.5,18,0.0,898.2,17.1
2024-08-18T01:00,32.5,19,0.0,898.0,17.1
2024-08-18T02:00,31.4,21,0.0,897.7,14.1
2024-08-18T03:00,30.5,23,0.0,897.9,11.9
2024-08-18T04:00,31.5,22,0.0,898.2,11.1
2024-08-18T05:00,30.6,23,0.0,898.3,9.5
2024-08-18T06:00,30.4,23,0.0,898.7,10.8
2024-08-18T07:00,31.0,22,0.0,899.5,8.8
2024-08-18T08:00,32.4,20,0.0,900.4,10.6
2024-08-18T09:00,34.2,17,0.0,901.3,10.0
2024-08-18T10:00,36.4,14,0.0,901.7,12.3
2024-08-18T11:00,37.9,13,0.0,901.7,11.2
2024-08-18T12:00,39.0,13,0.0,901.5,10.0
2024-08-18T13:00,39.9,12,0.0,901.1,9.2
2024-08-18T14:00,40.7,11,0.0,900.7,8.7
2024-08-18T15:00,41.5,10,0.0,900.2,12.3
2024-08-18T16:00,41.7,10,0.0,900.0,18.1
2024-08-18T17:00,41.3,11,0.0,899.9,20.6
2024-08-18T18:00,40.0,11,0.0,899.9,26.2
2024-08-18T19:00,38.7,12,0.0,900.1,19.7
2024-08-18T20:00,37.7,14,0.0,900.7,18.3
2024-08-18T21:00,36.5,15,0.0,901.2,14.2
2024-08-18T22:00,35.7,16,0.0,901.2,13.1
2024-08-18T23:00,34.7,17,0.0,900.8,13.5
2024-08-19T00:00,33.8,17,0.0,900.7,14.3
2024-08-19T01:00,33.1,14,0.0,900.3,14.4
2024-08-19T02:00,32.5,13,0.0,900.0,15.8
2024-08-19T03:00,32.1,13,0.0,900.2,14.3
2024-08-19T04:00,32.0,14,0.0,900.2,13.1
2024-08-19T05:00,31.5,15,0.0,900.1,13.4
2024-08-19T06:00,30.9,15,0.0,900.4,12.0
2024-08-19T07:00,32.6,14,0.0,901.3,9.7
2024-08-19T08:00,35.0,12,0.0,902.6,10.5
2024-08-19T09:00,37.2,11,0.0,903.3,18.3
2024-08-19T10:00,38.5,10,0.0,903.5,16.3
2024-08-19T11:00,39.4,10,0.0,903.6,15.2
2024-08-19T12:00,40.2,10,0.0,903.3,14.4
2024-08-19T13:00,41.0,10,0.0,902.9,13.0
2024-08-19T14:00,41.7,10,0.0,902.4,13.6
2024-08-19T15:00,42.4,10,0.0,901.8,19.7
2024-08-19T16:00,42.3,9,0.0,901.9,18.9
2024-08-19T17:00,40.9,10,0.0,901.7,23.8
2024-08-19T18:00,40.1,11,0.0,901.9,21.3
2024-08-19T19:00,38.8,12,0.0,901.8,15.0
2024-08-19T20:00,37.5,13,0.0,902.1,12.7
2024-08-19T21:00,36.0,14,0.0,902.0,10.9
2024-08-19T22:00,34.8,15,0.0,901.9,11.0
2024-08-19T23:00,34.1,15,0.0,901.7,13.5
2024-08-20T00:00,33.5,15,0.0,901.5,15.4
2024-08-20T01:00,32.7,16,0.0,901.2,15.1
2024-08-20T02:00,31.9,17,0.0,900.8,14.8
2024-08-20T03:00,31.5,17,0.0,901.0,17.9
2024-08-20T04:00,31.1,17,0.0,900.9,17.8
2024-08-20T05:00,30.5,18,0.0,900.8,17.4
2024-08-20T06:00,29.9,18,0.0,900.8,17.4
2024-08-20T07:00,31.1,16,0.0,901.5,18.7
2024-08-20T08:00,33.2,14,0.0,902.2,19.5
2024-08-20T09:00,35.0,13,0.0,902.7,19.7
2024-08-20T10:00,36.7,12,0.0,903.3,18.2
2024-08-20T11:00,38.1,11,0.0,903.2,17.0
2024-08-20T12:00,39.3,11,0.0,903.0,15.2
2024-08-20T13:00,40.0,10,0.0,902.3,13.4
2024-08-20T14:00,40.6,10,0.0,901.7,14.0
2024-08-20T15:00,40.8,10,0.0,901.1,16.2
2024-08-20T16:00,40.4,9,0.0,901.4,19.3
2024-08-20T17:00,39.7,10,0.0,901.0,20.5
2024-08-20T18:00,38.7,10,0.0,900.6,21.2
2024-08-20T19:00,37.3,11,0.0,900.4,17.7
2024-08-20T20:00,36.2,12,0.0,900.8,15.2
2024-08-20T21:00,34.9,13,0.0,901.0,14.3
2024-08-20T22:00,33.5,14,0.0,900.9,12.9
2024-08-20T23:00,32.5,15,0.0,900.6,12.1
2024-08-21T00:00,31.6,16,0.0,900.2,13.4
2024-08-21T01:00,30.8,17,0.0,899.9,12.2
2024-08-21T02:00,29.6,18,0.0,899.4,10.1
2024-08-21T03:00,28.7,20,0.0,899.0,9.0
2024-08-21T04:00,29.9,19,0.0,899.5,3.9
2024-08-21T05:00,29.1,20,0.0,899.2,5.8
2024-08-21T06:00,30.5,18,0.0,899.9,1.8
2024-08-21T07:00,30.0,19,0.0,900.0,6.0
2024-08-21T08:00,31.5,17,0.0,900.9,6.8
2024-08-21T09:00,33.6,15,0.0,901.4,5.7
2024-08-21T10:00,35.9,13,0.0,901.8,8.8
2024-08-21T11:00,37.8,12,0.0,901.8,12.4
2024-08-21T12:00,39.0,11,0.0,901.3,10.1
2024-08-21T13:00,39.8,10,0.0,900.9,7.0
2024-08-21T14:00,40.3,10,0.0,900.5,6.1
2024-08-21T15:00,40.7,9,0.0,900.0,6.9
2024-08-21T16:00,40.5,10,0.0,899.7,5.8
2024-08-21T17:00,40.5,9,0.0,899.1,10.8
2024-08-21T18:00,39.5,10,0.0,898.8,20.1
2024-08-21T19:00,38.0,11,0.0,898.8,16.1
2024-08-21T20:00,37.2,11,0.0,899.0,15.8
2024-08-21T21:00,35.5,12,0.0,899.5,16.6
2024-08-21T22:00,34.2,13,0.0,899.5,13.4
2024-08-21T23:00,32.8,14,0.0,899.4,11.8
2024-08-22T00:00,31.4,15,0.0,899.0,8.4
2024-08-22T01:00,30.4,16,0.0,899.0,8.3
2024-08-22T02:00,30.0,18,0.0,898.5,6.6
2024-08-22T03:00,29.5,18,0.0,898.6,5.8
2024-08-22T04:00,31.4,16,0.0,899.0,4.7
2024-08-22T05:00,29.6,19,0.0,898.4,8.0
2024-08-22T06:00,29.4,20,0.0,898.8,11.5
2024-08-22T07:00,31.2,20,0.0,899.6,13.0
2024-08-22T08:00,34.5,17,0.0,900.4,15.8
2024-08-22T09:00,37.2,16,0.0,901.1,26.0
2024-08-22T10:00,39.2,14,0.0,901.5,28.9
2024-08-22T11:00,40.5,13,0.0,901.5,22.8
2024-08-22T12:00,40.7,12,0.0,901.3,16.8
2024-08-22T13:00,41.4,11,0.0,901.1,14.8
2024-08-22T14:00,41.1,11,0.0,900.7,12.5
2024-08-22T15:00,41.0,11,0.0,900.4,4.4
2024-08-22T16:00,40.5,12,0.0,900.4,11.8
2024-08-22T17:00,41.3,10,0.0,899.8,13.8
2024-08-22T18:00,40.2,12,0.0,899.7,14.8
2024-08-22T19:00,38.5,14,0.0,899.6,14.6
2024-08-22T20:00,37.1,16,0.0,899.7,13.8
2024-08-22T21:00,36.6,16,0.0,900.1,16.6
2024-08-22T22:00,35.8,17,0.0,900.5,19.5
2024-08-22T23:00,35.1,19,0.0,900.7,27.6
2024-08-23T00:00,33.9,20,0.0,900.4,20.5
2024-08-23T01:00,33.2,22,0.0,900.1,24.7
2024-08-23T02:00,32.5,24,0.0,900.0,26.8
2024-08-23T03:00,32.0,26,0.0,899.9,27.4
2024-08-23T04:00,32.1,25,0.0,900.2,22.0
2024-08-23T05:00,32.0,26,0.0,900.1,25.6
2024-08-23T06:00,31.8,27,0.0,900.3,28.1
2024-08-23T07:00,32.8,26,0.0,901.0,31.7
2024-08-23T08:00,34.3,24,0.0,901.6,30.1
2024-08-23T09:00,36.2,18,0.0,902.4,32.8
2024-08-23T10:00,38.4,14,0.0,902.9,25.0
2024-08-23T11:00,39.8,12,0.0,903.0,20.2
2024-08-23T12:00,40.8,11,0.0,902.8,17.3
2024-08-23T13:00,41.5,10,0.0,902.3,16.3
2024-08-23T14:00,42.0,10,0.0,902.1,18.0
2024-08-23T15:00,42.0,10,0.0,902.0,19.1
2024-08-23T16:00,41.5,10,0.0,901.8,20.5
2024-08-23T17:00,40.8,10,0.0,901.4,20.6
2024-08-23T18:00,40.2,10,0.0,901.3,14.5
2024-08-23T19:00,38.6,11,0.0,900.8,9.1
2024-08-23T20:00,36.8,13,0.0,900.7,7.2
2024-08-23T21:00,35.7,13,0.0,900.9,9.3
2024-08-23T22:00,35.4,13,0.0,901.2,14.3
2024-08-23T23:00,34.2,14,0.0,901.1,12.1
2024-08-24T00:00,32.0,17,0.0,900.7,8.3
2024-08-24T01:00,31.3,18,0.0,900.4,10.6
2024-08-24T02:00,31.3,18,0.0,900.5,14.6
2024-08-24T03:00,31.1,18,0.0,900.6,15.9
2024-08-24T04:00,31.1,18,0.0,900.4,15.6
2024-08-24T05:00,30.5,19,0.0,900.4,14.2
2024-08-24T06:00,30.1,19,0.0,900.5,11.8
2024-08-24T07:00,31.0,18,0.0,901.0,9.4
2024-08-24T08:00,33.2,16,0.0,902.0,10.2
2024-08-24T09:00,34.8,15,0.0,902.8,6.8
2024-08-24T10:00,36.4,15,0.0,902.9,5.8
2024-08-24T11:00,38.2,13,0.0,903.0,8.6
2024-08-24T12:00,39.5,12,0.0,902.6,6.6
2024-08-24T13:00,40.1,11,0.0,902.2,3.4
2024-08-24T14:00,40.7,10,0.0,901.7,4.8
2024-08-24T15:00,40.9,10,0.0,901.3,9.2
2024-08-24T16:00,41.2,10,0.0,900.9,15.7
2024-08-24T17:00,40.5,10,0.0,900.4,12.8
2024-08-24T18:00,40.2,10,0.0,900.2,7.4
2024-08-24T19:00,39.2,10,0.0,899.9,14.0
2024-08-24T20:00,37.8,11,0.0,900.3,17.4
2024-08-24T21:00,36.3,12,0.0,900.6,15.3
2024-08-24T22:00,35.2,12,0.0,900.6,11.9
2024-08-24T23:00,33.2,14,0.0,900.2,6.9
2024-08-25T00:00,32.8,16,0.0,900.3,14.1
2024-08-25T01:00,31.6,18,0.0,899.6,10.7
2024-08-25T02:00,30.6,19,0.0,899.0,6.8
2024-08-25T03:00,30.5,18,0.0,899.1,6.5
2024-08-25T04:00,31.6,17,0.0,899.6,5.4
2024-08-25T05:00,29.9,18,0.0,899.1,7.3
2024-08-25T06:00,29.0,18,0.0,899.2,8.0
2024-08-25T07:00,31.4,16,0.0,900.3,7.7
2024-08-25T08:00,34.3,13,0.0,901.3,2.3
2024-08-25T09:00,36.4,12,0.0,902.1,2.1
2024-08-25T10:00,37.8,12,0.0,902.2,4.4
2024-08-25T11:00,39.0,11,0.0,902.3,6.6
2024-08-25T12:00,40.0,10,0.0,902.3,8.4
2024-08-25T13:00,40.8,9,0.0,902.0,11.1
2024-08-25T14:00,41.0,9,0.0,901.5,13.2
2024-08-25T15:00,41.3,9,0.0,900.8,14.0
2024-08-25T16:00,40.7,10,0.0,900.9,14.0
2024-08-25T17:00,40.6,10,0.0,900.3,18.4
2024-08-25T18:00,39.9,10,0.0,900.1,19.4
2024-08-25T19:00,38.7,11,0.0,900.3,18.3
2024-08-25T20:00,37.0,12,0.0,900.3,16.4
2024-08-25T21:00,36.2,13,0.0,900.4,15.5
2024-08-25T22:00,35.0,14,0.0,900.4,13.0
2024-08-25T23:00,34.0,15,0.0,900.2,13.3
2024-08-26T00:00,32.7,16,0.0,900.0,11.4
2024-08-26T01:00,31.5,17,0.0,899.7,11.7
2024-08-26T02:00,31.1,18,0.0,899.5,12.9
2024-08-26T03:00,29.2,21,0.0,899.2,8.0
2024-08-26T04:00,29.9,20,0.0,899.5,6.8
2024-08-26T05:00,29.2,21,0.0,899.6,9.6
2024-08-26T06:00,28.8,21,0.0,899.9,7.2
2024-08-26T07:00,31.0,19,0.0,901.1,6.5
2024-08-26T08:00,33.6,16,0.0,902.0,3.3
2024-08-26T09:00,36.1,14,0.0,902.9,1.1
2024-08-26T10:00,37.9,13,0.0,903.3,5.2
2024-08-26T11:00,39.2,13,0.0,903.3,8.5
2024-08-26T12:00,40.2,11,0.0,903.2,8.5
2024-08-26T13:00,40.6,10,0.0,902.6,5.9
2024-08-26T14:00,41.0,10,0.0,902.4,2.3
2024-08-26T15:00,41.0,10,0.0,902.2,5.8
2024-08-26T16:00,40.9,10,0.0,902.2,14.8
2024-08-26T17:00,40.2,11,0.0,901.8,15.9
2024-08-26T18:00,39.5,11,0.0,901.6,15.5
2024-08-26T19:00,38.3,12,0.0,901.5,12.1
2024-08-26T20:00,37.2,12,0.0,901.7,11.5
2024-08-26T21:00,35.8,14,0.0,901.5,8.7
2024-08-26T22:00,34.7,15,0.0,901.4,5.9
2024-08-26T23:00,33.3,17,0.0,900.8,7.4
2024-08-27T00:00,32.9,17,0.0,900.6,8.7
2024-08-27T01:00,33.7,16,0.0,900.9,12.3
2024-08-27T02:00,33.2,16,0.0,900.9,16.3
2024-08-27T03:00,31.8,17,0.0,900.5,16.1
2024-08-27T04:00,31.1,19,0.0,900.9,19.3
2024-08-27T05:00,29.8,20,0.0,901.0,18.7
2024-08-27T06:00,29.1,22,0.0,901.2,14.0
2024-08-27T07:00,30.3,20,0.0,902.0,9.9
2024-08-27T08:00,32.5,19,0.0,903.0,10.2
2024-08-27T09:00,34.4,18,0.0,903.5,9.4
2024-08-27T10:00,36.6,15,0.0,904.0,11.3
2024-08-27T11:00,38.6,14,0.0,904.0,13.2
2024-08-27T12:00,39.9,12,0.0,903.8,10.5
2024-08-27T13:00,40.5,11,0.0,903.4,7.8
2024-08-27T14:00,40.9,11,0.0,903.0,5.2
2024-08-27T15:00,40.7,11,0.0,902.5,4.1
2024-08-27T16:00,40.5,10,0.0,902.5,17.4
2024-08-27T17:00,39.8,11,0.0,902.2,24.5
2024-08-27T18:00,38.5,12,0.0,902.3,22.4
2024-08-27T19:00,37.6,13,0.0,902.6,15.2
2024-08-27T20:00,36.6,14,0.0,902.7,13.0
2024-08-27T21:00,35.7,15,0.0,902.9,8.7
2024-08-27T22:00,35.4,15,0.0,902.8,11.7
2024-08-27T23:00,35.3,15,0.0,902.7,15.9
2024-08-28T00:00,35.2,16,0.0,902.6,14.0
2024-08-28T01:00,34.2,16,0.0,902.2,15.0
2024-08-28T02:00,31.6,19,0.0,901.7,12.8
2024-08-28T03:00,30.5,21,0.0,901.7,12.1
2024-08-28T04:00,33.0,21,0.0,902.3,9.7
2024-08-28T05:00,29.8,24,0.0,902.0,14.1
2024-08-28T06:00,29.1,24,0.0,902.4,12.4
2024-08-28T07:00,30.5,23,0.0,903.3,13.2
2024-08-28T08:00,32.7,20,0.0,904.2,14.5
2024-08-28T09:00,34.7,18,0.0,904.8,15.6
2024-08-28T10:00,36.2,16,0.0,904.9,15.8
2024-08-28T11:00,37.8,15,0.0,905.0,15.9
2024-08-28T12:00,39.0,14,0.0,904.6,15.0
2024-08-28T13:00,39.5,13,0.0,904.2,10.1
2024-08-28T14:00,40.2,12,0.0,903.7,11.5
2024-08-28T15:00,40.7,11,0.0,903.7,15.7
2024-08-28T16:00,40.0,12,0.0,903.8,16.5
2024-08-28T17:00,39.7,12,0.0,903.4,22.3
2024-08-28T18:00,38.6,13,0.0,903.4,23.0
2024-08-28T19:00,37.7,14,0.0,903.7,16.3
2024-08-28T20:00,36.5,15,0.0,904.0,15.5
2024-08-28T21:00,35.0,17,0.0,904.1,16.6
2024-08-28T22:00,33.8,18,0.0,903.8,14.8
2024-08-28T23:00,32.5,20,0.0,903.3,12.0
2024-08-29T00:00,31.6,21,0.0,903.2,13.9
2024-08-29T01:00,31.1,22,0.0,902.9,16.3
2024-08-29T02:00,30.4,23,0.0,902.8,15.6
2024-08-29T03:00,29.5,22,0.0,902.7,15.7
2024-08-29T04:00,29.5,21,0.0,902.7,14.5
2024-08-29T05:00,28.8,20,0.0,902.6,15.1
2024-08-29T06:00,28.2,18,0.0,902.7,14.3
2024-08-29T07:00,29.5,16,0.0,903.5,13.0
2024-08-29T08:00,31.8,14,0.0,904.4,14.3
2024-08-29T09:00,33.5,12,0.0,905.2,18.3
2024-08-29T10:00,34.8,11,0.0,905.1,19.1
2024-08-29T11:00,36.3,10,0.0,904.9,19.6
2024-08-29T12:00,37.5,10,0.0,904.7,19.6
2024-08-29T13:00,38.5,11,0.0,904.2,21.6
2024-08-29T14:00,39.1,11,0.0,903.7,23.4
2024-08-29T15:00,39.2,11,0.0,903.3,24.7
2024-08-29T16:00,38.7,12,0.0,903.3,24.1
2024-08-29T17:00,38.0,13,0.0,903.0,22.9
2024-08-29T18:00,36.8,14,0.0,902.7,21.9
2024-08-29T19:00,35.6,16,0.0,902.7,16.4
2024-08-29T20:00,34.5,17,0.0,903.1,15.0
2024-08-29T21:00,33.4,18,0.0,903.3,14.8
2024-08-29T22:00,32.3,18,0.0,903.2,13.4
2024-08-29T23:00,31.4,18,0.0,903.0,13.1
2024-08-30T00:00,30.5,18,0.0,902.6,11.8
2024-08-30T01:00,30.0,19,0.0,902.1,12.5
2024-08-30T02:00,29.3,19,0.0,901.7,12.7
2024-08-30T03:00,28.6,20,0.0,901.4,12.5
2024-08-30T04:00,28.1,22,0.0,901.2,12.0
2024-08-30T05:00,27.8,23,0.0,901.5,13.9
2024-08-30T06:00,27.4,24,0.0,901.7,13.7
2024-08-30T07:00,28.8,22,0.0,902.6,12.8
2024-08-30T08:00,30.7,20,0.0,903.9,17.6
2024-08-30T09:00,31.5,19,0.0,904.2,24.2
2024-08-30T10:00,32.7,19,0.0,904.6,22.7
2024-08-30T11:00,34.2,18,0.0,904.4,20.7
2024-08-30T12:00,35.6,18,0.0,904.2,19.5
2024-08-30T13:00,36.8,17,0.0,903.8,20.0
2024-08-30T14:00,37.5,16,0.0,903.2,22.1
2024-08-30T15:00,37.5,16,0.0,903.0,22.7
2024-08-30T16:00,37.2,16,0.0,903.2,22.4
2024-08-30T17:00,36.4,16,0.0,902.8,22.5
2024-08-30T18:00,35.2,16,0.0,902.6,23.2
2024-08-30T19:00,34.0,16,0.0,902.7,19.3
2024-08-30T20:00,33.0,17,0.0,903.1,18.8
2024-08-30T21:00,31.9,18,0.0,903.2,17.4
2024-08-30T22:00,30.8,19,0.0,902.9,15.5
2024-08-30T23:00,29.8,21,0.0,902.5,13.2
2024-08-31T00:00,28.9,23,0.0,902.1,12.6
2024-08-31T01:00,28.0,25,0.0,901.5,11.5
2024-08-31T02:00,27.3,26,0.0,901.0,11.2
2024-08-31T03:00,26.9,27,0.0,900.9,12.5
2024-08-31T04:00,26.0,27,0.0,901.0,11.0
2024-08-31T05:00,25.9,26,0.0,901.0,12.7
2024-08-31T06:00,25.8,24,0.0,901.3,14.5
2024-08-31T07:00,27.0,21,0.0,902.1,14.5
2024-08-31T08:00,29.0,18,0.0,903.2,17.2
2024-08-31T09:00,30.4,17,0.0,903.7,20.1
2024-08-31T10:00,31.6,16,0.0,903.8,17.4
2024-08-31T11:00,33.0,15,0.0,903.7,15.3
2024-08-31T12:00,34.4,15,0.0,903.7,15.0
2024-08-31T13:00,35.5,15,0.0,903.3,15.8
2024-08-31T14:00,36.3,16,0.0,903.1,18.5
2024-08-31T15:00,36.5,16,0.0,902.6,20.3
2024-08-31T16:00,36.0,17,0.0,902.5,19.0
2024-08-31T17:00,35.3,18,0.0,902.3,18.7
2024-08-31T18:00,34.4,19,0.0,902.1,16.9
2024-08-31T19:00,33.3,19,0.0,901.9,15.0
2024-08-31T20:00,32.3,20,0.0,902.4,14.6
2024-08-31T21:00,31.3,21,0.0,902.5,13.9
2024-08-31T22:00,30.2,22,0.0,902.5,13.4
2024-08-31T23:00,29.4,22,0.0,902.2,13.6
2024-09-01T00:00,28.5,24,0.0,902.0,14.3
2024-09-01T01:00,27.4,25,0.0,901.9,18.1
2024-09-01T02:00,26.5,25,0.0,901.6,14.3
2024-09-01T03:00,25.8,26,0.0,901.4,12.2
2024-09-01T04:00,24.9,29,0.0,901.2,7.3
2024-09-01T05:00,24.1,30,0.0,901.0,7.3
2024-09-01T06:00,23.7,31,0.0,901.2,8.8
2024-09-01T07:00,25.8,26,0.0,902.0,8.7
2024-09-01T08:00,28.6,21,0.0,903.3,11.1
2024-09-01T09:00,30.2,21,0.0,904.0,19.8
2024-09-01T10:00,31.4,20,0.0,904.4,19.7
2024-09-01T11:00,32.6,18,0.0,904.2,17.8
2024-09-01T12:00,33.8,17,0.0,904.2,17.6
2024-09-01T13:00,35.0,15,0.0,904.1,17.7
2024-09-01T14:00,35.7,15,0.0,903.8,16.9
2024-09-01T15:00,36.0,14,0.0,903.5,17.7
2024-09-01T16:00,35.7,16,0.0,903.2,18.4
2024-09-01T17:00,35.0,17,0.0,903.0,19.5
2024-09-01T18:00,34.0,17,0.0,903.0,20.2
2024-09-01T19:00,33.0,18,0.0,903.1,17.3
2024-09-01T20:00,32.0,18,0.0,903.6,14.4
2024-09-01T21:00,30.8,20,0.0,903.9,12.3
2024-09-01T22:00,29.7,21,0.0,903.9,10.8
2024-09-01T23:00,28.7,22,0.0,903.6,11.2
2024-09-02T00:00,27.7,24,0.0,903.5,9.9
2024-09-02T01:00,27.0,25,0.0,903.2,10.6
2024-09-02T02:00,26.5,26,0.0,903.2,11.1
2024-09-02T03:00,25.5,27,0.0,903.1,8.9
2024-09-02T04:00,25.4,27,0.0,903.1,8.2
2024-09-02T05:00,25.1,27,0.0,903.2,6.9
2024-09-02T06:00,25.0,27,0.0,903.7,6.4
2024-09-02T07:00,26.6,25,0.0,904.8,6.1
2024-09-02T08:00,29.0,21,0.0,906.0,8.0
2024-09-02T09:00,31.1,18,0.0,906.5,14.0
2024-09-02T10:00,32.5,17,0.0,906.6,15.9
2024-09-02T11:00,33.8,16,0.0,906.7,16.2
2024-09-02T12:00,34.8,15,0.0,906.5,17.8
2024-09-02T13:00,35.7,13,0.0,906.2,19.1
2024-09-02T14:00,36.2,13,0.0,905.5,20.4
2024-09-02T15:00,36.3,13,0.0,905.1,22.1
2024-09-02T16:00,35.9,14,0.0,905.3,20.6
2024-09-02T17:00,35.2,15,0.0,905.0,21.6
2024-09-02T18:00,34.3,17,0.0,904.8,20.2
2024-09-02T19:00,33.3,19,0.0,904.7,15.5
2024-09-02T20:00,32.3,20,0.0,904.9,12.6
2024-09-02T21:00,31.1,22,0.0,904.9,12.2
2024-09-02T22:00,30.1,23,0.0,904.9,13.1
2024-09-02T23:00,29.0,24,0.0,904.6,11.5
2024-09-03T00:00,28.0,25,0.0,904.1,10.7
2024-09-03T01:00,27.4,25,0.0,903.6,10.8
2024-09-03T02:00,26.9,26,0.0,903.2,10.8
2024-09-03T03:00,26.2,27,0.0,902.9,10.5
2024-09-03T04:00,26.2,28,0.0,902.9,10.2
2024-09-03T05:00,25.4,30,0.0,902.8,8.4
2024-09-03T06:00,25.6,29,0.0,903.1,7.1
2024-09-03T07:00,27.4,27,0.0,903.9,6.1
2024-09-03T08:00,30.0,23,0.0,905.0,3.5
2024-09-03T09:00,32.0,20,0.0,905.7,5.5
2024-09-03T10:00,33.5,19,0.0,905.8,9.1
2024-09-03T11:00,34.8,18,0.0,905.7,12.9
2024-09-03T12:00,35.8,17,0.0,905.6,15.6
2024-09-03T13:00,36.3,16,0.0,905.2,16.9
2024-09-03T14:00,36.7,15,0.0,905.0,16.9
2024-09-03T15:00,36.5,15,0.0,904.6,16.6
2024-09-03T16:00,36.0,15,0.0,904.7,18.5
2024-09-03T17:00,35.7,16,0.0,904.1,16.3
2024-09-03T18:00,35.2,16,0.0,903.8,16.2
2024-09-03T19:00,34.1,17,0.0,903.8,14.7
2024-09-03T20:00,32.9,19,0.0,904.0,12.9
2024-09-03T21:00,31.6,20,0.0,904.0,11.1
2024-09-03T22:00,30.4,22,0.0,903.8,10.1
2024-09-03T23:00,29.1,24,0.0,903.3,9.7
2024-09-04T00:00,27.7,28,0.0,903.0,5.1
2024-09-04T01:00,28.8,25,0.0,902.9,2.4
2024-09-04T02:00,28.4,26,0.0,902.6,0.4
2024-09-04T03:00,26.9,29,0.0,902.2,4.5
2024-09-04T04:00,26.2,31,0.0,901.9,5.6
2024-09-04T05:00,25.1,33,0.0,901.9,7.1
2024-09-04T06:00,24.1,35,0.0,901.7,8.2
2024-09-04T07:00,26.4,30,0.0,902.6,9.7
2024-09-04T08:00,29.0,25,0.0,903.8,8.9
2024-09-04T09:00,31.2,22,0.0,904.4,9.2
2024-09-04T10:00,33.0,20,0.0,904.6,8.6
2024-09-04T11:00,34.4,18,0.0,904.7,7.0
2024-09-04T12:00,35.5,17,0.0,904.4,6.6
2024-09-04T13:00,36.6,16,0.0,904.0,10.3
2024-09-04T14:00,37.6,14,0.0,903.2,13.2
2024-09-04T15:00,37.8,13,0.0,902.6,10.2
2024-09-04T16:00,37.0,14,0.0,902.7,16.6
2024-09-04T17:00,36.8,15,0.0,902.3,10.7
2024-09-04T18:00,36.4,15,0.0,902.2,8.3
2024-09-04T19:00,35.6,16,0.0,902.1,4.2
2024-09-04T20:00,34.8,16,0.0,902.6,13.0
2024-09-04T21:00,33.6,18,0.0,902.9,17.4
2024-09-04T22:00,32.0,19,0.0,902.4,10.6
2024-09-04T23:00,30.5,21,0.0,901.9,9.3
2024-09-05T00:00,29.8,22,0.0,901.4,9.9
2024-09-05T01:00,28.2,25,0.0,900.5,7.1
2024-09-05T02:00,27.4,26,0.0,900.4,7.9
2024-09-05T03:00,27.0,26,0.0,900.4,9.7
2024-09-05T04:00,26.7,27,0.0,900.4,10.1
2024-09-05T05:00,26.1,28,0.0,900.3,11.5
2024-09-05T06:00,25.8,28,0.0,900.4,12.3
2024-09-05T07:00,27.2,26,0.0,901.1,12.6
2024-09-05T08:00,30.0,22,0.0,902.5,14.0
2024-09-05T09:00,33.0,18,0.0,903.2,18.8
2024-09-05T10:00,35.4,16,0.0,903.4,23.0
2024-09-05T11:00,36.8,14,0.0,903.0,22.1
2024-09-05T12:00,37.7,14,0.0,902.8,19.3
2024-09-05T13:00,38.0,14,0.0,902.2,17.5
2024-09-05T14:00,37.8,14,0.0,901.9,19.7
2024-09-05T15:00,38.0,13,0.0,901.4,14.1
2024-09-05T16:00,37.8,13,0.0,900.9,11.2
2024-09-05T17:00,37.6,13,0.0,900.4,15.3
2024-09-05T18:00,37.0,13,0.0,900.1,20.5
2024-09-05T19:00,36.2,14,0.0,899.8,16.8
2024-09-05T20:00,35.5,14,0.0,900.1,8.0
2024-09-05T21:00,35.1,15,0.0,900.4,2.4
2024-09-05T22:00,34.7,15,0.0,900.4,1.6
2024-09-05T23:00,32.3,19,0.0,899.7,6.0
2024-09-06T00:00,31.5,19,0.0,899.8,9.0
2024-09-06T01:00,29.9,22,0.0,899.0,7.1
2024-09-06T02:00,29.6,22,0.0,898.9,7.9
2024-09-06T03:00,28.4,23,0.0,898.9,9.7
2024-09-06T04:00,30.0,21,0.0,899.7,16.2
2024-09-06T05:00,28.5,23,0.0,899.8,12.0
2024-09-06T06:00,27.0,26,0.0,899.4,9.7
2024-09-06T07:00,28.4,24,0.0,900.0,10.4
2024-09-06T08:00,31.6,19,0.0,901.1,8.4
2024-09-06T09:00,34.5,15,0.0,901.9,7.7
2024-09-06T10:00,36.2,13,0.0,902.3,6.2
2024-09-06T11:00,37.5,12,0.0,902.3,6.4
2024-09-06T12:00,38.6,11,0.0,902.1,8.8
2024-09-06T13:00,39.5,11,0.0,902.0,12.8
2024-09-06T14:00,40.2,11,0.0,901.7,16.9
2024-09-06T15:00,39.5,11,0.0,901.3,19.6
2024-09-06T16:00,39.2,11,0.0,901.5,15.9
2024-09-06T17:00,38.5,12,0.0,901.2,13.8
2024-09-06T18:00,37.7,12,0.0,901.1,17.1
2024-09-06T19:00,36.6,13,0.0,901.4,15.3
2024-09-06T20:00,35.2,15,0.0,901.6,10.9
2024-09-06T21:00,33.0,18,0.0,901.6,6.2
2024-09-06T22:00,32.0,19,0.0,901.6,5.6
2024-09-06T23:00,31.9,17,0.0,901.6,12.8
2024-09-07T00:00,31.1,17,0.0,901.4,15.1
2024-09-07T01:00,30.4,18,0.0,901.3,13.2
2024-09-07T02:00,28.9,19,0.0,901.0,11.9
2024-09-07T03:00,28.4,19,0.0,901.0,13.7
2024-09-07T04:00,27.5,20,0.0,900.5,12.3
2024-09-07T05:00,27.0,21,0.0,900.5,10.8
2024-09-07T06:00,25.8,22,0.0,900.4,10.4
2024-09-07T07:00,27.1,21,0.0,901.1,8.3
2024-09-07T08:00,30.2,18,0.0,902.3,4.7
2024-09-07T09:00,33.0,16,0.0,903.3,4.7
2024-09-07T10:00,35.1,14,0.0,903.6,4.1
2024-09-07T11:00,36.4,13,0.0,903.4,0.4
2024-09-07T12:00,37.7,12,0.0,903.3,3.4
2024-09-07T13:00,39.0,11,0.0,903.1,7.6
2024-09-07T14:00,39.8,10,0.0,902.5,13.1
2024-09-07T15:00,40.1,10,0.0,902.3,16.1
2024-09-07T16:00,39.3,11,0.0,902.3,14.1
2024-09-07T17:00,38.0,12,0.0,902.3,9.4
2024-09-07T18:00,37.7,13,0.0,902.1,3.1
2024-09-07T19:00,37.0,13,0.0,902.1,8.2
2024-09-07T20:00,34.9,15,0.0,902.3,12.3
2024-09-07T21:00,33.7,16,0.0,902.4,9.6
2024-09-07T22:00,32.6,17,0.0,902.1,11.7
2024-09-07T23:00,32.0,16,0.0,902.1,16.2
2024-09-08T00:00,31.0,17,0.0,901.6,16.9
2024-09-08T01:00,30.1,19,0.0,901.3,14.1
2024-09-08T02:00,29.5,20,0.0,901.0,13.3
2024-09-08T03:00,29.0,20,0.0,900.8,14.4
2024-09-08T04:00,29.2,21,0.0,900.4,13.0
2024-09-08T05:00,28.7,21,0.0,900.6,14.1
2024-09-08T06:00,28.1,22,0.0,900.6,13.3
2024-09-08T07:00,29.0,21,0.0,901.2,8.4
2024-09-08T08:00,31.1,19,0.0,902.4,3.2
2024-09-08T09:00,33.5,16,0.0,903.1,6.9
2024-09-08T10:00,35.7,14,0.0,903.4,9.9
2024-09-08T11:00,37.0,13,0.0,903.3,7.4
2024-09-08T12:00,38.0,12,0.0,903.1,4.3
2024-09-08T13:00,39.2,11,0.0,902.8,0.4
2024-09-08T14:00,40.5,9,0.0,902.7,13.2
2024-09-08T15:00,39.7,9,0.0,902.5,25.2
2024-09-08T16:00,39.4,10,0.0,902.3,13.6
2024-09-08T17:00,39.2,9,0.0,902.2,8.3
2024-09-08T18:00,38.7,9,0.0,901.8,4.8
2024-09-08T19:00,37.0,11,0.0,901.9,17.9
2024-09-08T20:00,35.8,12,0.0,902.4,15.9
2024-09-08T21:00,34.8,13,0.0,902.4,15.8
2024-09-08T22:00,33.1,14,0.0,901.9,15.5
2024-09-08T23:00,32.8,15,0.0,901.9,14.3
2024-09-09T00:00,31.6,16,0.0,901.6,11.5
2024-09-09T01:00,29.9,18,0.0,901.3,11.5
2024-09-09T02:00,29.3,19,0.0,901.1,13.2
2024-09-09T03:00,29.1,20,0.0,901.0,14.0
2024-09-09T04:00,28.7,21,0.0,900.7,10.7
2024-09-09T05:00,27.8,22,0.0,900.6,10.8
2024-09-09T06:00,26.6,24,0.0,900.5,9.8
2024-09-09T07:00,28.0,22,0.0,901.4,7.4
2024-09-09T08:00,31.8,17,0.0,903.1,2.2
2024-09-09T09:00,34.4,14,0.0,904.3,6.2
2024-09-09T10:00,35.9,12,0.0,904.4,4.5
2024-09-09T11:00,37.5,11,0.0,904.3,3.3
2024-09-09T12:00,38.7,10,0.0,904.0,1.1
2024-09-09T13:00,40.2,9,0.0,903.5,7.1
2024-09-09T14:00,39.9,9,0.0,903.0,16.6
2024-09-09T15:00,39.5,10,0.0,902.7,15.0
2024-09-09T16:00,38.2,11,0.0,903.0,12.1
2024-09-09T17:00,37.8,11,0.0,902.8,13.8
2024-09-09T18:00,37.3,11,0.0,902.4,24.7
2024-09-09T19:00,36.0,12,0.0,902.1,21.0
2024-09-09T20:00,35.8,12,0.0,902.5,10.8
2024-09-09T21:00,34.9,15,0.0,903.0,12.9
2024-09-09T22:00,33.5,18,0.0,902.6,5.1
2024-09-09T23:00,33.0,17,0.0,902.4,7.9
2024-09-10T00:00,31.9,18,0.0,902.0,8.6
2024-09-10T01:00,31.5,18,0.0,901.9,9.9
2024-09-10T02:00,30.6,17,0.0,901.8,11.9
2024-09-10T03:00,29.4,18,0.0,901.5,9.7
2024-09-10T04:00,30.0,18,0.0,901.3,10.1
2024-09-10T05:00,29.9,18,0.0,901.4,8.6
2024-09-10T06:00,29.9,17,0.0,901.8,11.5
2024-09-10T07:00,30.7,17,0.0,902.2,7.6
2024-09-10T08:00,32.3,15,0.0,902.9,6.1
2024-09-10T09:00,32.5,15,0.0,904.1,9.2
2024-09-10T10:00,33.5,14,0.0,904.3,3.9
2024-09-10T11:00,34.5,13,0.0,904.4,5.2
2024-09-10T12:00,35.2,13,0.0,904.0,7.9
2024-09-10T13:00,36.4,12,0.0,903.9,9.0
2024-09-10T14:00,37.3,12,0.0,903.5,10.2
2024-09-10T15:00,37.5,12,0.0,903.1,9.2
2024-09-10T16:00,38.0,11,0.0,903.0,8.9
2024-09-10T17:00,37.5,11,0.0,902.9,6.3
2024-09-10T18:00,36.7,12,0.0,902.8,9.7
2024-09-10T19:00,35.3,13,0.0,902.8,13.0
2024-09-10T20:00,34.2,15,0.0,902.8,9.7
2024-09-10T21:00,33.5,15,0.0,902.7,3.3
2024-09-10T22:00,33.2,16,0.0,902.6,2.4
2024-09-10T23:00,31.2,18,0.0,901.9,4.9
2024-09-11T00:00,29.5,20,0.0,901.0,9.3
2024-09-11T01:00,30.1,19,0.0,901.6,16.6
2024-09-11T02:00,29.6,19,0.0,901.3,15.3
2024-09-11T03:00,28.9,20,0.0,901.2,14.0
2024-09-11T04:00,28.4,21,0.0,901.3,13.7
2024-09-11T05:00,26.9,23,0.0,901.3,11.1
2024-09-11T06:00,26.3,25,0.0,901.5,9.7
2024-09-11T07:00,28.4,24,0.0,902.3,6.0
2024-09-11T08:00,31.5,19,0.0,903.7,4.3
2024-09-11T09:00,33.5,16,0.0,904.6,4.1
2024-09-11T10:00,36.0,14,0.0,905.0,3.2
2024-09-11T11:00,37.5,12,0.0,905.1,9.7
2024-09-11T12:00,38.7,11,0.0,904.8,11.2
2024-09-11T13:00,39.0,10,0.0,904.2,6.9
2024-09-11T14:00,39.1,10,0.0,903.6,3.8
2024-09-11T15:00,39.3,9,0.0,903.5,16.2
2024-09-11T16:00,39.2,9,0.0,903.3,14.8
2024-09-11T17:00,38.8,9,0.0,903.3,15.8
2024-09-11T18:00,38.2,9,0.0,903.4,10.3
2024-09-11T19:00,36.5,11,0.0,903.1,9.9
2024-09-11T20:00,35.5,12,0.0,903.8,17.4
2024-09-11T21:00,34.7,13,0.0,903.8,15.5
2024-09-11T22:00,32.7,15,0.0,903.3,13.2
2024-09-11T23:00,31.1,17,0.0,902.8,10.8
2024-09-12T00:00,30.1,19,0.0,902.4,6.6
2024-09-12T01:00,30.6,18,0.0,902.4,5.3
2024-09-12T02:00,28.8,20,0.0,902.1,9.0
2024-09-12T03:00,30.5,18,0.0,903.0,2.5
2024-09-12T04:00,29.0,20,0.0,902.4,9.9
2024-09-12T05:00,27.9,22,0.0,902.3,10.5
2024-09-12T06:00,30.0,19,0.0,903.6,4.5
2024-09-12T07:00,28.7,21,0.0,903.8,9.5
2024-09-12T08:00,31.0,19,0.0,904.7,7.2
2024-09-12T09:00,33.8,16,0.0,905.4,7.3
2024-09-12T10:00,35.7,14,0.0,905.5,5.0
2024-09-12T11:00,37.3,13,0.0,905.5,8.8
2024-09-12T12:00,38.4,12,0.0,905.1,6.2
2024-09-12T13:00,38.8,11,0.0,904.5,2.4
2024-09-12T14:00,38.8,11,0.0,904.0,9.0
2024-09-12T15:00,38.7,11,0.0,903.7,8.5
2024-09-12T16:00,39.3,10,0.0,903.5,12.2
2024-09-12T17:00,39.2,10,0.0,903.4,11.3
2024-09-12T18:00,38.7,10,0.0,903.2,5.5
2024-09-12T19:00,37.5,13,0.0,903.1,3.6
2024-09-12T20:00,36.7,12,0.0,903.1,9.0
2024-09-12T21:00,35.0,13,0.0,902.8,10.6
2024-09-12T22:00,33.5,14,0.0,902.5,12.6
2024-09-12T23:00,32.2,16,0.0,902.2,11.9
2024-09-13T00:00,30.9,18,0.0,902.0,12.4
2024-09-13T01:00,30.0,19,0.0,901.8,13.2
2024-09-13T02:00,29.1,21,0.0,901.4,14.8
2024-09-13T03:00,28.0,23,0.0,901.2,13.6
2024-09-13T04:00,28.9,22,0.0,901.6,7.9
2024-09-13T05:00,29.0,23,0.0,902.2,3.8
2024-09-13T06:00,27.4,25,0.0,901.9,6.2
2024-09-13T07:00,28.9,23,0.0,902.6,3.7
2024-09-13T08:00,30.1,21,0.0,903.1,2.2
2024-09-13T09:00,32.6,18,0.0,903.8,7.8
2024-09-13T10:00,34.8,16,0.0,904.1,11.4
2024-09-13T11:00,36.8,14,0.0,904.0,14.2
2024-09-13T12:00,38.3,13,0.0,903.6,13.4
2024-09-13T13:00,39.2,11,0.0,902.7,6.4
2024-09-13T14:00,39.7,10,0.0,901.8,2.6
2024-09-13T15:00,40.8,9,0.0,901.2,8.7
2024-09-13T16:00,40.6,9,0.0,901.3,25.2
2024-09-13T17:00,39.3,9,0.0,901.3,24.0
2024-09-13T18:00,38.3,10,0.0,901.2,23.3
2024-09-13T19:00,37.0,11,0.0,901.2,19.7
2024-09-13T20:00,35.7,12,0.0,901.3,18.6
2024-09-13T21:00,33.1,18,0.0,901.7,23.4
2024-09-13T22:00,31.8,20,0.0,901.5,18.4
2024-09-13T23:00,30.5,21,0.0,901.2,13.7
2024-09-14T00:00,29.2,23,0.0,900.8,9.5
2024-09-14T01:00,27.8,25,0.0,900.3,6.6
2024-09-14T02:00,27.0,26,0.0,900.1,8.4
2024-09-14T03:00,26.1,27,0.0,900.1,9.2
2024-09-14T04:00,26.6,27,0.0,900.5,9.1
2024-09-14T05:00,25.5,30,0.0,900.1,7.6
2024-09-14T06:00,25.2,31,0.0,900.3,6.8
2024-09-14T07:00,27.2,27,0.0,901.0,1.3
2024-09-14T08:00,29.4,24,0.0,901.7,6.1
2024-09-14T09:00,31.8,21,0.0,902.3,3.8
2024-09-14T10:00,33.5,18,0.0,902.4,6.5
2024-09-14T11:00,34.8,17,0.0,902.5,8.8
2024-09-14T12:00,35.8,16,0.0,902.3,10.1
2024-09-14T13:00,36.5,15,0.0,901.7,9.7
2024-09-14T14:00,37.2,15,0.0,901.3,10.4
2024-09-14T15:00,37.8,13,0.0,900.9,16.4
2024-09-14T16:00,37.5,12,0.0,900.8,19.5
2024-09-14T17:00,36.5,13,0.0,900.9,21.0
2024-09-14T18:00,35.2,15,0.0,900.8,18.8
2024-09-14T19:00,34.1,16,0.0,900.8,14.8
2024-09-14T20:00,32.8,17,0.0,901.0,13.3
2024-09-14T21:00,31.5,18,0.0,901.0,12.6
2024-09-14T22:00,30.2,20,0.0,900.8,12.4
2024-09-14T23:00,29.1,22,0.0,900.3,11.9
2024-09-15T00:00,28.0,24,0.0,900.0,11.8
2024-09-15T01:00,27.2,26,0.0,899.7,11.2
2024-09-15T02:00,26.5,28,0.0,899.2,11.0
2024-09-15T03:00,25.9,29,0.0,899.0,11.0
2024-09-15T04:00,25.6,31,0.0,899.1,10.3
2024-09-15T05:00,25.0,32,0.0,899.1,9.7
2024-09-15T06:00,24.2,34,0.0,899.3,8.9
2024-09-15T07:00,26.0,30,0.0,900.2,7.1
2024-09-15T08:00,28.2,26,0.0,901.5,4.3
2024-09-15T09:00,30.2,22,0.0,901.9,4.8
2024-09-15T10:00,32.1,19,0.0,902.0,6.1
2024-09-15T11:00,33.5,17,0.0,901.9,6.5
2024-09-15T12:00,34.6,16,0.0,901.5,4.9
2024-09-15T13:00,36.0,15,0.0,900.9,5.6
2024-09-15T14:00,37.5,13,0.0,900.4,8.0
2024-09-15T15:00,38.2,10,0.0,900.2,18.9
2024-09-15T16:00,37.1,11,0.0,900.4,22.3
2024-09-15T17:00,36.3,12,0.0,900.6,18.2
2024-09-15T18:00,34.8,14,0.0,900.5,18.8
2024-09-15T19:00,33.6,16,0.0,900.6,14.5
2024-09-15T20:00,32.2,17,0.0,900.9,13.4
2024-09-15T21:00,30.9,19,0.0,901.0,12.7
2024-09-15T22:00,29.5,22,0.0,900.7,11.0
2024-09-15T23:00,28.4,25,0.0,900.3,10.2
2024-09-16T00:00,27.6,27,0.0,900.2,10.2
2024-09-16T01:00,26.9,30,0.0,900.1,11.9
2024-09-16T02:00,25.9,33,0.0,899.8,10.9
2024-09-16T03:00,24.8,36,0.0,899.7,10.0
2024-09-16T04:00,24.7,38,0.0,900.2,7.3
2024-09-16T05:00,24.1,40,0.0,900.2,7.8
2024-09-16T06:00,23.5,43,0.0,900.3,7.9
2024-09-16T07:00,25.0,40,0.0,901.2,7.7
2024-09-16T08:00,27.0,36,0.0,902.2,10.5
2024-09-16T09:00,28.8,31,0.0,902.9,16.2
2024-09-16T10:00,29.9,29,0.0,903.1,17.6
2024-09-16T11:00,31.2,27,0.0,902.9,14.5
2024-09-16T12:00,32.4,25,0.0,902.7,10.3
2024-09-16T13:00,33.2,24,0.0,902.6,4.5
2024-09-16T14:00,34.1,22,0.0,902.3,4.3
2024-09-16T15:00,35.0,21,0.0,902.1,11.2
2024-09-16T16:00,34.9,21,0.0,902.1,18.8
2024-09-16T17:00,34.1,22,0.0,902.1,20.4
2024-09-16T18:00,33.2,22,0.0,902.1,17.9
2024-09-16T19:00,32.1,23,0.0,902.4,17.7
2024-09-16T20:00,31.0,25,0.0,903.1,16.0
2024-09-16T21:00,29.7,28,0.0,903.3,15.3
2024-09-16T22:00,28.5,30,0.0,903.1,14.1
2024-09-16T23:00,27.5,31,0.0,903.0,12.3
2024-09-17T00:00,26.4,34,0.0,903.0,11.3
2024-09-17T01:00,25.5,36,0.0,902.6,10.5
2024-09-17T02:00,24.8,38,0.0,902.3,10.2
2024-09-17T03:00,24.1,39,0.0,902.2,10.2
2024-09-17T04:00,23.9,40,0.0,902.7,8.7
2024-09-17T05:00,23.0,41,0.0,902.7,7.8
2024-09-17T06:00,22.6,42,0.0,903.1,8.7
2024-09-17T07:00,24.1,37,0.0,904.2,10.0
2024-09-17T08:00,26.2,33,0.0,905.4,12.5
2024-09-17T09:00,28.2,30,0.0,906.2,13.7
2024-09-17T10:00,30.0,27,0.0,906.2,12.6
2024-09-17T11:00,31.5,24,0.0,906.1,12.7
2024-09-17T12:00,32.8,23,0.0,906.0,12.8
2024-09-17T13:00,33.6,21,0.0,905.5,12.1
2024-09-17T14:00,34.0,21,0.0,905.0,10.4
2024-09-17T15:00,34.2,20,0.0,904.7,10.1
2024-09-17T16:00,33.5,21,0.0,905.1,11.4
2024-09-17T17:00,33.0,21,0.0,905.0,12.1
2024-09-17T18:00,32.2,22,0.0,904.8,14.5
2024-09-17T19:00,31.4,23,0.0,904.9,17.8
2024-09-17T20:00,30.2,24,0.0,905.1,18.2
2024-09-17T21:00,29.2,26,0.0,905.0,18.7
2024-09-17T22:00,28.0,28,0.0,905.1,14.0
2024-09-17T23:00,27.0,30,0.0,905.1,12.0
2024-09-18T00:00,26.1,32,0.0,904.8,10.9
2024-09-18T01:00,25.4,34,0.0,904.4,12.0
2024-09-18T02:00,24.5,35,0.0,903.9,8.4
2024-09-18T03:00,23.9,37,0.0,903.8,8.4
2024-09-18T04:00,24.1,34,0.0,904.2,9.4
2024-09-18T05:00,23.5,35,0.0,904.3,9.2
2024-09-18T06:00,23.1,35,0.0,904.3,12.1
2024-09-18T07:00,23.8,33,0.0,904.9,11.5
2024-09-18T08:00,25.9,30,0.0,905.9,11.2
2024-09-18T09:00,27.7,27,0.0,906.5,10.4
2024-09-18T10:00,29.2,24,0.0,906.7,9.4
2024-09-18T11:00,30.8,22,0.0,906.4,9.4
2024-09-18T12:00,32.2,20,0.0,906.0,9.2
2024-09-18T13:00,33.2,18,0.0,905.5,9.3
2024-09-18T14:00,33.8,18,0.0,904.7,8.5
2024-09-18T15:00,33.9,18,0.0,904.3,7.6
2024-09-18T16:00,33.8,18,0.0,904.4,5.5
2024-09-18T17:00,34.2,17,0.0,904.1,14.5
2024-09-18T18:00,33.2,18,0.0,903.8,23.2
2024-09-18T19:00,31.8,20,0.0,904.0,21.7
2024-09-18T20:00,30.2,23,0.0,904.1,19.6
2024-09-18T21:00,29.2,25,0.0,904.3,15.0
2024-09-18T22:00,28.2,26,0.0,904.0,12.8
2024-09-18T23:00,27.2,28,0.0,903.6,11.5
2024-09-19T00:00,26.1,30,0.0,903.3,10.2
2024-09-19T01:00,25.0,32,0.0,902.9,7.8
2024-09-19T02:00,24.0,33,0.0,902.3,6.8
2024-09-19T03:00,23.5,34,0.0,902.0,7.7
2024-09-19T04:00,23.8,33,0.0,902.1,7.6
2024-09-19T05:00,23.2,34,0.0,901.9,7.9
2024-09-19T06:00,22.9,34,0.0,902.0,8.8
2024-09-19T07:00,24.5,31,0.0,902.8,8.6
2024-09-19T08:00,26.7,27,0.0,903.9,7.7
2024-09-19T09:00,29.0,23,0.0,904.5,8.8
2024-09-19T10:00,31.2,20,0.0,905.0,11.6
2024-09-19T11:00,33.0,18,0.0,904.8,13.7
2024-09-19T12:00,34.3,17,0.0,904.2,12.8
2024-09-19T13:00,35.1,16,0.0,903.7,9.8
2024-09-19T14:00,35.7,15,0.0,903.1,9.0
2024-09-19T15:00,36.2,14,0.0,902.8,10.2
2024-09-19T16:00,36.4,14,0.0,902.5,10.4
2024-09-19T17:00,36.3,14,0.0,902.2,17.2
2024-09-19T18:00,34.8,14,0.0,902.2,9.7
2024-09-19T19:00,31.4,20,0.0,902.0,32.4
2024-09-19T20:00,31.3,20,0.0,902.6,22.7
2024-09-19T21:00,30.1,21,0.0,903.1,22.1
2024-09-19T22:00,29.1,22,0.0,903.2,20.9
2024-09-19T23:00,27.9,24,0.0,903.0,18.4
2024-09-20T00:00,26.8,26,0.0,903.0,15.5
2024-09-20T01:00,25.9,28,0.0,902.7,13.7
2024-09-20T02:00,25.1,30,0.0,902.6,13.4
2024-09-20T03:00,24.3,32,0.0,903.0,15.3
2024-09-20T04:00,24.3,32,0.0,903.3,17.4
2024-09-20T05:00,23.7,32,0.0,903.3,18.7
2024-09-20T06:00,23.2,28,0.0,903.3,19.5
2024-09-20T07:00,23.8,27,0.0,904.0,16.5
2024-09-20T08:00,25.6,26,0.0,904.9,17.7
2024-09-20T09:00,27.5,25,0.0,905.6,20.3
2024-09-20T10:00,29.3,23,0.0,905.9,19.8
2024-09-20T11:00,30.8,21,0.0,905.7,20.0
2024-09-20T12:00,32.0,21,0.0,905.3,18.8
2024-09-20T13:00,33.0,20,0.0,904.9,18.7
2024-09-20T14:00,33.5,19,0.0,904.4,18.8
2024-09-20T15:00,33.8,19,0.0,904.1,18.1
2024-09-20T16:00,33.5,19,0.0,904.2,18.5
2024-09-20T17:00,32.8,19,0.0,904.1,17.4
2024-09-20T18:00,32.0,19,0.0,903.8,14.8
2024-09-20T19:00,30.6,21,0.0,903.7,11.9
2024-09-20T20:00,29.5,22,0.0,903.9,11.2
2024-09-20T21:00,28.5,22,0.0,904.5,12.7
2024-09-20T22:00,27.4,22,0.0,904.7,13.9
2024-09-20T23:00,26.3,23,0.0,904.4,13.7
2024-09-21T00:00,25.5,26,0.0,903.9,12.4
2024-09-21T01:00,24.8,28,0.0,903.6,12.0
2024-09-21T02:00,24.4,29,0.0,903.3,13.2
2024-09-21T03:00,23.8,31,0.0,903.1,13.2
2024-09-21T04:00,23.5,32,0.0,902.5,9.6
2024-09-21T05:00,23.1,33,0.0,902.8,5.6
2024-09-21T06:00,23.8,32,0.0,903.3,4.8
2024-09-21T07:00,24.1,32,0.0,903.6,7.4
2024-09-21T08:00,26.5,28,0.0,904.9,9.8
2024-09-21T09:00,28.4,26,0.0,905.7,11.4
2024-09-21T10:00,30.0,24,0.0,905.9,13.9
2024-09-21T11:00,31.4,21,0.0,905.8,14.0
2024-09-21T12:00,32.4,19,0.0,905.6,10.9
2024-09-21T13:00,33.2,17,0.0,905.0,8.6
2024-09-21T14:00,33.8,16,0.0,904.5,8.8
2024-09-21T15:00,34.2,15,0.0,904.2,10.2
2024-09-21T16:00,34.5,15,0.0,904.1,12.1
2024-09-21T17:00,34.1,14,0.0,904.1,15.4
2024-09-21T18:00,32.7,16,0.0,903.7,17.4
2024-09-21T19:00,31.5,18,0.0,903.9,13.3
2024-09-21T20:00,30.1,20,0.0,904.0,10.7
2024-09-21T21:00,28.5,22,0.0,903.9,7.1
2024-09-21T22:00,27.6,24,0.0,903.7,5.2
2024-09-21T23:00,27.2,24,0.0,903.6,4.1
2024-09-22T00:00,26.9,24,0.0,903.4,4.3
2024-09-22T01:00,24.7,28,0.0,902.5,8.3
2024-09-22T02:00,24.2,28,0.0,902.0,9.5
2024-09-22T03:00,24.1,28,0.0,902.0,11.2
2024-09-22T04:00,24.2,28,0.0,902.1,12.5
2024-09-22T05:00,23.8,29,0.0,901.8,13.7
2024-09-22T06:00,23.3,29,0.0,902.0,14.0
2024-09-22T07:00,24.4,27,0.0,902.6,14.1
2024-09-22T08:00,27.7,22,0.0,903.8,10.3
2024-09-22T09:00,30.5,18,0.0,905.1,10.3
2024-09-22T10:00,32.4,16,0.0,905.2,4.1
2024-09-22T11:00,34.2,14,0.0,905.1,9.7
2024-09-22T12:00,35.7,13,0.0,904.5,15.7
2024-09-22T13:00,36.7,11,0.0,904.0,18.2
2024-09-22T14:00,37.2,11,0.0,903.3,15.5
2024-09-22T15:00,37.5,10,0.0,902.9,13.4
2024-09-22T16:00,35.2,17,0.0,903.0,18.1
2024-09-22T17:00,34.5,16,0.0,902.6,16.9
2024-09-22T18:00,34.0,17,0.0,902.6,16.3
2024-09-22T19:00,31.8,21,0.0,902.6,23.7
2024-09-22T20:00,30.9,22,0.0,903.0,16.2
2024-09-22T21:00,29.5,24,0.0,903.1,14.0
2024-09-22T22:00,28.5,26,0.0,903.1,14.8
2024-09-22T23:00,27.5,28,0.0,902.9,13.0
2024-09-23T00:00,26.5,31,0.0,902.7,13.5
2024-09-23T01:00,25.5,33,0.0,902.3,11.5
2024-09-23T02:00,24.7,35,0.0,902.0,11.9
2024-09-23T03:00,23.8,37,0.0,902.1,11.2
2024-09-23T04:00,23.5,38,0.0,902.3,10.1
2024-09-23T05:00,23.1,39,0.0,902.4,11.5
2024-09-23T06:00,22.4,40,0.0,902.8,10.4
2024-09-23T07:00,23.2,38,0.0,903.6,8.6
2024-09-23T08:00,25.0,34,0.0,904.5,7.5
2024-09-23T09:00,27.0,30,0.0,904.9,9.7
2024-09-23T10:00,29.6,25,0.0,905.1,16.0
2024-09-23T11:00,32.1,21,0.0,905.1,17.3
2024-09-23T12:00,34.3,17,0.0,904.7,16.2
2024-09-23T13:00,36.0,15,0.0,904.1,16.1
2024-09-23T14:00,37.0,13,0.0,903.5,13.9
2024-09-23T15:00,37.6,11,0.0,902.9,9.6
2024-09-23T16:00,37.5,11,0.0,902.6,7.7
2024-09-23T17:00,37.3,10,0.0,902.5,8.9
2024-09-23T18:00,36.0,11,0.0,902.1,7.3
2024-09-23T19:00,33.8,13,0.0,901.9,8.6
2024-09-23T20:00,31.6,16,0.0,902.0,6.0
2024-09-23T21:00,30.5,16,0.0,902.1,10.0
2024-09-23T22:00,29.4,17,0.0,901.9,10.3
2024-09-23T23:00,28.3,18,0.0,901.4,10.2
2024-09-24T00:00,28.1,18,0.0,901.8,13.6
2024-09-24T01:00,27.4,19,0.0,901.8,13.4
2024-09-24T02:00,27.7,18,0.0,901.8,15.2
2024-09-24T03:00,26.7,19,0.0,901.8,14.5
2024-09-24T04:00,25.9,21,0.0,901.4,14.4
2024-09-24T05:00,25.5,22,0.0,901.8,14.5
2024-09-24T06:00,24.5,24,0.0,902.0,13.8
2024-09-24T07:00,26.0,22,0.0,903.0,14.2
2024-09-24T08:00,29.0,19,0.0,904.6,11.2
2024-09-24T09:00,32.2,16,0.0,905.6,16.2
2024-09-24T10:00,35.0,14,0.0,905.9,23.5
2024-09-24T11:00,36.5,12,0.0,905.8,23.5
2024-09-24T12:00,37.2,11,0.0,905.4,21.4
2024-09-24T13:00,37.7,11,0.0,904.9,17.9
2024-09-24T14:00,37.8,10,0.0,904.3,14.2
2024-09-24T15:00,37.7,10,0.0,904.0,10.5
2024-09-24T16:00,37.5,10,0.0,903.8,6.5
2024-09-24T17:00,37.2,10,0.0,903.8,9.0
2024-09-24T18:00,36.0,11,0.0,903.2,8.1
2024-09-24T19:00,34.3,12,0.0,903.0,8.9
2024-09-24T20:00,32.7,11,0.0,903.1,9.0
2024-09-24T21:00,31.6,12,0.0,903.1,6.1
2024-09-24T22:00,30.1,15,0.0,903.2,10.4
2024-09-24T23:00,29.1,16,0.0,902.8,12.3
2024-09-25T00:00,27.0,19,0.0,902.2,9.0
2024-09-25T01:00,26.4,19,0.0,902.0,9.9
2024-09-25T02:00,26.0,20,0.0,901.8,11.8
2024-09-25T03:00,25.5,19,0.0,902.1,15.1
2024-09-25T04:00,25.2,20,0.0,902.1,12.7
2024-09-25T05:00,24.0,21,0.0,902.2,12.1
2024-09-25T06:00,23.2,23,0.0,902.3,12.1
2024-09-25T07:00,24.2,23,0.0,903.0,10.9
2024-09-25T08:00,27.1,19,0.0,904.7,2.8
2024-09-25T09:00,29.7,17,0.0,905.9,5.3
2024-09-25T10:00,32.5,15,0.0,906.5,11.6
2024-09-25T11:00,34.5,14,0.0,906.4,15.1
2024-09-25T12:00,36.0,12,0.0,906.0,13.8
2024-09-25T13:00,37.0,11,0.0,905.4,9.2
2024-09-25T14:00,37.5,10,0.0,904.9,7.4
2024-09-25T15:00,37.7,10,0.0,904.3,8.5
2024-09-25T16:00,37.7,10,0.0,904.5,11.5
2024-09-25T17:00,37.3,10,0.0,904.0,17.0
2024-09-25T18:00,36.1,11,0.0,903.8,13.1
2024-09-25T19:00,33.5,14,0.0,903.5,5.7
2024-09-25T20:00,32.5,15,0.0,904.2,13.8
2024-09-25T21:00,31.0,19,0.0,904.4,14.2
2024-09-25T22:00,29.6,21,0.0,904.0,12.1
2024-09-25T23:00,28.2,23,0.0,903.5,9.6
2024-09-26T00:00,27.1,26,0.0,902.9,8.7
2024-09-26T01:00,26.6,26,0.0,902.8,10.6
2024-09-26T02:00,25.8,28,0.0,902.3,11.1
2024-09-26T03:00,25.0,29,0.0,902.2,12.2
2024-09-26T04:00,25.0,29,0.0,902.1,14.3
2024-09-26T05:00,24.2,31,0.0,902.1,13.9
2024-09-26T06:00,23.8,32,0.0,902.2,14.7
2024-09-26T07:00,24.9,30,0.0,902.9,14.3
2024-09-26T08:00,27.5,25,0.0,904.1,12.1
2024-09-26T09:00,30.5,21,0.0,904.9,14.9
2024-09-26T10:00,33.1,18,0.0,905.2,17.3
2024-09-26T11:00,35.3,15,0.0,905.2,17.2
2024-09-26T12:00,36.8,12,0.0,904.8,13.1
2024-09-26T13:00,37.8,11,0.0,904.1,9.2
2024-09-26T14:00,38.7,10,0.0,903.4,7.4
2024-09-26T15:00,38.9,9,0.0,902.8,4.7
2024-09-26T16:00,38.4,9,0.0,903.0,13.0
2024-09-26T17:00,37.4,10,0.0,903.0,20.5
2024-09-26T18:00,36.0,11,0.0,902.7,16.3
2024-09-26T19:00,34.3,12,0.0,902.9,13.5
2024-09-26T20:00,32.7,13,0.0,903.0,9.4
2024-09-26T21:00,31.0,14,0.0,902.7,9.0
2024-09-26T22:00,29.4,17,0.0,902.4,9.9
2024-09-26T23:00,28.1,22,0.0,901.9,9.4
2024-09-27T00:00,27.1,25,0.0,901.6,8.9
2024-09-27T01:00,26.7,25,0.0,901.5,11.1
2024-09-27T02:00,26.1,25,0.0,900.9,14.1
2024-09-27T03:00,25.5,26,0.0,900.5,13.6
2024-09-27T04:00,24.5,28,0.0,900.3,10.8
2024-09-27T05:00,24.5,29,0.0,900.9,14.7
2024-09-27T06:00,24.5,29,0.0,901.4,17.6
2024-09-27T07:00,25.8,27,0.0,901.8,18.7
2024-09-27T08:00,28.5,23,0.0,903.1,19.5
2024-09-27T09:00,31.4,20,0.0,903.9,21.4
2024-09-27T10:00,34.3,16,0.0,904.2,23.3
2024-09-27T11:00,36.3,12,0.0,904.3,18.1
2024-09-27T12:00,37.3,10,0.0,903.8,8.2
2024-09-27T13:00,38.2,10,0.0,902.9,7.0
2024-09-27T14:00,39.0,9,0.0,902.2,3.5
2024-09-27T15:00,39.2,8,0.0,902.0,18.5
2024-09-27T16:00,37.7,9,0.0,902.3,24.6
2024-09-27T17:00,37.0,9,0.0,902.2,20.8
2024-09-27T18:00,35.5,11,0.0,902.2,15.1
2024-09-27T19:00,33.8,12,0.0,902.0,10.1
2024-09-27T20:00,31.9,14,0.0,901.8,8.5
2024-09-27T21:00,30.5,16,0.0,901.6,7.3
2024-09-27T22:00,29.9,16,0.0,901.4,10.1
2024-09-27T23:00,29.4,15,0.0,901.2,11.7
2024-09-28T00:00,28.9,14,0.0,901.4,15.1
2024-09-28T01:00,26.2,17,0.0,900.7,10.7
2024-09-28T02:00,25.3,19,0.0,900.5,11.0
2024-09-28T03:00,24.0,24,0.0,900.4,9.5
2024-09-28T04:00,23.6,33,0.0,900.5,5.7
2024-09-28T05:00,24.6,32,0.0,901.3,4.4
2024-09-28T06:00,23.1,35,0.0,901.1,6.9
2024-09-28T07:00,24.4,32,0.0,901.6,7.9
2024-09-28T08:00,27.0,26,0.0,902.6,5.8
2024-09-28T09:00,29.7,21,0.0,903.3,6.2
2024-09-28T10:00,32.3,18,0.0,903.6,8.8
2024-09-28T11:00,34.4,14,0.0,903.3,3.8
2024-09-28T12:00,36.1,11,0.0,903.4,7.7
2024-09-28T13:00,37.2,10,0.0,902.8,19.0
2024-09-28T14:00,37.1,10,0.0,902.5,21.5
2024-09-28T15:00,37.1,10,0.0,902.3,20.5
2024-09-28T16:00,36.2,10,0.0,902.3,22.7
2024-09-28T17:00,35.2,12,0.0,902.1,20.8
2024-09-28T18:00,33.8,13,0.0,901.8,16.4
2024-09-28T19:00,32.2,15,0.0,901.7,15.9
2024-09-28T20:00,30.8,16,0.0,901.8,13.5
2024-09-28T21:00,29.2,18,0.0,901.8,9.8
2024-09-28T22:00,27.5,21,0.0,901.1,7.6
2024-09-28T23:00,26.5,22,0.0,900.7,7.7
2024-09-29T00:00,25.5,24,0.0,900.3,8.0
2024-09-29T01:00,25.6,24,0.0,900.6,6.5
2024-09-29T02:00,26.8,21,0.0,901.2,2.2
2024-09-29T03:00,25.8,23,0.0,900.7,1.5
2024-09-29T04:00,26.0,23,0.0,900.9,3.1
2024-09-29T05:00,24.5,25,0.0,900.6,5.7
2024-09-29T06:00,23.2,27,0.0,900.5,6.7
2024-09-29T07:00,23.6,27,0.0,900.8,9.2
2024-09-29T08:00,26.6,22,0.0,901.9,7.7
2024-09-29T09:00,29.4,19,0.0,903.0,9.4
2024-09-29T10:00,31.5,17,0.0,903.1,12.1
2024-09-29T11:00,33.5,15,0.0,903.0,12.8
2024-09-29T12:00,34.5,13,0.0,902.6,8.4
2024-09-29T13:00,35.4,12,0.0,901.7,9.9
2024-09-29T14:00,36.8,10,0.0,901.0,12.9
2024-09-29T15:00,37.3,9,0.0,900.6,3.9
2024-09-29T16:00,36.5,9,0.0,900.9,21.1
2024-09-29T17:00,35.7,10,0.0,900.7,19.8
2024-09-29T18:00,34.2,11,0.0,900.3,14.0
2024-09-29T19:00,32.4,12,0.0,900.3,14.5
2024-09-29T20:00,30.7,14,0.0,900.3,9.7
2024-09-29T21:00,29.1,15,0.0,900.4,9.0
2024-09-29T22:00,28.2,16,0.0,900.3,10.7
2024-09-29T23:00,26.9,18,0.0,899.6,8.9
2024-09-30T00:00,25.6,20,0.0,899.2,7.9
2024-09-30T01:00,26.0,19,0.0,899.3,12.6
2024-09-30T02:00,25.3,21,0.0,898.8,11.9
2024-09-30T03:00,24.6,22,0.0,899.0,12.0
2024-09-30T04:00,24.4,22,0.0,899.2,11.9
2024-09-30T05:00,23.8,23,0.0,899.2,12.5
2024-09-30T06:00,23.5,24,0.0,899.3,14.9
2024-09-30T07:00,24.7,22,0.0,900.2,14.8
2024-09-30T08:00,27.9,18,0.0,901.3,12.1
2024-09-30T09:00,30.6,16,0.0,902.3,17.2
2024-09-30T10:00,32.5,14,0.0,902.2,17.8
2024-09-30T11:00,34.7,11,0.0,902.3,19.0
2024-09-30T12:00,36.0,10,0.0,902.0,18.1
2024-09-30T13:00,37.0,9,0.0,901.3,18.2
2024-09-30T14:00,37.4,9,0.0,900.8,17.6
2024-09-30T15:00,37.8,9,0.0,900.4,17.7
2024-09-30T16:00,37.6,8,0.0,900.2,15.0
2024-09-30T17:00,36.6,9,0.0,900.0,17.5
2024-09-30T18:00,34.7,12,0.0,899.3,5.5
2024-09-30T19:00,33.1,12,0.0,899.7,10.0
2024-09-30T20:00,32.0,13,0.0,900.3,11.7
2024-09-30T21:00,30.2,13,0.0,900.9,16.4
2024-09-30T22:00,28.7,12,0.0,900.8,13.3
2024-09-30T23:00,27.1,13,0.0,899.9,10.9
2024-10-01T00:00,26.2,14,0.0,899.8,5.4
2024-10-01T01:00,25.0,15,0.0,899.6,5.9
2024-10-01T02:00,23.2,17,0.0,898.9,9.5
2024-10-01T03:00,22.2,19,0.0,898.3,8.9
2024-10-01T04:00,22.2,21,0.0,898.5,9.5
2024-10-01T05:00,21.4,24,0.0,898.2,10.3
2024-10-01T06:00,20.4,27,0.0,898.2,10.1
2024-10-01T07:00,21.8,26,0.0,899.1,8.1
2024-10-01T08:00,25.8,21,0.0,901.1,4.7
2024-10-01T09:00,28.5,19,0.0,902.2,9.4
2024-10-01T10:00,30.0,18,0.0,902.6,12.1
2024-10-01T11:00,31.2,16,0.0,902.5,10.7
2024-10-01T12:00,32.2,14,0.0,902.1,8.8
2024-10-01T13:00,33.0,12,0.0,901.4,7.5
2024-10-01T14:00,33.8,11,0.0,901.1,6.1
2024-10-01T15:00,34.2,9,0.0,900.9,8.4
2024-10-01T16:00,34.1,8,0.0,901.2,13.2
2024-10-01T17:00,33.1,9,0.0,901.1,14.8
2024-10-01T18:00,31.5,11,0.0,900.9,14.0
2024-10-01T19:00,29.8,14,0.0,901.0,16.8
2024-10-01T20:00,28.5,16,0.0,901.2,15.5
2024-10-01T21:00,27.6,17,0.0,901.4,13.5
2024-10-01T22:00,26.2,19,0.0,901.4,11.0
2024-10-01T23:00,24.6,23,0.0,901.2,8.3
2024-10-02T00:00,24.7,24,0.0,901.4,5.0
2024-10-02T01:00,24.9,23,0.0,901.5,4.4
2024-10-02T02:00,23.9,25,0.0,901.3,4.7
2024-10-02T03:00,22.3,28,0.0,900.8,5.4
2024-10-02T04:00,22.2,27,0.0,900.7,5.4
2024-10-02T05:00,20.8,30,0.0,900.5,6.6
2024-10-02T06:00,19.6,32,0.0,900.7,9.6
2024-10-02T07:00,21.0,29,0.0,901.7,10.2
2024-10-02T08:00,24.0,24,0.0,903.2,7.4
2024-10-02T09:00,27.2,20,0.0,904.4,7.2
2024-10-02T10:00,29.6,17,0.0,904.7,8.3
2024-10-02T11:00,31.5,14,0.0,904.7,8.2
2024-10-02T12:00,32.8,12,0.0,904.4,8.5
2024-10-02T13:00,33.7,11,0.0,903.8,9.7
2024-10-02T14:00,34.1,11,0.0,903.5,5.6
2024-10-02T15:00,34.8,9,0.0,903.0,0.7
2024-10-02T16:00,34.0,11,0.0,903.7,5.3
2024-10-02T17:00,34.1,10,0.0,903.4,10.9
2024-10-02T18:00,33.2,11,0.0,903.0,12.1
2024-10-02T19:00,30.1,14,0.0,903.1,5.4
2024-10-02T20:00,28.8,17,0.0,904.2,19.3
2024-10-02T21:00,27.2,19,0.0,904.4,18.8
2024-10-02T22:00,26.2,21,0.0,904.1,14.7
2024-10-02T23:00,24.8,23,0.0,904.0,9.8
2024-10-03T00:00,23.8,25,0.0,903.8,9.3
2024-10-03T01:00,22.5,29,0.0,903.5,7.2
2024-10-03T02:00,22.4,29,0.0,903.6,6.2
2024-10-03T03:00,22.9,29,0.0,903.9,5.0
2024-10-03T04:00,23.0,30,0.0,904.0,4.6
2024-10-03T05:00,23.4,29,0.0,904.4,3.8
2024-10-03T06:00,23.1,30,0.0,904.6,3.6
2024-10-03T07:00,21.5,34,0.0,904.3,4.8
2024-10-03T08:00,24.4,27,0.0,905.7,2.8
2024-10-03T09:00,27.0,24,0.0,906.6,8.0
2024-10-03T10:00,29.6,20,0.0,907.1,16.4
2024-10-03T11:00,31.5,16,0.0,906.9,21.3
2024-10-03T12:00,32.8,15,0.0,906.5,20.5
2024-10-03T13:00,33.8,14,0.0,905.9,18.1
2024-10-03T14:00,34.3,13,0.0,905.7,14.3
2024-10-03T15:00,34.5,13,0.0,905.7,10.1
2024-10-03T16:00,34.2,12,0.0,905.9,7.2
2024-10-03T17:00,33.8,12,0.0,905.7,8.7
2024-10-03T18:00,32.3,14,0.0,905.2,14.1
2024-10-03T19:00,30.5,17,0.0,905.0,24.0
2024-10-03T20:00,29.4,19,0.0,905.6,21.0
2024-10-03T21:00,28.1,22,0.0,905.6,17.7
2024-10-03T22:00,27.0,24,0.0,905.7,15.7
2024-10-03T23:00,25.8,27,0.0,905.4,12.5
2024-10-04T00:00,24.6,29,0.0,905.1,10.6
2024-10-04T01:00,23.1,32,0.0,904.5,7.4
2024-10-04T02:00,22.3,34,0.0,904.2,7.6
2024-10-04T03:00,21.4,36,0.0,904.2,7.0
2024-10-04T04:00,22.0,34,0.0,904.7,9.2
2024-10-04T05:00,21.0,37,0.0,904.7,7.2
2024-10-04T06:00,21.2,36,0.0,904.8,5.8
2024-10-04T07:00,21.6,36,0.0,905.1,4.7
2024-10-04T08:00,24.1,30,0.0,906.2,3.3
2024-10-04T09:00,26.5,26,0.0,906.9,10.9
2024-10-04T10:00,28.9,23,0.0,907.0,13.2
2024-10-04T11:00,31.0,21,0.0,906.8,14.9
2024-10-04T12:00,32.7,19,0.0,906.2,14.9
2024-10-04T13:00,34.0,17,0.0,905.4,13.1
2024-10-04T14:00,34.8,15,0.0,904.8,9.7
2024-10-04T15:00,35.2,14,0.0,904.2,8.3
2024-10-04T16:00,35.3,12,0.0,904.3,12.3
2024-10-04T17:00,35.0,11,0.0,903.9,13.7
2024-10-04T18:00,33.6,12,0.0,903.4,12.1
2024-10-04T19:00,32.0,13,0.0,903.1,10.9
2024-10-04T20:00,29.4,16,0.0,902.9,7.1
2024-10-04T21:00,28.1,23,0.0,903.9,23.3
2024-10-04T22:00,27.2,24,0.0,903.8,14.2
2024-10-04T23:00,25.5,27,0.0,903.4,8.9
2024-10-05T00:00,24.0,30,0.0,903.1,6.0
2024-10-05T01:00,23.0,32,0.0,903.0,5.8
2024-10-05T02:00,24.0,29,0.0,903.2,3.7
2024-10-05T03:00,21.8,34,0.0,902.6,5.5
2024-10-05T04:00,21.1,37,0.0,902.8,6.9
2024-10-05T05:00,20.4,38,0.0,902.9,6.8
2024-10-05T06:00,20.4,38,0.0,903.1,5.7
2024-10-05T07:00,21.3,35,0.0,903.5,7.0
2024-10-05T08:00,24.0,29,0.0,904.6,6.6
2024-10-05T09:00,26.4,25,0.0,905.1,12.1
2024-10-05T10:00,28.8,22,0.0,905.2,14.2
2024-10-05T11:00,30.9,20,0.0,905.1,15.2
2024-10-05T12:00,32.7,18,0.0,904.8,13.8
2024-10-05T13:00,33.8,14,0.0,904.1,9.7
2024-10-05T14:00,34.2,12,0.0,903.6,7.0
2024-10-05T15:00,34.6,11,0.0,903.1,8.3
2024-10-05T16:00,35.2,9,0.0,902.9,9.1
2024-10-05T17:00,34.5,10,0.0,902.9,7.4
2024-10-05T18:00,32.5,12,0.0,902.7,19.1
2024-10-05T19:00,31.0,12,0.0,902.9,14.6
2024-10-05T20:00,29.1,14,0.0,902.9,10.6
2024-10-05T21:00,27.8,16,0.0,902.9,10.9
2024-10-05T22:00,26.4,23,0.0,903.0,9.6
2024-10-05T23:00,25.6,26,0.0,902.8,11.0
2024-10-06T00:00,24.0,28,0.0,902.2,7.8
2024-10-06T01:00,23.9,29,0.0,902.4,5.2
2024-10-06T02:00,24.6,27,0.0,902.6,4.4
2024-10-06T03:00,24.0,28,0.0,902.8,4.5
2024-10-06T04:00,23.5,30,0.0,902.9,3.6
2024-10-06T05:00,22.8,31,0.0,903.1,3.3
2024-10-06T06:00,20.4,37,0.0,902.4,5.9
2024-10-06T07:00,21.0,36,0.0,902.8,6.2
2024-10-06T08:00,24.0,30,0.0,904.0,5.8
2024-10-06T09:00,26.9,26,0.0,905.2,11.8
2024-10-06T10:00,29.3,22,0.0,905.6,16.1
2024-10-06T11:00,31.3,19,0.0,905.8,18.5
2024-10-06T12:00,32.9,17,0.0,905.5,17.8
2024-10-06T13:00,33.9,15,0.0,904.9,15.4
2024-10-06T14:00,34.4,14,0.0,904.3,11.8
2024-10-06T15:00,34.5,13,0.0,903.9,8.3
2024-10-06T16:00,34.5,12,0.0,904.0,6.5
2024-10-06T17:00,34.2,12,0.0,903.8,8.4
2024-10-06T18:00,32.7,14,0.0,903.4,14.1
2024-10-06T19:00,31.0,16,0.0,903.6,19.8
2024-10-06T20:00,29.4,19,0.0,904.2,22.8
2024-10-06T21:00,28.2,21,0.0,904.5,19.1
2024-10-06T22:00,27.1,23,0.0,904.4,16.2
2024-10-06T23:00,26.2,24,0.0,904.1,16.2
2024-10-07T00:00,25.4,26,0.0,903.9,13.2
2024-10-07T01:00,23.8,29,0.0,903.6,8.7
2024-10-07T02:00,23.6,29,0.0,903.8,5.0
2024-10-07T03:00,22.4,32,0.0,903.6,6.3
2024-10-07T04:00,22.2,31,0.0,903.9,10.9
2024-10-07T05:00,21.2,33,0.0,903.7,9.5
2024-10-07T06:00,20.9,34,0.0,903.8,10.4
2024-10-07T07:00,22.3,31,0.0,904.6,10.5
2024-10-07T08:00,25.0,26,0.0,905.9,7.8
2024-10-07T09:00,27.7,22,0.0,907.0,12.7
2024-10-07T10:00,30.1,19,0.0,907.5,18.4
2024-10-07T11:00,32.2,17,0.0,907.6,21.5
2024-10-07T12:00,33.8,15,0.0,907.1,21.3
2024-10-07T13:00,34.8,14,0.0,906.5,19.3
2024-10-07T14:00,35.3,13,0.0,906.1,15.8
2024-10-07T15:00,35.5,12,0.0,905.7,12.1
2024-10-07T16:00,35.7,11,0.0,905.7,10.0
2024-10-07T17:00,35.2,12,0.0,905.4,9.4
2024-10-07T18:00,33.3,13,0.0,905.0,11.6
2024-10-07T19:00,31.8,15,0.0,905.3,19.5
2024-10-07T20:00,30.5,17,0.0,905.6,21.5
2024-10-07T21:00,29.1,18,0.0,905.8,14.6
2024-10-07T22:00,26.9,21,0.0,905.7,7.9
2024-10-07T23:00,27.0,20,0.0,906.1,4.2
2024-10-08T00:00,25.0,23,0.0,905.4,5.9
2024-10-08T01:00,23.2,25,0.0,904.9,7.0
2024-10-08T02:00,22.5,25,0.0,904.6,8.2
2024-10-08T03:00,22.8,25,0.0,904.8,12.4
2024-10-08T04:00,22.5,25,0.0,904.9,14.7
2024-10-08T05:00,22.1,25,0.0,905.0,16.3
2024-10-08T06:00,21.6,26,0.0,905.3,16.6
2024-10-08T07:00,22.1,25,0.0,905.6,15.3
2024-10-08T08:00,24.8,21,0.0,906.8,14.2
2024-10-08T09:00,27.9,17,0.0,907.8,17.5
2024-10-08T10:00,31.0,14,0.0,908.2,20.7
2024-10-08T11:00,33.4,12,0.0,908.1,24.5
2024-10-08T12:00,34.7,12,0.0,907.6,24.8
2024-10-08T13:00,35.5,11,0.0,907.2,20.7
2024-10-08T14:00,35.8,10,0.0,906.6,16.8
2024-10-08T15:00,36.1,10,0.0,906.4,14.6
2024-10-08T16:00,36.2,10,0.0,906.3,13.3
2024-10-08T17:00,35.8,10,0.0,906.0,13.1
2024-10-08T18:00,33.2,12,0.0,905.5,7.1
2024-10-08T19:00,33.1,12,0.0,906.0,3.2
2024-10-08T20:00,29.8,14,0.0,905.6,9.7
2024-10-08T21:00,28.6,14,0.0,905.8,13.4
2024-10-08T22:00,26.2,18,0.0,905.5,6.0
2024-10-08T23:00,25.2,18,0.0,905.4,8.6
2024-10-09T00:00,24.7,18,0.0,905.0,10.5
2024-10-09T01:00,23.8,20,0.0,904.3,11.3
2024-10-09T02:00,23.5,20,0.0,904.1,14.5
2024-10-09T03:00,23.0,20,0.0,903.9,15.2
2024-10-09T04:00,22.6,21,0.0,904.0,16.1
2024-10-09T05:00,22.5,21,0.0,904.2,15.8
2024-10-09T06:00,21.5,22,0.0,904.3,11.7
2024-10-09T07:00,22.1,21,0.0,904.7,9.2
2024-10-09T08:00,25.5,17,0.0,905.9,7.7
2024-10-09T09:00,28.8,14,0.0,907.0,12.0
2024-10-09T10:00,31.2,12,0.0,907.1,10.5
2024-10-09T11:00,32.8,11,0.0,906.8,7.0
2024-10-09T12:00,34.0,10,0.0,906.4,4.7
2024-10-09T13:00,34.8,10,0.0,905.8,2.4
2024-10-09T14:00,35.5,9,0.0,905.3,5.2
2024-10-09T15:00,35.3,10,0.0,904.8,12.1
2024-10-09T16:00,34.3,13,0.0,905.0,21.7
2024-10-09T17:00,33.2,13,0.0,904.6,23.3
2024-10-09T18:00,31.8,15,0.0,904.6,19.8
2024-10-09T19:00,30.0,17,0.0,904.7,15.8
2024-10-09T20:00,28.6,19,0.0,905.0,12.5
2024-10-09T21:00,27.4,20,0.0,904.5,10.1
2024-10-09T22:00,26.4,21,0.0,904.2,11.0
2024-10-09T23:00,24.9,23,0.0,904.0,9.2
2024-10-10T00:00,23.6,26,0.0,903.4,5.9
2024-10-10T01:00,24.0,24,0.0,903.2,5.3
2024-10-10T02:00,25.0,21,0.0,903.3,4.2
2024-10-10T03:00,24.2,22,0.0,903.1,0.3
2024-10-10T04:00,21.5,26,0.0,902.0,10.1
2024-10-10T05:00,21.8,24,0.0,902.4,13.3
2024-10-10T06:00,21.6,22,0.0,902.5,14.2
2024-10-10T07:00,22.6,20,0.0,902.9,15.0
2024-10-10T08:00,24.9,16,0.0,903.9,13.4
2024-10-10T09:00,27.7,13,0.0,904.9,18.1
2024-10-10T10:00,30.9,11,0.0,905.2,21.7
2024-10-10T11:00,33.2,11,0.0,905.0,21.5
2024-10-10T12:00,34.2,10,0.0,904.3,18.4
2024-10-10T13:00,34.7,10,0.0,904.0,18.0
2024-10-10T14:00,35.0,9,0.0,903.4,18.3
2024-10-10T15:00,34.8,9,0.0,903.0,16.3
2024-10-10T16:00,35.0,9,0.0,902.8,16.5
2024-10-10T17:00,34.2,9,0.0,902.5,13.6
2024-10-10T18:00,31.9,11,0.0,901.7,9.6
2024-10-10T19:00,31.3,12,0.0,902.3,3.6
2024-10-10T20:00,29.3,9,0.0,902.7,16.7
2024-10-10T21:00,27.9,10,0.0,902.8,19.2
2024-10-10T22:00,26.8,12,0.0,902.7,17.0
2024-10-10T23:00,25.8,14,0.0,901.9,14.7
2024-10-11T00:00,25.2,15,0.0,901.4,16.1
2024-10-11T01:00,24.4,15,0.0,901.0,15.1
2024-10-11T02:00,23.5,17,0.0,901.0,14.4
2024-10-11T03:00,22.5,19,0.0,900.8,14.6
2024-10-11T04:00,21.6,22,0.0,900.6,11.4
2024-10-11T05:00,21.0,25,0.0,900.6,11.6
2024-10-11T06:00,20.4,27,0.0,900.6,12.4
2024-10-11T07:00,20.5,28,0.0,900.9,11.4
2024-10-11T08:00,24.3,23,0.0,902.7,8.4
2024-10-11T09:00,28.5,17,0.0,904.5,7.7
2024-10-11T10:00,30.8,13,0.0,904.8,9.4
2024-10-11T11:00,32.0,12,0.0,904.6,13.9
2024-10-11T12:00,32.8,11,0.0,904.2,17.2
2024-10-11T13:00,33.2,10,0.0,903.9,19.7
2024-10-11T14:00,33.2,11,0.0,903.6,20.4
2024-10-11T15:00,33.0,11,0.0,903.3,18.6
2024-10-11T16:00,32.4,12,0.0,903.3,21.3
2024-10-11T17:00,31.5,12,0.0,903.0,19.8
2024-10-11T18:00,30.1,13,0.0,902.8,14.4
2024-10-11T19:00,28.9,14,0.0,902.7,11.6
2024-10-11T20:00,27.1,16,0.0,902.9,9.3
2024-10-11T21:00,26.0,16,0.0,902.7,10.7
2024-10-11T22:00,25.2,16,0.0,902.9,12.2
2024-10-11T23:00,23.9,16,0.0,902.4,11.3
2024-10-12T00:00,22.6,18,0.0,902.0,9.2
2024-10-12T01:00,22.0,20,0.0,901.8,8.3
2024-10-12T02:00,21.8,21,0.0,901.6,8.0
2024-10-12T03:00,22.0,21,0.0,901.5,6.9
2024-10-12T04:00,20.6,24,0.0,901.1,8.7
2024-10-12T05:00,19.4,27,0.0,901.0,9.0
2024-10-12T06:00,18.8,29,0.0,901.2,9.6
2024-10-12T07:00,20.2,28,0.0,902.2,9.0
2024-10-12T08:00,24.0,22,0.0,903.8,6.5
2024-10-12T09:00,27.9,18,0.0,905.4,5.9
2024-10-12T10:00,30.0,16,0.0,905.6,5.1
2024-10-12T11:00,31.3,14,0.0,905.3,4.6
2024-10-12T12:00,32.3,12,0.0,904.8,5.6
2024-10-12T13:00,33.2,11,0.0,904.4,7.5
2024-10-12T14:00,33.8,10,0.0,904.0,8.0
2024-10-12T15:00,33.7,9,0.0,903.6,7.9
2024-10-12T16:00,33.5,10,0.0,903.8,4.8
2024-10-12T17:00,32.5,11,0.0,903.4,19.1
2024-10-12T18:00,30.4,13,0.0,903.4,24.9
2024-10-12T19:00,29.2,14,0.0,904.0,18.6
2024-10-12T20:00,27.9,15,0.0,904.1,13.9
2024-10-12T21:00,26.6,16,0.0,904.1,12.9
2024-10-12T22:00,25.6,17,0.0,904.0,11.7
2024-10-12T23:00,24.6,19,0.0,903.8,11.4
2024-10-13T00:00,23.2,21,0.0,903.5,9.9
2024-10-13T01:00,22.1,23,0.0,903.4,8.1
2024-10-13T02:00,23.6,20,0.0,903.7,5.6
2024-10-13T03:00,23.1,21,0.0,903.6,5.8
2024-10-13T04:00,20.6,25,0.0,902.2,8.2
2024-10-13T05:00,19.8,26,0.0,902.2,11.0
2024-10-13T06:00,19.1,27,0.0,902.1,10.2
2024-10-13T07:00,20.6,25,0.0,903.0,9.8
2024-10-13T08:00,24.9,19,0.0,905.1,4.7
2024-10-13T09:00,27.8,16,0.0,906.4,1.5
2024-10-13T10:00,29.8,14,0.0,906.7,2.2
2024-10-13T11:00,31.3,12,0.0,906.6,5.1
2024-10-13T12:00,32.5,11,0.0,906.0,3.6
2024-10-13T13:00,33.3,10,0.0,905.2,0.5
2024-10-13T14:00,33.8,9,0.0,904.6,5.1
2024-10-13T15:00,33.8,9,0.0,904.3,10.4
2024-10-13T16:00,33.7,9,0.0,904.1,10.1
2024-10-13T17:00,32.8,9,0.0,903.7,13.2
2024-10-13T18:00,30.6,11,0.0,903.6,18.5
2024-10-13T19:00,29.2,13,0.0,903.7,16.2
2024-10-13T20:00,27.8,14,0.0,904.1,12.8
2024-10-13T21:00,25.9,16,0.0,904.1,7.9
2024-10-13T22:00,24.8,18,0.0,904.0,6.6
2024-10-13T23:00,26.5,16,0.0,904.5,1.9
2024-10-14T00:00,24.2,19,0.0,903.6,4.8
2024-10-14T01:00,22.4,21,0.0,902.7,8.2
2024-10-14T02:00,24.9,18,0.0,903.2,4.8
2024-10-14T03:00,21.5,23,0.0,902.3,7.6
2024-10-14T04:00,23.4,21,0.0,903.0,5.3
2024-10-14T05:00,20.5,25,0.0,902.3,7.6
2024-10-14T06:00,20.5,25,0.0,902.4,7.2
2024-10-14T07:00,20.2,26,0.0,902.8,8.6
2024-10-14T08:00,23.9,21,0.0,904.2,7.0
2024-10-14T09:00,27.1,17,0.0,905.8,4.0
2024-10-14T10:00,29.2,15,0.0,906.0,3.7
2024-10-14T11:00,31.0,13,0.0,905.7,7.5
2024-10-14T12:00,31.9,12,0.0,905.2,7.4
2024-10-14T13:00,32.4,11,0.0,904.7,7.2
2024-10-14T14:00,32.7,11,0.0,904.2,8.1
2024-10-14T15:00,32.8,11,0.0,904.1,10.8
2024-10-14T16:00,32.5,10,0.0,904.4,12.7
2024-10-14T17:00,31.9,11,0.0,904.1,15.0
2024-10-14T18:00,30.4,12,0.0,903.9,13.1
2024-10-14T19:00,28.7,13,0.0,904.0,14.2
2024-10-14T20:00,27.4,15,0.0,904.3,14.7
2024-10-14T21:00,26.3,17,0.0,904.2,12.6
2024-10-14T22:00,25.0,19,0.0,903.9,10.3
2024-10-14T23:00,23.3,22,0.0,903.3,7.6
2024-10-15T00:00,23.4,22,0.0,903.3,6.3
2024-10-15T01:00,22.6,23,0.0,903.0,7.3
2024-10-15T02:00,23.3,21,0.0,903.2,5.7
2024-10-15T03:00,22.1,23,0.0,902.8,6.5
2024-10-15T04:00,20.9,26,0.0,902.6,8.0
2024-10-15T05:00,22.5,23,0.0,903.4,5.1
2024-10-15T06:00,22.5,23,0.0,903.8,5.0
2024-10-15T07:00,22.8,23,0.0,904.1,3.1
2024-10-15T08:00,23.7,22,0.0,905.1,1.8
2024-10-15T09:00,26.1,20,0.0,906.2,3.2
2024-10-15T10:00,28.6,17,0.0,906.8,9.0
2024-10-15T11:00,30.8,15,0.0,906.7,14.6
2024-10-15T12:00,32.0,13,0.0,906.4,16.4
2024-10-15T13:00,32.8,11,0.0,905.9,13.9
2024-10-15T14:00,33.2,10,0.0,905.3,10.4
2024-10-15T15:00,33.3,10,0.0,905.1,9.3
2024-10-15T16:00,33.2,10,0.0,905.3,11.0
2024-10-15T17:00,32.4,10,0.0,905.1,16.2
2024-10-15T18:00,30.4,12,0.0,904.9,19.4
2024-10-15T19:00,29.3,13,0.0,904.9,16.9
2024-10-15T20:00,27.8,14,0.0,905.2,16.0
2024-10-15T21:00,26.3,16,0.0,905.3,15.3
2024-10-15T22:00,25.1,18,0.0,905.3,14.0
2024-10-15T23:00,24.0,21,0.0,905.0,11.1
2024-10-16T00:00,22.2,24,0.0,904.5,6.7
2024-10-16T01:00,21.7,25,0.0,904.1,7.3
2024-10-16T02:00,21.9,25,0.0,904.2,6.7
2024-10-16T03:00,20.9,26,0.0,903.9,7.5
2024-10-16T04:00,22.9,23,0.0,904.7,4.8
2024-10-16T05:00,21.3,26,0.0,904.3,6.0
2024-10-16T06:00,21.3,26,0.0,904.5,5.5
2024-10-16T07:00,22.1,24,0.0,905.1,3.6
2024-10-16T08:00,22.8,23,0.0,905.6,1.7
2024-10-16T09:00,25.4,19,0.0,906.5,4.6
2024-10-16T10:00,29.1,15,0.0,907.0,13.2
2024-10-16T11:00,32.0,12,0.0,906.8,18.6
2024-10-16T12:00,34.3,9,0.0,906.2,22.2
2024-10-16T13:00,35.0,9,0.0,905.4,23.2
2024-10-16T14:00,35.3,9,0.0,904.9,24.8
2024-10-16T15:00,35.1,8,0.0,904.6,21.5
2024-10-16T16:00,34.2,9,0.0,904.5,26.5
2024-10-16T17:00,32.8,10,0.0,904.2,28.7
2024-10-16T18:00,31.5,11,0.0,904.1,24.7
2024-10-16T19:00,29.6,12,0.0,903.9,11.1
2024-10-16T20:00,28.1,13,0.0,904.1,13.7
2024-10-16T21:00,26.4,13,0.0,903.8,11.1
2024-10-16T22:00,25.4,12,0.0,903.8,14.2
2024-10-16T23:00,24.5,11,0.0,903.6,13.5
2024-10-17T00:00,23.1,13,0.0,902.6,11.2
2024-10-17T01:00,21.8,15,0.0,902.2,10.7
2024-10-17T02:00,20.8,17,0.0,901.5,10.0
2024-10-17T03:00,20.6,16,0.0,901.4,13.4
2024-10-17T04:00,20.9,18,0.0,901.5,12.3
2024-10-17T05:00,20.8,20,0.0,901.8,13.9
2024-10-17T06:00,20.9,24,0.0,901.9,14.8
2024-10-17T07:00,21.6,28,0.0,902.6,15.3
2024-10-17T08:00,24.3,27,0.0,904.1,10.1
2024-10-17T09:00,26.5,24,0.0,905.3,14.6
2024-10-17T10:00,28.6,22,0.0,905.8,14.9
2024-10-17T11:00,30.2,18,0.0,905.7,14.1
2024-10-17T12:00,31.0,16,0.0,905.2,15.4
2024-10-17T13:00,31.8,15,0.0,904.6,16.3
2024-10-17T14:00,32.2,14,0.0,903.8,15.4
2024-10-17T15:00,32.3,13,0.0,903.4,16.2
2024-10-17T16:00,31.8,12,0.0,903.3,18.1
2024-10-17T17:00,30.6,12,0.0,903.1,18.7
2024-10-17T18:00,28.9,13,0.0,902.9,13.7
2024-10-17T19:00,27.5,15,0.0,903.0,11.9
2024-10-17T20:00,26.1,17,0.0,903.0,11.4
2024-10-17T21:00,25.2,18,0.0,902.7,13.6
2024-10-17T22:00,24.4,20,0.0,902.6,13.6
2024-10-17T23:00,23.0,24,0.0,902.3,11.0
2024-10-18T00:00,21.4,27,0.0,901.7,9.9
2024-10-18T01:00,20.0,29,0.0,901.0,9.9
2024-10-18T02:00,18.9,32,0.0,900.3,8.9
2024-10-18T03:00,18.5,33,0.0,900.0,9.6
2024-10-18T04:00,20.4,32,0.0,901.2,6.0
2024-10-18T05:00,20.1,32,0.0,901.3,5.6
2024-10-18T06:00,17.6,38,0.0,900.7,8.5
2024-10-18T07:00,18.8,36,0.0,901.6,10.4
2024-10-18T08:00,21.9,29,0.0,903.0,9.7
2024-10-18T09:00,25.0,24,0.0,904.4,8.2
2024-10-18T10:00,26.9,22,0.0,904.5,6.5
2024-10-18T11:00,28.5,18,0.0,904.6,8.7
2024-10-18T12:00,30.1,12,0.0,904.1,12.5
2024-10-18T13:00,31.5,11,0.0,903.6,15.9
2024-10-18T14:00,32.1,11,0.0,903.2,22.6
2024-10-18T15:00,32.0,11,0.0,903.0,27.1
2024-10-18T16:00,31.6,14,0.0,903.0,24.4
2024-10-18T17:00,30.4,15,0.0,902.9,23.4
2024-10-18T18:00,28.9,16,0.0,902.6,14.2
2024-10-18T19:00,27.6,17,0.0,902.7,11.9
2024-10-18T20:00,25.8,21,0.0,902.7,10.0
2024-10-18T21:00,23.9,24,0.0,902.5,6.6
2024-10-18T22:00,23.5,25,0.0,902.6,5.4
2024-10-18T23:00,24.7,22,0.0,903.4,3.8
2024-10-19T00:00,21.6,27,0.0,902.0,8.0
2024-10-19T01:00,21.4,28,0.0,902.0,7.9
2024-10-19T02:00,23.2,24,0.0,902.4,4.8
2024-10-19T03:00,20.0,30,0.0,901.4,9.5
2024-10-19T04:00,20.3,30,0.0,901.4,8.4
2024-10-19T05:00,19.8,31,0.0,901.4,9.3
2024-10-19T06:00,19.6,30,0.0,901.7,10.3
2024-10-19T07:00,20.6,28,0.0,902.5,10.2
2024-10-19T08:00,23.5,23,0.0,903.9,6.8
2024-10-19T09:00,26.9,18,0.0,905.5,6.8
2024-10-19T10:00,29.6,16,0.0,906.0,10.0
2024-10-19T11:00,31.4,16,0.0,906.1,11.0
2024-10-19T12:00,32.2,16,0.0,905.7,12.8
2024-10-19T13:00,33.1,14,0.0,905.4,14.2
2024-10-19T14:00,34.8,11,0.0,904.8,24.0
2024-10-19T15:00,34.0,13,0.0,904.7,28.5
2024-10-19T16:00,33.8,12,0.0,904.8,22.7
2024-10-19T17:00,32.8,14,0.0,904.8,18.7
2024-10-19T18:00,31.5,15,0.0,904.6,7.2
2024-10-19T19:00,30.1,16,0.0,905.1,10.4
2024-10-19T20:00,27.6,21,0.0,905.2,8.1
2024-10-19T21:00,25.9,24,0.0,904.8,6.1
2024-10-19T22:00,24.8,25,0.0,905.0,7.0
2024-10-19T23:00,23.9,27,0.0,904.9,6.7
2024-10-20T00:00,22.6,29,0.0,904.7,9.0
2024-10-20T01:00,21.7,30,0.0,904.5,9.6
2024-10-20T02:00,20.9,32,0.0,904.2,7.0
2024-10-20T03:00,20.9,32,0.0,904.3,6.0
2024-10-20T04:00,21.2,30,0.0,904.6,5.6
2024-10-20T05:00,21.0,31,0.0,904.8,5.4
2024-10-20T06:00,19.0,36,0.0,904.8,9.4
2024-10-20T07:00,19.0,38,0.0,905.7,7.0
2024-10-20T08:00,20.5,36,0.0,907.0,4.7
2024-10-20T09:00,22.5,32,0.0,908.1,7.5
2024-10-20T10:00,24.6,28,0.0,908.5,11.0
2024-10-20T11:00,26.5,25,0.0,908.6,15.1
2024-10-20T12:00,27.8,23,0.0,908.2,18.1
2024-10-20T13:00,28.9,21,0.0,908.1,17.0
2024-10-20T14:00,29.5,20,0.0,907.8,15.3
2024-10-20T15:00,29.9,19,0.0,907.6,13.9
2024-10-20T16:00,29.2,20,0.0,907.5,20.3
2024-10-20T17:00,27.6,22,0.0,907.4,26.0
2024-10-20T18:00,26.5,24,0.0,907.4,18.2
2024-10-20T19:00,25.1,26,0.0,907.6,17.8
2024-10-20T20:00,24.0,27,0.0,907.9,16.8
2024-10-20T21:00,22.8,29,0.0,908.0,13.4
2024-10-20T22:00,21.7,30,0.0,908.0,10.8
2024-10-20T23:00,20.7,31,0.0,907.7,10.8
2024-10-21T00:00,19.7,32,0.0,907.3,9.6
2024-10-21T01:00,18.7,34,0.0,906.9,8.0
2024-10-21T02:00,17.8,35,0.0,906.4,7.6
2024-10-21T03:00,17.0,37,0.0,906.3,4.7
2024-10-21T04:00,17.0,37,0.0,906.3,4.1
2024-10-21T05:00,16.0,39,0.0,906.1,5.9
2024-10-21T06:00,15.6,38,0.0,906.2,7.3
2024-10-21T07:00,16.5,35,0.0,906.6,6.5
2024-10-21T08:00,18.2,30,0.0,907.5,6.9
2024-10-21T09:00,20.4,25,0.0,908.3,10.7
2024-10-21T10:00,22.9,21,0.0,908.4,14.0
2024-10-21T11:00,24.9,19,0.0,908.1,15.8
2024-10-21T12:00,26.5,18,0.0,907.4,16.5
2024-10-21T13:00,27.9,16,0.0,906.9,16.2
2024-10-21T14:00,28.6,16,0.0,906.6,16.9
2024-10-21T15:00,28.7,15,0.0,906.2,19.2
2024-10-21T16:00,27.5,16,0.0,905.9,20.8
2024-10-21T17:00,26.1,17,0.0,905.5,24.1
2024-10-21T18:00,24.5,18,0.0,905.4,22.3
2024-10-21T19:00,23.0,19,0.0,905.4,20.5
2024-10-21T20:00,21.8,20,0.0,905.6,19.9
2024-10-21T21:00,20.6,21,0.0,905.5,14.1
2024-10-21T22:00,19.6,23,0.0,905.4,12.8
2024-10-21T23:00,18.6,24,0.0,905.4,11.4
2024-10-22T00:00,17.6,25,0.0,904.9,9.1
2024-10-22T01:00,16.7,26,0.0,904.6,8.5
2024-10-22T02:00,15.9,26,0.0,903.8,7.6
2024-10-22T03:00,15.1,26,0.0,903.7,7.4
2024-10-22T04:00,15.2,26,0.0,903.9,7.0
2024-10-22T05:00,14.4,27,0.0,903.6,6.7
2024-10-22T06:00,13.9,27,0.0,903.6,6.8
2024-10-22T07:00,14.7,25,0.0,904.2,7.0
2024-10-22T08:00,16.4,22,0.0,905.0,6.4
2024-10-22T09:00,18.5,19,0.0,905.5,11.9
2024-10-22T10:00,20.8,17,0.0,905.6,15.1
2024-10-22T11:00,22.7,15,0.0,905.5,16.0
2024-10-22T12:00,24.3,14,0.0,904.8,14.5
2024-10-22T13:00,25.5,14,0.0,904.3,11.0
2024-10-22T14:00,26.2,13,0.0,903.8,8.2
2024-10-22T15:00,26.6,13,0.0,903.7,5.4
2024-10-22T16:00,27.8,14,0.0,903.6,8.3
2024-10-22T17:00,27.6,14,0.0,903.4,2.4
2024-10-22T18:00,24.5,16,0.0,903.6,20.7
2024-10-22T19:00,22.9,17,0.0,903.9,10.2
2024-10-22T20:00,21.5,19,0.0,904.2,13.7
2024-10-22T21:00,20.1,20,0.0,904.2,11.4
2024-10-22T22:00,18.8,22,0.0,904.1,9.9
2024-10-22T23:00,17.2,25,0.0,903.8,7.3
2024-10-23T00:00,16.0,28,0.0,903.5,6.2
2024-10-23T01:00,16.0,27,0.0,903.6,4.6
2024-10-23T02:00,15.7,28,0.0,903.8,4.1
2024-10-23T03:00,15.6,28,0.0,904.0,3.7
2024-10-23T04:00,15.2,29,0.0,904.2,2.6
2024-10-23T05:00,12.8,34,0.0,903.6,7.2
2024-10-23T06:00,12.1,36,0.0,903.9,8.7
2024-10-23T07:00,12.1,35,0.0,904.6,9.2
2024-10-23T08:00,13.6,30,0.0,906.0,10.2
2024-10-23T09:00,15.5,24,0.0,906.9,13.4
2024-10-23T10:00,17.4,20,0.0,907.2,15.9
2024-10-23T11:00,19.1,18,0.0,907.0,18.1
2024-10-23T12:00,20.5,17,0.0,906.6,19.0
2024-10-23T13:00,21.5,16,0.0,906.2,19.5
2024-10-23T14:00,22.3,16,0.0,905.8,19.7
2024-10-23T15:00,22.5,16,0.0,905.8,20.4
2024-10-23T16:00,22.2,16,0.0,905.9,19.7
2024-10-23T17:00,21.3,16,0.0,905.7,21.2
2024-10-23T18:00,20.0,18,0.0,905.7,18.6
2024-10-23T19:00,18.6,19,0.0,906.0,18.4
2024-10-23T20:00,17.5,21,0.0,906.0,17.1
2024-10-23T21:00,16.5,22,0.0,905.8,15.4
2024-10-23T22:00,15.6,23,0.0,905.5,14.3
2024-10-23T23:00,14.6,25,0.0,905.2,12.2
2024-10-24T00:00,13.7,27,0.0,905.0,11.0
2024-10-24T01:00,12.8,28,0.0,904.9,10.2
2024-10-24T02:00,11.9,30,0.0,904.8,9.3
2024-10-24T03:00,11.3,32,0.0,904.8,9.4
2024-10-24T04:00,11.4,32,0.0,905.0,8.1
2024-10-24T05:00,10.8,33,0.0,904.9,8.7
2024-10-24T06:00,10.2,35,0.0,905.0,8.1
2024-10-24T07:00,10.7,34,0.0,905.8,7.3
2024-10-24T08:00,12.4,30,0.0,906.8,7.5
2024-10-24T09:00,14.4,26,0.0,907.8,12.7
2024-10-24T10:00,16.5,22,0.0,908.3,17.4
2024-10-24T11:00,18.4,20,0.0,908.4,20.2
2024-10-24T12:00,19.7,19,0.0,907.9,20.9
2024-10-24T13:00,20.7,18,0.0,907.5,21.4
2024-10-24T14:00,21.2,18,0.0,907.2,22.0
2024-10-24T15:00,21.3,18,0.0,907.3,22.6
2024-10-24T16:00,20.9,18,0.0,907.3,24.9
2024-10-24T17:00,19.8,19,0.0,907.3,24.5
2024-10-24T18:00,18.5,20,0.0,907.1,19.4
2024-10-24T19:00,17.5,21,0.0,907.3,18.2
2024-10-24T20:00,16.5,22,0.0,907.6,16.3
2024-10-24T21:00,15.4,23,0.0,907.3,13.9
2024-10-24T22:00,14.6,24,0.0,907.5,12.4
2024-10-24T23:00,13.6,26,0.0,907.3,11.9
2024-10-25T00:00,12.8,27,0.0,906.8,10.9
2024-10-25T01:00,12.0,29,0.0,906.7,10.3
2024-10-25T02:00,11.4,30,0.0,906.7,9.8
2024-10-25T03:00,10.9,30,0.0,906.6,10.2
2024-10-25T04:00,10.9,29,0.0,906.5,9.8
2024-10-25T05:00,10.6,29,0.0,906.5,9.6
2024-10-25T06:00,10.1,30,0.0,906.7,9.1
2024-10-25T07:00,10.7,28,0.0,907.4,7.8
2024-10-25T08:00,12.5,25,0.0,908.2,8.3
2024-10-25T09:00,14.8,21,0.0,909.1,16.7
2024-10-25T10:00,16.9,19,0.0,909.2,23.4
2024-10-25T11:00,18.5,17,0.0,908.8,25.1
2024-10-25T12:00,17.8,24,0.0,908.3,23.8
2024-10-25T13:00,15.5,41,4.3,907.8,17.9
2024-10-25T14:00,13.7,60,9.5,907.0,15.9
2024-10-25T15:00,14.4,56,0.2,906.6,18.4
2024-10-25T16:00,15.0,58,0.0,906.8,19.3
2024-10-25T17:00,13.8,64,0.0,906.4,18.4
2024-10-25T18:00,13.1,69,0.0,906.6,12.5
2024-10-25T19:00,12.7,72,0.0,907.0,12.2
2024-10-25T20:00,12.4,76,0.9,907.6,12.0
2024-10-25T21:00,11.8,70,6.9,907.6,17.0
2024-10-25T22:00,11.4,74,0.0,907.2,15.7
2024-10-25T23:00,11.1,76,0.7,906.8,10.6
2024-10-26T00:00,11.0,78,0.0,906.3,13.1
2024-10-26T01:00,11.1,76,0.0,905.8,12.0
2024-10-26T02:00,11.1,79,0.1,905.9,9.9
2024-10-26T03:00,11.7,78,0.6,906.2,7.5
2024-10-26T04:00,10.9,74,11.6,906.1,5.0
2024-10-26T05:00,10.9,79,0.0,906.6,2.0
2024-10-26T06:00,10.8,78,0.0,905.6,13.2
2024-10-26T07:00,11.0,75,0.0,905.9,10.0
2024-10-26T08:00,12.0,73,0.0,906.8,11.0
2024-10-26T09:00,13.7,71,0.0,907.4,12.5
2024-10-26T10:00,15.0,70,0.0,908.0,15.6
2024-10-26T11:00,15.4,69,2.8,907.5,19.0
2024-10-26T12:00,15.3,71,2.0,906.6,19.1
2024-10-26T13:00,15.2,77,0.5,906.2,16.3
2024-10-26T14:00,16.7,75,0.2,905.7,17.9
2024-10-26T15:00,16.2,78,0.1,905.3,16.0
2024-10-26T16:00,16.4,79,0.1,907.0,14.3
2024-10-26T17:00,15.4,85,0.8,905.9,15.6
2024-10-26T18:00,14.4,90,0.0,906.4,9.1
2024-10-26T19:00,14.2,90,0.0,906.3,8.8
2024-10-26T20:00,14.2,88,0.0,906.6,13.9
2024-10-26T21:00,13.9,88,0.0,906.3,15.2
2024-10-26T22:00,13.6,90,0.0,905.8,13.2
2024-10-26T23:00,13.5,91,0.0,905.5,13.3
2024-10-27T00:00,13.4,92,0.0,905.7,12.1
2024-10-27T01:00,13.2,92,0.0,905.6,13.1
2024-10-27T02:00,13.2,90,0.0,905.3,14.9
2024-10-27T03:00,13.4,87,0.0,905.3,15.6
2024-10-27T04:00,13.8,87,0.0,906.1,16.5
2024-10-27T05:00,14.2,85,0.0,906.4,16.7
2024-10-27T06:00,14.2,85,0.0,906.6,17.2
2024-10-27T07:00,13.9,85,0.0,906.7,15.7
2024-10-27T08:00,15.4,82,0.0,907.8,12.9
2024-10-27T09:00,16.9,77,0.0,908.6,12.2
2024-10-27T10:00,18.4,74,0.0,908.9,11.1
2024-10-27T11:00,19.7,70,0.0,908.7,10.7
2024-10-27T12:00,21.0,67,0.0,908.4,9.9
2024-10-27T13:00,21.7,66,0.0,908.0,9.3
2024-10-27T14:00,22.1,65,0.0,907.7,8.1
2024-10-27T15:00,22.8,62,0.0,907.5,6.7
2024-10-27T16:00,22.1,68,0.3,907.1,6.6
2024-10-27T17:00,19.5,77,1.2,907.4,8.6
2024-10-27T18:00,18.4,85,0.1,907.1,8.0
2024-10-27T19:00,18.0,88,0.0,907.7,11.0
2024-10-27T20:00,17.3,93,0.0,907.8,8.3
2024-10-27T21:00,16.4,97,0.0,907.7,4.7
2024-10-27T22:00,15.9,98,0.0,907.3,3.9
2024-10-27T23:00,15.6,97,0.0,907.4,5.7
2024-10-28T00:00,15.4,97,0.0,907.2,6.7
2024-10-28T01:00,15.4,97,0.0,907.0,3.7
2024-10-28T02:00,14.9,99,0.0,906.6,4.1
2024-10-28T03:00,15.5,99,0.0,906.8,2.2
2024-10-28T04:00,15.0,99,0.4,906.8,4.1
2024-10-28T05:00,15.0,100,0.6,906.9,6.3
2024-10-28T06:00,15.1,100,0.1,907.0,7.3
2024-10-28T07:00,15.1,99,0.2,907.3,5.5
2024-10-28T08:00,15.4,99,0.1,907.7,9.7
2024-10-28T09:00,16.2,94,0.0,908.3,10.3
2024-10-28T10:00,17.6,84,0.1,908.3,14.7
2024-10-28T11:00,18.8,80,0.1,907.6,15.1
2024-10-28T12:00,19.7,76,0.2,907.1,14.2
2024-10-28T13:00,20.2,73,0.1,906.5,12.2
2024-10-28T14:00,20.7,71,0.1,906.0,10.1
2024-10-28T15:00,20.4,73,0.0,905.5,13.5
2024-10-28T16:00,21.1,66,0.0,905.5,13.5
2024-10-28T17:00,19.6,75,0.0,905.3,16.0
2024-10-28T18:00,18.1,83,0.0,905.2,14.8
2024-10-28T19:00,17.1,88,0.0,905.4,11.8
2024-10-28T20:00,16.6,91,0.0,905.7,8.0
2024-10-28T21:00,16.1,92,0.0,905.6,9.2
2024-10-28T22:00,15.5,92,0.0,905.5,9.1
2024-10-28T23:00,15.1,91,0.0,905.3,8.5
2024-10-29T00:00,14.6,92,0.0,905.0,7.0
2024-10-29T01:00,14.0,93,0.0,904.6,5.4
2024-10-29T02:00,13.9,92,0.0,904.4,2.9
2024-10-29T03:00,14.2,89,0.0,904.3,2.3
2024-10-29T04:00,14.9,93,2.0,904.9,2.2
2024-10-29T05:00,14.8,91,0.1,904.9,6.0
2024-10-29T06:00,14.1,94,0.0,905.0,3.7
2024-10-29T07:00,14.6,90,0.0,905.4,1.8
2024-10-29T08:00,15.4,87,0.0,906.2,4.0
2024-10-29T09:00,16.9,76,0.0,906.9,8.9
2024-10-29T10:00,18.5,68,0.0,906.9,13.1
2024-10-29T11:00,19.8,66,0.0,906.4,14.9
2024-10-29T12:00,20.9,65,0.0,905.6,12.8
2024-10-29T13:00,21.8,64,0.0,904.9,10.4
2024-10-29T14:00,22.5,64,0.0,904.2,10.5
2024-10-29T15:00,23.1,62,0.0,904.1,11.5
2024-10-29T16:00,23.0,60,0.0,903.7,11.6
2024-10-29T17:00,21.5,72,0.0,903.3,10.3
2024-10-29T18:00,19.5,80,0.0,903.1,11.2
2024-10-29T19:00,18.4,83,0.0,903.3,12.5
2024-10-29T20:00,17.4,84,0.0,903.3,11.1
2024-10-29T21:00,16.6,85,0.0,903.1,9.4
2024-10-29T22:00,16.0,88,0.0,902.8,8.1
2024-10-29T23:00,15.6,88,0.0,902.4,8.5
2024-10-30T00:00,15.6,88,0.0,902.2,10.2
2024-10-30T01:00,15.4,88,0.0,902.0,11.2
2024-10-30T02:00,15.2,87,0.0,901.6,12.6
2024-10-30T03:00,15.3,84,0.0,901.4,13.6
2024-10-30T04:00,15.4,83,0.0,901.1,18.1
2024-10-30T05:00,15.7,83,0.0,900.8,19.3
2024-10-30T06:00,15.9,84,0.0,901.0,20.1
2024-10-30T07:00,16.1,84,0.0,901.7,19.2
2024-10-30T08:00,17.5,83,0.0,902.8,16.2
2024-10-30T09:00,19.6,77,0.0,903.7,19.7
2024-10-30T10:00,21.7,72,0.0,904.2,20.9
2024-10-30T11:00,23.5,61,0.0,904.0,21.2
2024-10-30T12:00,24.5,51,0.0,903.3,19.9
2024-10-30T13:00,25.1,49,0.0,902.7,19.1
2024-10-30T14:00,25.6,44,0.0,902.3,22.5
2024-10-30T15:00,25.5,43,0.0,901.9,20.7
2024-10-30T16:00,25.5,45,0.0,901.4,14.3
2024-10-30T17:00,22.9,57,0.0,900.6,12.6
2024-10-30T18:00,20.1,72,0.0,900.6,19.8
2024-10-30T19:00,19.2,75,0.0,901.2,17.7
2024-10-30T20:00,18.2,78,0.0,901.2,14.8
2024-10-30T21:00,17.4,79,0.0,901.2,14.5
2024-10-30T22:00,16.8,77,0.0,901.1,13.8
2024-10-30T23:00,16.0,78,0.0,900.8,13.4
2024-10-31T00:00,15.8,77,0.0,900.7,13.9
2024-10-31T01:00,15.6,81,0.0,901.1,16.5
2024-10-31T02:00,15.8,86,0.0,901.3,19.3
2024-10-31T03:00,15.9,87,0.0,901.7,20.8
2024-10-31T04:00,16.5,85,0.0,901.4,18.6
2024-10-31T05:00,16.0,87,0.0,901.7,19.9
2024-10-31T06:00,15.6,89,0.0,902.0,18.4
2024-10-31T07:00,15.8,89,0.0,902.6,18.4
2024-10-31T08:00,17.3,85,0.0,903.6,18.1
2024-10-31T09:00,19.1,80,0.0,904.3,21.1
2024-10-31T10:00,21.1,75,0.0,904.5,21.3
2024-10-31T11:00,22.9,68,0.0,904.0,20.7
2024-10-31T12:00,24.3,59,0.0,903.4,19.4
2024-10-31T13:00,25.1,48,0.0,903.0,17.8
2024-10-31T14:00,25.6,40,0.0,902.7,15.7
2024-10-31T15:00,25.3,38,0.0,902.5,13.9
2024-10-31T16:00,25.4,36,0.0,902.2,4.7
2024-10-31T17:00,22.8,55,0.0,902.0,7.7
2024-10-31T18:00,19.8,77,0.0,901.7,14.8
2024-10-31T19:00,19.0,82,0.0,902.2,8.4
2024-10-31T20:00,19.0,78,0.0,902.4,3.1
2024-10-31T21:00,17.9,82,0.0,902.4,11.8
2024-10-31T22:00,17.4,82,0.0,902.9,20.9
2024-10-31T23:00,17.0,86,0.0,903.3,19.5
2024-11-01T00:00,16.3,89,0.0,902.8,17.7
2024-11-01T01:00,15.8,91,0.0,902.6,17.9
2024-11-01T02:00,15.4,92,0.0,902.2,18.4
2024-11-01T03:00,15.1,92,0.0,902.2,17.7
2024-11-01T04:00,15.4,97,0.0,903.0,18.7
2024-11-01T05:00,15.6,98,0.0,902.9,17.9
2024-11-01T06:00,15.4,97,0.0,903.2,17.4
2024-11-01T07:00,15.7,92,0.0,903.9,26.7
2024-11-01T08:00,17.1,86,0.0,904.5,21.7
2024-11-01T09:00,17.9,84,0.0,905.6,21.4
2024-11-01T10:00,18.9,81,0.0,905.7,15.2
2024-11-01T11:00,20.6,73,0.0,905.5,14.4
2024-11-01T12:00,22.8,63,0.0,905.5,16.6
2024-11-01T13:00,24.3,51,0.0,905.2,19.7
2024-11-01T14:00,25.1,41,0.0,904.9,17.6
2024-11-01T15:00,25.3,39,0.0,904.5,16.4
2024-11-01T16:00,21.3,60,0.0,904.8,17.1
2024-11-01T17:00,19.5,70,0.0,905.1,25.5
2024-11-01T18:00,17.4,77,0.0,905.3,21.7
2024-11-01T19:00,16.5,84,0.0,905.6,17.9
2024-11-01T20:00,16.2,88,0.0,905.9,16.7
2024-11-01T21:00,16.5,88,0.0,906.5,19.7
2024-11-01T22:00,16.2,90,0.0,906.2,18.1
2024-11-01T23:00,15.9,91,0.0,906.0,17.5
2024-11-02T00:00,15.6,91,0.0,905.6,17.3
2024-11-02T01:00,15.4,91,0.0,905.3,17.3
2024-11-02T02:00,15.5,91,0.0,905.1,17.6
2024-11-02T03:00,15.6,90,0.0,905.3,18.0
2024-11-02T04:00,16.0,85,0.0,905.9,26.4
2024-11-02T05:00,16.0,86,0.0,905.6,14.9
2024-11-02T06:00,15.3,88,0.0,905.5,13.4
2024-11-02T07:00,15.7,85,0.0,905.9,13.6
2024-11-02T08:00,17.1,81,0.0,907.0,17.1
2024-11-02T09:00,18.5,78,0.0,907.5,17.6
2024-11-02T10:00,19.9,75,0.0,907.9,13.5
2024-11-02T11:00,21.6,66,0.0,907.8,16.8
2024-11-02T12:00,22.8,63,0.0,907.3,19.4
2024-11-02T13:00,23.6,65,0.0,906.6,21.2
2024-11-02T14:00,24.8,53,0.0,906.2,22.2
2024-11-02T15:00,24.9,49,0.0,905.7,20.9
2024-11-02T16:00,23.6,52,0.0,905.9,19.5
2024-11-02T17:00,22.5,62,0.0,905.3,11.6
2024-11-02T18:00,20.5,71,0.0,904.8,11.1
2024-11-02T19:00,19.3,79,0.0,904.9,9.7
2024-11-02T20:00,18.2,85,0.0,904.8,7.9
2024-11-02T21:00,18.0,85,0.0,905.3,12.1
2024-11-02T22:00,17.6,88,0.0,905.3,11.3
2024-11-02T23:00,17.3,88,0.0,905.2,8.9
2024-11-03T00:00,17.0,87,0.0,904.5,7.8
2024-11-03T01:00,17.0,85,0.0,904.1,8.4
2024-11-03T02:00,16.9,82,0.0,904.3,10.0
2024-11-03T03:00,15.6,89,0.0,903.7,5.4
2024-11-03T04:00,16.4,82,0.0,903.9,6.0
2024-11-03T05:00,16.2,82,0.0,903.9,9.4
2024-11-03T06:00,16.4,81,0.0,903.9,11.7
2024-11-03T07:00,16.8,81,0.0,904.2,12.5
2024-11-03T08:00,18.9,75,0.0,905.1,11.8
2024-11-03T09:00,21.2,69,0.0,906.2,12.3
2024-11-03T10:00,23.1,63,0.0,906.9,15.1
2024-11-03T11:00,24.6,55,0.0,906.6,17.7
2024-11-03T12:00,25.4,52,0.0,906.1,19.0
2024-11-03T13:00,25.9,50,0.0,905.8,18.8
2024-11-03T14:00,26.0,50,0.0,905.3,19.2
2024-11-03T15:00,25.7,50,0.0,905.2,20.4
2024-11-03T16:00,21.6,71,3.7,905.7,28.3
2024-11-03T17:00,19.9,78,0.7,904.9,12.4
2024-11-03T18:00,19.4,79,0.1,904.7,11.2
2024-11-03T19:00,19.0,82,0.0,904.6,7.3
2024-11-03T20:00,18.2,86,0.0,904.5,6.1
2024-11-03T21:00,18.0,85,0.0,904.7,9.3
2024-11-03T22:00,17.1,91,0.0,904.7,8.0
2024-11-03T23:00,16.9,92,0.0,904.4,3.9
2024-11-04T00:00,16.4,92,0.0,903.9,4.3
2024-11-04T01:00,16.0,91,0.0,903.5,7.0
2024-11-04T02:00,17.9,80,0.0,904.2,0.4
2024-11-04T03:00,17.5,82,0.0,904.1,2.7
2024-11-04T04:00,16.5,86,0.0,903.6,4.2
2024-11-04T05:00,15.5,90,0.0,903.0,7.8
2024-11-04T06:00,15.4,89,0.0,903.0,8.2
2024-11-04T07:00,16.2,85,0.0,903.5,8.5
2024-11-04T08:00,19.1,77,0.0,904.9,5.5
2024-11-04T09:00,21.0,68,0.0,906.2,2.7
2024-11-04T10:00,21.5,70,0.0,906.4,7.2
2024-11-04T11:00,22.0,72,0.0,906.1,7.9
2024-11-04T12:00,22.7,70,0.0,905.6,6.9
2024-11-04T13:00,23.2,66,0.0,905.1,5.6
2024-11-04T14:00,24.1,55,0.0,904.8,5.6
2024-11-04T15:00,24.9,46,0.0,904.5,4.5
2024-11-04T16:00,23.7,58,0.0,904.3,11.7
2024-11-04T17:00,21.0,80,0.0,904.3,16.9
2024-11-04T18:00,19.8,82,0.0,904.2,8.5
2024-11-04T19:00,19.1,87,0.0,904.8,7.3
2024-11-04T20:00,18.4,92,0.2,905.3,8.7
2024-11-04T21:00,17.7,95,0.0,905.2,6.8
2024-11-04T22:00,17.0,97,0.0,905.0,7.2
2024-11-04T23:00,16.4,99,0.0,904.9,3.9
2024-11-05T00:00,15.9,99,0.0,904.8,4.0
2024-11-05T01:00,15.9,98,0.0,904.5,2.5
2024-11-05T02:00,15.1,100,0.0,904.3,3.3
2024-11-05T03:00,15.2,100,0.0,904.3,4.6
2024-11-05T04:00,16.3,99,0.0,904.9,9.8
2024-11-05T05:00,16.3,97,0.0,905.0,8.9
2024-11-05T06:00,16.1,98,0.0,905.3,8.3
2024-11-05T07:00,16.1,99,0.1,906.1,8.2
2024-11-05T08:00,16.3,98,0.0,906.4,11.4
2024-11-05T09:00,17.2,90,0.1,907.3,13.4
2024-11-05T10:00,18.3,84,0.1,907.6,14.8
2024-11-05T11:00,19.2,80,0.1,907.3,15.3
2024-11-05T12:00,19.8,77,0.1,906.7,15.7
2024-11-05T13:00,19.8,76,0.6,906.4,12.2
2024-11-05T14:00,20.0,76,0.1,906.0,12.5
2024-11-05T15:00,20.0,77,0.1,905.6,16.8
2024-11-05T16:00,19.2,76,0.0,906.1,20.2
2024-11-05T17:00,17.9,81,0.0,906.2,23.5
2024-11-05T18:00,17.0,82,0.0,906.6,20.4
2024-11-05T19:00,16.4,85,0.0,907.2,17.1
2024-11-05T20:00,15.7,88,0.0,907.3,14.2
2024-11-05T21:00,15.2,89,0.0,907.2,13.4
2024-11-05T22:00,14.4,92,0.0,907.2,7.9
2024-11-05T23:00,14.3,92,0.0,907.2,7.8
2024-11-06T00:00,14.1,91,0.0,907.0,7.2
2024-11-06T01:00,13.8,90,0.0,906.8,7.8
2024-11-06T02:00,13.4,88,0.0,906.7,7.1
2024-11-06T03:00,13.1,87,0.0,906.6,8.2
2024-11-06T04:00,13.3,84,0.0,906.4,9.1
2024-11-06T05:00,13.1,84,0.0,906.5,8.3
2024-11-06T06:00,12.6,87,0.0,906.9,6.6
2024-11-06T07:00,12.6,89,0.0,907.8,3.4
2024-11-06T08:00,13.9,81,0.0,908.8,4.8
2024-11-06T09:00,15.4,78,0.0,909.7,12.8
2024-11-06T10:00,17.2,72,0.0,910.3,17.8
2024-11-06T11:00,18.6,68,0.0,910.1,19.5
2024-11-06T12:00,19.9,66,0.0,909.5,19.7
2024-11-06T13:00,21.0,62,0.0,909.0,19.9
2024-11-06T14:00,21.8,60,0.0,908.6,19.8
2024-11-06T15:00,22.0,59,0.0,908.5,20.2
2024-11-06T16:00,21.5,60,0.0,908.4,20.1
2024-11-06T17:00,19.8,68,0.0,908.2,16.8
2024-11-06T18:00,17.9,75,0.0,908.1,15.2
2024-11-06T19:00,16.8,79,0.0,908.6,13.1
2024-11-06T20:00,15.9,79,0.0,908.8,12.6
2024-11-06T21:00,15.4,79,0.0,908.5,11.8
2024-11-06T22:00,14.9,79,0.0,908.4,10.4
2024-11-06T23:00,14.6,78,0.0,908.2,10.8
2024-11-07T00:00,14.6,75,0.0,908.0,11.7
2024-11-07T01:00,13.9,77,0.0,907.5,8.6
2024-11-07T02:00,15.6,65,0.0,908.3,3.3
2024-11-07T03:00,14.2,74,0.0,907.9,5.1
2024-11-07T04:00,15.1,78,0.2,908.5,8.7
2024-11-07T05:00,14.0,83,0.3,907.8,6.6
2024-11-07T06:00,13.2,84,0.9,907.6,11.0
2024-11-07T07:00,13.1,85,0.0,908.4,7.3
2024-11-07T08:00,13.8,82,0.0,909.1,7.9
2024-11-07T09:00,15.4,75,0.0,909.8,10.2
2024-11-07T10:00,17.1,68,0.0,910.3,11.2
2024-11-07T11:00,18.7,63,0.0,910.1,10.9
2024-11-07T12:00,20.4,59,0.0,909.4,17.4
2024-11-07T13:00,21.5,56,0.0,909.0,18.8
2024-11-07T14:00,22.2,54,0.0,908.7,20.6
2024-11-07T15:00,22.0,54,0.0,908.4,21.8
2024-11-07T16:00,22.0,54,0.0,908.4,23.2
2024-11-07T17:00,19.5,65,0.0,908.1,20.1
2024-11-07T18:00,17.3,72,0.0,908.2,16.4
2024-11-07T19:00,16.5,75,0.0,908.7,14.1
2024-11-07T20:00,15.6,77,0.0,909.2,11.0
2024-11-07T21:00,14.7,78,0.0,909.2,10.3
2024-11-07T22:00,14.2,78,0.0,908.7,8.3
2024-11-07T23:00,13.5,80,0.0,908.3,6.6
2024-11-08T00:00,12.9,82,0.0,908.3,5.6
2024-11-08T01:00,12.6,83,0.0,907.9,5.4
2024-11-08T02:00,12.9,77,0.0,907.9,3.1
2024-11-08T03:00,12.3,81,0.0,907.3,7.6
2024-11-08T04:00,12.6,93,0.0,908.3,6.4
2024-11-08T05:00,12.2,97,0.0,907.9,7.9
2024-11-08T06:00,11.9,99,0.0,907.9,8.8
2024-11-08T07:00,11.7,99,0.0,907.9,9.6
2024-11-08T08:00,12.9,92,0.0,908.4,9.9
2024-11-08T09:00,15.1,82,0.0,909.0,9.3
2024-11-08T10:00,17.6,69,0.0,909.2,13.3
2024-11-08T11:00,20.2,58,0.0,908.9,15.2
2024-11-08T12:00,22.3,53,0.0,908.3,18.6
2024-11-08T13:00,24.2,44,0.0,907.9,18.6
2024-11-08T14:00,25.4,39,0.0,907.6,17.3
2024-11-08T15:00,26.1,36,0.0,907.3,15.1
2024-11-08T16:00,26.1,40,0.0,907.2,10.4
2024-11-08T17:00,23.4,62,0.0,906.3,6.3
2024-11-08T18:00,20.3,62,0.0,906.3,15.6
2024-11-08T19:00,18.7,64,0.0,906.5,13.0
2024-11-08T20:00,18.2,64,0.0,906.4,12.8
2024-11-08T21:00,17.6,64,0.0,906.3,13.5
2024-11-08T22:00,16.9,66,0.0,906.0,11.5
2024-11-08T23:00,16.4,70,0.0,905.8,9.0
2024-11-09T00:00,16.1,75,0.0,905.6,6.5
2024-11-09T01:00,15.2,77,0.0,905.3,6.1
2024-11-09T02:00,14.9,75,0.0,905.1,7.6
2024-11-09T03:00,15.9,66,0.0,905.3,13.0
2024-11-09T04:00,16.7,65,0.0,905.2,12.2
2024-11-09T05:00,15.8,68,0.0,904.9,13.3
2024-11-09T06:00,14.9,70,0.0,904.8,12.4
2024-11-09T07:00,14.9,69,0.0,905.4,11.5
2024-11-09T08:00,17.2,61,0.0,906.5,11.5
2024-11-09T09:00,19.9,52,0.0,907.2,16.1
2024-11-09T10:00,23.0,43,0.0,907.6,20.9
2024-11-09T11:00,25.4,38,0.0,907.3,27.2
2024-11-09T12:00,27.4,31,0.0,907.0,32.4
2024-11-09T13:00,28.2,29,0.0,906.5,31.9
2024-11-09T14:00,28.5,29,0.0,906.3,28.0
2024-11-09T15:00,28.5,28,0.0,906.2,25.2
2024-11-09T16:00,28.0,31,0.0,905.7,18.5
2024-11-09T17:00,25.3,43,0.0,905.0,12.7
2024-11-09T18:00,22.9,48,0.0,904.5,14.2
2024-11-09T19:00,22.1,45,0.0,904.9,16.8
2024-11-09T20:00,21.5,43,0.0,905.3,19.8
2024-11-09T21:00,20.7,45,0.0,905.4,19.3
2024-11-09T22:00,20.0,47,0.0,905.4,19.3
2024-11-09T23:00,19.8,44,0.0,905.4,22.2
2024-11-10T00:00,19.5,43,0.0,905.5,23.5
2024-11-10T01:00,18.9,44,0.0,905.5,22.3
2024-11-10T02:00,18.4,44,0.0,905.4,22.3
2024-11-10T03:00,17.9,45,0.0,905.4,21.9
2024-11-10T04:00,18.1,44,0.0,905.4,20.3
2024-11-10T05:00,17.5,46,0.0,905.2,20.6
2024-11-10T06:00,17.1,46,0.0,905.9,21.0
2024-11-10T07:00,17.0,47,0.0,906.6,21.7
2024-11-10T08:00,18.8,44,0.0,907.5,20.1
2024-11-10T09:00,21.2,39,0.0,908.5,22.5
2024-11-10T10:00,23.8,34,0.0,909.0,26.5
2024-11-10T11:00,25.9,28,0.0,908.8,32.1
2024-11-10T12:00,27.1,25,0.0,908.3,35.8
2024-11-10T13:00,27.9,24,0.0,907.8,34.5
2024-11-10T14:00,28.2,23,0.0,907.3,31.5
2024-11-10T15:00,28.2,23,0.0,907.2,28.7
2024-11-10T16:00,27.9,23,0.0,907.0,25.2
2024-11-10T17:00,26.2,27,0.0,906.6,17.8
2024-11-10T18:00,23.6,34,0.0,906.2,14.8
2024-11-10T19:00,22.1,37,0.0,906.4,14.7
2024-11-10T20:00,21.3,37,0.0,906.6,15.8
2024-11-10T21:00,20.8,37,0.0,906.6,16.6
2024-11-10T22:00,20.1,37,0.0,906.3,16.6
2024-11-10T23:00,19.5,39,0.0,906.5,17.0
2024-11-11T00:00,19.1,39,0.0,906.3,18.8
2024-11-11T01:00,18.9,39,0.0,906.1,19.4
2024-11-11T02:00,18.3,41,0.0,906.1,19.9
2024-11-11T03:00,17.8,44,0.0,906.1,19.6
2024-11-11T04:00,18.1,43,0.0,906.0,19.8
2024-11-11T05:00,17.9,43,0.0,906.1,20.9
2024-11-11T06:00,17.6,42,0.0,906.3,20.7
2024-11-11T07:00,18.0,41,0.0,906.7,22.2
2024-11-11T08:00,20.2,36,0.0,907.8,22.8
2024-11-11T09:00,23.0,31,0.0,909.0,25.6
2024-11-11T10:00,25.5,27,0.0,909.6,29.8
2024-11-11T11:00,27.2,24,0.0,909.4,33.5
2024-11-11T12:00,28.4,22,0.0,908.8,31.8
2024-11-11T13:00,29.1,21,0.0,908.2,28.9
2024-11-11T14:00,29.5,20,0.0,907.7,25.2
2024-11-11T15:00,29.4,20,0.0,907.6,21.6
2024-11-11T16:00,28.8,20,0.0,907.4,17.3
2024-11-11T17:00,27.4,23,0.0,907.0,10.8
2024-11-11T18:00,24.6,28,0.0,906.3,8.3
2024-11-11T19:00,23.5,32,0.0,906.4,11.1
2024-11-11T20:00,21.7,38,0.0,906.7,5.2
2024-11-11T21:00,20.3,50,0.0,907.6,16.7
2024-11-11T22:00,18.9,61,0.0,907.2,10.6
2024-11-11T23:00,18.0,66,0.0,907.1,12.6
2024-11-12T00:00,16.9,77,0.0,906.5,9.4
2024-11-12T01:00,16.5,81,0.0,906.3,9.6
2024-11-12T02:00,15.8,87,0.0,906.1,10.6
2024-11-12T03:00,15.1,88,0.0,906.0,11.2
2024-11-12T04:00,15.2,90,0.0,905.6,9.6
2024-11-12T05:00,14.6,92,0.0,905.1,8.9
2024-11-12T06:00,13.8,94,0.0,905.5,7.4
2024-11-12T07:00,13.9,95,0.0,905.9,4.7
2024-11-12T08:00,15.6,88,0.0,906.6,2.1
2024-11-12T09:00,18.0,72,0.0,907.7,2.3
2024-11-12T10:00,21.2,52,0.0,908.7,4.9
2024-11-12T11:00,24.4,33,0.0,908.5,8.6
2024-11-12T12:00,27.5,20,0.0,908.1,14.2
2024-11-12T13:00,28.8,16,0.0,907.4,21.0
2024-11-12T14:00,28.9,16,0.0,907.0,21.5
2024-11-12T15:00,28.8,16,0.0,906.8,19.9
2024-11-12T16:00,28.7,16,0.0,906.8,13.9
2024-11-12T17:00,27.5,17,0.0,906.5,9.4
2024-11-12T18:00,24.4,22,0.0,905.9,3.5
2024-11-12T19:00,23.1,30,0.0,906.4,5.3
2024-11-12T20:00,21.2,43,0.0,906.5,10.8
2024-11-12T21:00,19.3,58,0.0,906.4,10.8
2024-11-12T22:00,18.0,61,0.0,905.9,7.8
2024-11-12T23:00,17.5,58,0.0,906.1,5.4
2024-11-13T00:00,16.9,60,0.0,906.2,8.4
2024-11-13T01:00,15.9,68,0.0,906.0,7.8
2024-11-13T02:00,15.2,72,0.0,906.1,8.1
2024-11-13T03:00,14.5,77,0.0,906.0,10.5
2024-11-13T04:00,14.8,74,0.0,906.5,10.0
2024-11-13T05:00,14.1,75,0.0,906.5,9.8
2024-11-13T06:00,13.4,76,0.0,907.0,10.2
2024-11-13T07:00,13.0,79,0.0,907.2,8.2
2024-11-13T08:00,14.4,72,0.0,908.1,6.0
2024-11-13T09:00,16.4,61,0.0,908.7,7.3
2024-11-13T10:00,18.6,50,0.0,909.3,10.1
2024-11-13T11:00,20.5,43,0.0,908.8,12.2
2024-11-13T12:00,22.0,39,0.0,908.3,12.1
2024-11-13T13:00,23.1,36,0.0,907.7,12.0
2024-11-13T14:00,23.8,35,0.0,907.2,11.7
2024-11-13T15:00,23.9,34,0.0,906.8,11.3
2024-11-13T16:00,23.5,36,0.0,907.0,11.9
2024-11-13T17:00,22.5,38,0.0,906.7,13.4
2024-11-13T18:00,21.1,41,0.0,906.6,16.3
2024-11-13T19:00,20.1,44,0.0,906.7,14.1
2024-11-13T20:00,19.0,47,0.0,906.8,13.9
2024-11-13T21:00,17.9,49,0.0,906.8,13.2
2024-11-13T22:00,17.0,50,0.0,906.6,11.9
2024-11-13T23:00,16.2,52,0.0,906.5,9.8
2024-11-14T00:00,15.4,54,0.0,906.3,7.0
2024-11-14T01:00,14.7,56,0.0,906.0,5.6
2024-11-14T02:00,14.2,58,0.0,905.7,6.4
2024-11-14T03:00,13.5,60,0.0,905.5,4.6
2024-11-14T04:00,13.9,59,0.0,905.7,5.3
2024-11-14T05:00,13.1,63,0.0,905.5,3.9
2024-11-14T06:00,12.7,65,0.0,905.7,3.4
2024-11-14T07:00,12.8,65,0.0,906.4,3.3
2024-11-14T08:00,14.6,56,0.0,907.4,4.0
2024-11-14T09:00,16.7,48,0.0,908.4,4.4
2024-11-14T10:00,19.0,41,0.0,909.0,8.1
2024-11-14T11:00,20.8,37,0.0,908.6,10.5
2024-11-14T12:00,22.1,34,0.0,908.0,11.3
2024-11-14T13:00,23.0,33,0.0,907.4,11.3
2024-11-14T14:00,23.5,31,0.0,906.7,10.7
2024-11-14T15:00,23.6,31,0.0,906.5,10.1
2024-11-14T16:00,23.5,32,0.0,906.4,9.2
2024-11-14T17:00,22.5,35,0.0,906.1,10.3
2024-11-14T18:00,21.1,38,0.0,906.3,13.1
2024-11-14T19:00,20.1,41,0.0,906.5,12.3
2024-11-14T20:00,19.0,44,0.0,906.8,10.9
2024-11-14T21:00,17.9,46,0.0,907.1,10.7
2024-11-14T22:00,17.0,47,0.0,906.8,11.7
2024-11-14T23:00,16.4,48,0.0,906.3,11.7
2024-11-15T00:00,15.8,50,0.0,906.0,10.0
2024-11-15T01:00,15.1,52,0.0,905.6,7.3
2024-11-15T02:00,14.4,55,0.0,905.2,5.0
2024-11-15T03:00,13.8,57,0.0,905.0,4.9
2024-11-15T04:00,14.2,55,0.0,905.0,5.7
2024-11-15T05:00,13.8,56,0.0,904.8,5.6
2024-11-15T06:00,13.5,58,0.0,905.1,6.8
2024-11-15T07:00,13.4,58,0.0,905.6,7.4
2024-11-15T08:00,15.1,51,0.0,906.4,8.6
2024-11-15T09:00,17.8,43,0.0,907.5,8.3
2024-11-15T10:00,20.0,37,0.0,908.1,12.1
2024-11-15T11:00,22.0,33,0.0,907.5,14.3
2024-11-15T12:00,23.7,29,0.0,906.9,15.2
2024-11-15T13:00,25.8,24,0.0,906.3,17.5
2024-11-15T14:00,26.5,20,0.0,905.7,19.7
2024-11-15T15:00,26.8,18,0.0,905.5,18.0
2024-11-15T16:00,26.4,18,0.0,905.6,17.5
2024-11-15T17:00,25.3,19,0.0,905.5,14.1
2024-11-15T18:00,23.7,21,0.0,905.4,13.2
2024-11-15T19:00,22.7,23,0.0,905.3,10.9
2024-11-15T20:00,21.6,24,0.0,905.4,10.8
2024-11-15T21:00,20.7,25,0.0,905.2,13.7
2024-11-15T22:00,20.0,26,0.0,904.8,16.9
2024-11-15T23:00,19.7,26,0.0,904.9,17.9
2024-11-16T00:00,18.9,27,0.0,904.6,16.0
2024-11-16T01:00,18.1,28,0.0,904.2,14.6
2024-11-16T02:00,17.4,29,0.0,903.9,14.7
2024-11-16T03:00,17.0,29,0.0,903.7,16.8
2024-11-16T04:00,16.9,32,0.0,903.6,17.7
2024-11-16T05:00,16.6,33,0.0,903.5,18.1
2024-11-16T06:00,16.4,34,0.0,903.6,18.1
2024-11-16T07:00,16.4,34,0.0,904.3,18.6
2024-11-16T08:00,18.2,30,0.0,905.5,20.0
2024-11-16T09:00,21.0,26,0.0,906.6,20.0
2024-11-16T10:00,23.4,22,0.0,907.1,25.5
2024-11-16T11:00,25.0,20,0.0,906.8,26.9
2024-11-16T12:00,26.2,19,0.0,906.3,25.3
2024-11-16T13:00,27.2,18,0.0,905.8,20.5
2024-11-16T14:00,27.8,18,0.0,905.3,16.4
2024-11-16T15:00,27.8,17,0.0,905.0,15.0
2024-11-16T16:00,27.4,18,0.0,905.1,14.5
2024-11-16T17:00,26.0,19,0.0,904.6,10.7
2024-11-16T18:00,24.1,22,0.0,904.1,6.4
2024-11-16T19:00,22.8,25,0.0,904.1,1.0
2024-11-16T20:00,22.3,25,0.0,904.3,6.2
2024-11-16T21:00,21.0,29,0.0,904.1,2.0
2024-11-16T22:00,19.9,31,0.0,903.9,2.2
2024-11-16T23:00,19.5,31,0.0,904.1,13.5
2024-11-17T00:00,17.9,39,0.0,903.6,11.9
2024-11-17T01:00,17.0,43,0.0,903.6,9.9
2024-11-17T02:00,16.0,47,0.0,903.8,11.0
2024-11-17T03:00,15.6,49,0.0,903.4,8.2
2024-11-17T04:00,16.8,53,0.0,903.4,7.5
2024-11-17T05:00,16.5,52,0.0,903.4,7.8
2024-11-17T06:00,16.2,52,0.0,903.7,6.3
2024-11-17T07:00,16.8,50,0.0,904.5,6.0
2024-11-17T08:00,17.8,46,0.0,905.4,6.2
2024-11-17T09:00,19.5,40,0.0,906.4,7.1
2024-11-17T10:00,21.1,36,0.0,906.9,6.5
2024-11-17T11:00,22.6,32,0.0,906.5,5.3
2024-11-17T12:00,24.1,28,0.0,905.8,3.1
2024-11-17T13:00,25.3,26,0.0,905.1,3.5
2024-11-17T14:00,26.2,25,0.0,904.8,6.7
2024-11-17T15:00,26.5,25,0.0,904.2,9.3
2024-11-17T16:00,27.2,25,0.0,904.1,20.2
2024-11-17T17:00,26.2,27,0.0,903.9,21.1
2024-11-17T18:00,25.6,31,0.0,903.9,14.8
2024-11-17T19:00,25.0,32,0.0,903.6,12.1
2024-11-17T20:00,24.3,34,0.0,903.9,9.1
2024-11-17T21:00,22.5,37,0.0,903.5,7.1
2024-11-17T22:00,20.9,39,0.0,903.0,2.3
2024-11-17T23:00,20.6,40,0.0,902.9,0.6
2024-11-18T00:00,20.2,40,0.0,902.6,3.8
2024-11-18T01:00,20.5,43,0.0,902.4,8.9
2024-11-18T02:00,20.2,45,0.0,902.4,7.0
2024-11-18T03:00,18.6,50,0.0,901.9,2.4
2024-11-18T04:00,18.7,49,0.0,901.7,6.0
2024-11-18T05:00,17.8,53,0.0,901.8,11.5
2024-11-18T06:00,18.0,49,0.0,902.5,10.2
2024-11-18T07:00,17.4,48,0.0,902.8,9.3
2024-11-18T08:00,18.9,43,0.0,903.7,9.6
2024-11-18T09:00,21.2,37,0.0,904.9,8.7
2024-11-18T10:00,23.1,31,0.0,905.7,12.2
2024-11-18T11:00,24.2,28,0.0,905.5,16.4
2024-11-18T12:00,24.8,27,0.0,905.0,19.3
2024-11-18T13:00,25.2,27,0.0,904.5,20.5
2024-11-18T14:00,25.4,27,0.0,904.3,20.8
2024-11-18T15:00,25.0,28,0.0,904.5,22.1
2024-11-18T16:00,25.0,26,0.0,904.2,17.1
2024-11-18T17:00,23.7,28,0.0,903.9,16.6
2024-11-18T18:00,22.1,29,0.0,903.8,14.2
2024-11-18T19:00,21.0,27,0.0,904.2,15.4
2024-11-18T20:00,20.0,25,0.0,904.5,15.9
2024-11-18T21:00,19.3,24,0.0,904.5,14.6
2024-11-18T22:00,19.0,23,0.0,904.5,12.3
2024-11-18T23:00,17.9,23,0.0,904.0,5.4
2024-11-19T00:00,17.1,26,0.0,903.9,1.0
2024-11-19T01:00,16.4,26,0.0,903.8,0.9
2024-11-19T02:00,15.6,27,0.0,903.7,3.1
2024-11-19T03:00,15.2,27,0.0,903.4,5.0
2024-11-19T04:00,15.4,31,0.0,904.0,7.2
2024-11-19T05:00,14.9,33,0.0,904.0,7.0
2024-11-19T06:00,14.4,36,0.0,904.6,6.0
2024-11-19T07:00,13.6,39,0.0,905.1,4.6
2024-11-19T08:00,15.4,34,0.0,905.9,5.7
2024-11-19T09:00,17.3,31,0.0,906.9,4.9
2024-11-19T10:00,19.1,28,0.0,907.5,5.9
2024-11-19T11:00,20.6,25,0.0,907.2,6.8
2024-11-19T12:00,21.8,24,0.0,906.8,6.7
2024-11-19T13:00,22.8,24,0.0,906.5,5.6
2024-11-19T14:00,23.5,26,0.0,906.0,5.8
2024-11-19T15:00,24.1,26,0.0,905.7,9.8
2024-11-19T16:00,23.5,28,0.0,905.7,16.5
2024-11-19T17:00,22.2,29,0.0,905.7,15.1
2024-11-19T18:00,20.5,31,0.0,905.9,14.8
2024-11-19T19:00,19.5,33,0.0,906.5,13.4
2024-11-19T20:00,18.1,36,0.0,906.6,13.9
2024-11-19T21:00,17.5,38,0.0,906.7,10.1
2024-11-19T22:00,16.6,40,0.0,906.5,9.3
2024-11-19T23:00,15.9,43,0.0,906.3,7.7
2024-11-20T00:00,15.2,46,0.0,906.0,7.1
2024-11-20T01:00,14.4,49,0.0,905.7,5.7
2024-11-20T02:00,13.4,54,0.0,905.3,4.1
2024-11-20T03:00,12.9,57,0.0,905.0,4.1
2024-11-20T04:00,13.4,54,0.0,905.4,5.2
2024-11-20T05:00,12.7,58,0.0,905.4,4.2
2024-11-20T06:00,12.1,61,0.0,905.6,4.2
2024-11-20T07:00,12.1,61,0.0,905.9,4.6
2024-11-20T08:00,13.4,55,0.0,906.7,6.1
2024-11-20T09:00,15.6,47,0.0,907.6,6.9
2024-11-20T10:00,17.6,41,0.0,907.8,11.7
2024-11-20T11:00,19.5,39,0.0,907.3,14.9
2024-11-20T12:00,21.0,37,0.0,906.6,16.7
2024-11-20T13:00,22.1,35,0.0,905.9,16.5
2024-11-20T14:00,23.0,33,0.0,905.3,16.0
2024-11-20T15:00,23.5,32,0.0,904.8,16.1
2024-11-20T16:00,23.6,33,0.0,904.9,10.5
2024-11-20T17:00,22.9,35,0.0,904.6,12.0
2024-11-20T18:00,21.6,37,0.0,904.6,15.7
2024-11-20T19:00,20.4,39,0.0,904.7,18.2
2024-11-20T20:00,19.1,41,0.0,904.7,16.4
2024-11-20T21:00,18.1,44,0.0,904.9,13.2
2024-11-20T22:00,17.3,48,0.0,905.1,10.1
2024-11-20T23:00,16.0,54,0.0,904.9,3.6
2024-11-21T00:00,15.4,56,0.0,904.7,3.1
2024-11-21T01:00,15.2,56,0.0,904.5,7.0
2024-11-21T02:00,14.1,59,0.0,904.1,5.2
2024-11-21T03:00,13.4,61,0.0,903.5,5.7
2024-11-21T04:00,13.4,56,0.0,903.8,4.6
2024-11-21T05:00,12.6,57,0.0,903.9,3.5
2024-11-21T06:00,12.3,57,0.0,904.3,3.1
2024-11-21T07:00,11.9,58,0.0,904.6,3.1
2024-11-21T08:00,13.3,52,0.0,905.4,4.1
2024-11-21T09:00,15.1,48,0.0,906.3,3.9
2024-11-21T10:00,17.1,45,0.0,906.6,6.5
2024-11-21T11:00,19.2,42,0.0,906.5,6.7
2024-11-21T12:00,21.1,38,0.0,906.1,6.5
2024-11-21T13:00,22.5,35,0.0,905.5,7.4
2024-11-21T14:00,23.2,33,0.0,905.4,8.8
2024-11-21T15:00,23.5,32,0.0,905.4,8.3
2024-11-21T16:00,23.4,32,0.0,905.6,9.8
2024-11-21T17:00,21.4,37,0.0,905.5,16.4
2024-11-21T18:00,20.3,41,0.0,905.7,14.7
2024-11-21T19:00,19.2,44,0.0,906.4,13.4
2024-11-21T20:00,18.6,46,0.0,906.8,13.6
2024-11-21T21:00,17.7,49,0.0,906.6,14.1
2024-11-21T22:00,16.9,53,0.0,906.8,12.9
2024-11-21T23:00,16.2,56,0.0,906.8,12.2
2024-11-22T00:00,15.6,59,0.0,906.8,13.2
2024-11-22T01:00,15.3,59,0.0,906.7,13.0
2024-11-22T02:00,14.6,61,0.0,906.6,11.9
2024-11-22T03:00,14.2,64,0.0,906.5,10.4
2024-11-22T04:00,14.5,62,0.0,906.8,10.3
2024-11-22T05:00,14.2,63,0.0,906.9,10.6
2024-11-22T06:00,14.0,63,0.0,907.3,10.4
2024-11-22T07:00,13.6,63,0.0,907.7,9.6
2024-11-22T08:00,14.3,59,0.0,908.5,7.6
2024-11-22T09:00,15.4,54,0.0,909.2,11.3
2024-11-22T10:00,16.6,50,0.0,909.4,13.4
2024-11-22T11:00,18.4,44,0.0,909.3,16.1
2024-11-22T12:00,19.4,41,0.0,908.4,19.0
2024-11-22T13:00,20.5,38,0.0,907.8,20.3
2024-11-22T14:00,21.0,36,0.0,907.5,19.8
2024-11-22T15:00,20.8,37,0.0,907.8,15.3
2024-11-22T16:00,19.5,44,0.5,907.7,17.6
2024-11-22T17:00,19.1,45,0.0,907.9,17.0
2024-11-22T18:00,17.0,58,0.1,908.7,15.1
2024-11-22T19:00,16.6,58,0.0,908.9,15.0
2024-11-22T20:00,16.0,59,0.4,909.4,14.1
2024-11-22T21:00,15.4,58,0.0,909.3,16.6
2024-11-22T22:00,14.5,61,0.0,908.9,14.5
2024-11-22T23:00,13.9,57,0.0,908.3,13.4
2024-11-23T00:00,13.6,54,0.0,908.6,11.4
2024-11-23T01:00,13.3,52,0.0,908.6,9.8
2024-11-23T02:00,12.9,52,0.4,908.2,10.1
2024-11-23T03:00,12.1,67,6.3,907.7,8.4
2024-11-23T04:00,13.5,48,0.0,908.0,14.3
2024-11-23T05:00,13.4,49,0.0,907.7,11.4
2024-11-23T06:00,12.8,50,0.0,908.1,4.6
2024-11-23T07:00,12.2,55,0.5,908.7,4.2
2024-11-23T08:00,13.1,57,0.6,909.3,8.3
2024-11-23T09:00,14.8,49,0.0,909.9,9.7
2024-11-23T10:00,16.5,45,0.0,910.2,14.5
2024-11-23T11:00,17.5,44,0.0,909.8,21.1
2024-11-23T12:00,18.9,44,0.0,908.9,24.7
2024-11-23T13:00,19.5,39,0.0,908.5,23.8
2024-11-23T14:00,18.9,44,0.0,907.9,18.7
2024-11-23T15:00,16.9,71,4.2,907.2,14.2
2024-11-23T16:00,20.5,39,0.0,907.2,20.6
2024-11-23T17:00,20.2,38,0.0,907.0,17.1
2024-11-23T18:00,19.0,41,0.0,907.0,12.6
2024-11-23T19:00,18.2,43,0.0,907.2,12.2
2024-11-23T20:00,17.8,44,0.0,907.3,15.1
2024-11-23T21:00,17.0,46,0.0,906.8,16.3
2024-11-23T22:00,16.4,49,0.0,906.3,14.0
2024-11-23T23:00,15.8,51,0.0,905.8,11.2
2024-11-24T00:00,15.1,52,0.0,905.3,8.5
2024-11-24T01:00,14.6,53,0.0,905.1,10.1
2024-11-24T02:00,14.5,54,0.0,904.7,12.2
2024-11-24T03:00,14.1,55,0.0,904.2,10.9
2024-11-24T04:00,14.4,55,0.0,903.7,13.1
2024-11-24T05:00,14.5,56,0.0,903.3,14.2
2024-11-24T06:00,14.6,57,0.0,903.4,16.0
2024-11-24T07:00,14.6,59,0.0,903.7,16.6
2024-11-24T08:00,16.0,57,0.0,904.2,18.1
2024-11-24T09:00,18.6,50,0.0,904.8,19.6
2024-11-24T10:00,20.9,43,0.0,904.9,23.8
2024-11-24T11:00,22.8,40,0.0,904.4,24.2
2024-11-24T12:00,23.5,44,0.0,903.9,24.1
2024-11-24T13:00,23.8,47,0.0,903.0,24.1
2024-11-24T14:00,24.4,43,0.0,902.4,23.2
2024-11-24T15:00,25.0,35,0.0,902.0,21.3
2024-11-24T16:00,25.3,32,0.0,902.1,17.6
2024-11-24T17:00,24.0,36,0.0,901.4,5.9
2024-11-24T18:00,21.9,39,0.0,901.0,6.0
2024-11-24T19:00,21.2,40,0.0,901.3,6.0
2024-11-24T20:00,19.9,44,0.0,901.4,6.0
2024-11-24T21:00,18.8,47,0.0,901.0,5.8
2024-11-24T22:00,17.7,50,0.0,900.7,3.5
2024-11-24T23:00,16.9,52,0.0,900.5,4.0
2024-11-25T00:00,15.2,58,0.0,899.7,3.3
2024-11-25T01:00,14.3,63,0.0,899.2,5.4
2024-11-25T02:00,14.3,62,0.0,899.1,6.7
2024-11-25T03:00,14.9,58,0.0,899.0,6.4
2024-11-25T04:00,14.8,61,0.0,899.0,6.0
2024-11-25T05:00,14.8,60,0.0,899.1,7.7
2024-11-25T06:00,15.2,56,0.0,899.3,9.7
2024-11-25T07:00,13.4,62,0.0,899.6,4.0
2024-11-25T08:00,14.9,55,0.0,901.4,10.5
2024-11-25T09:00,16.5,49,0.0,902.8,11.3
2024-11-25T10:00,17.1,46,0.0,903.2,12.3
2024-11-25T11:00,17.9,45,0.0,903.0,11.6
2024-11-25T12:00,18.9,43,0.0,902.6,10.4
2024-11-25T13:00,19.9,41,0.0,902.1,9.4
2024-11-25T14:00,20.6,40,0.0,901.9,8.1
2024-11-25T15:00,21.0,39,0.0,901.9,7.1
2024-11-25T16:00,19.1,47,0.0,902.2,10.4
2024-11-25T17:00,17.8,51,0.0,902.0,11.7
2024-11-25T18:00,16.8,56,0.0,902.0,10.3
2024-11-25T19:00,15.7,62,0.0,902.4,10.7
2024-11-25T20:00,14.8,67,0.0,902.6,5.9
2024-11-25T21:00,13.9,72,0.0,902.4,5.3
2024-11-25T22:00,12.7,79,0.0,902.1,3.4
2024-11-25T23:00,12.2,81,0.0,901.8,1.2
2024-11-26T00:00,11.6,84,0.0,901.7,3.2
2024-11-26T01:00,11.5,84,0.0,901.6,4.5
2024-11-26T02:00,11.0,86,0.0,901.3,5.7
2024-11-26T03:00,10.6,88,0.0,901.1,6.5
2024-11-26T04:00,10.6,86,0.0,901.6,4.1
2024-11-26T05:00,10.6,86,0.0,901.4,5.4
2024-11-26T06:00,10.1,88,0.0,901.3,6.9
2024-11-26T07:00,9.8,89,0.0,901.3,9.2
2024-11-26T08:00,11.7,79,0.0,902.1,11.1
2024-11-26T09:00,14.8,65,0.0,903.4,10.5
2024-11-26T10:00,17.2,55,0.0,904.3,12.4
2024-11-26T11:00,20.0,44,0.0,904.0,14.9
2024-11-26T12:00,21.8,37,0.0,903.3,20.2
2024-11-26T13:00,22.5,35,0.0,902.6,22.9
2024-11-26T14:00,22.8,34,0.0,902.5,24.9
2024-11-26T15:00,23.0,33,0.0,902.9,24.1
2024-11-26T16:00,23.8,29,0.0,902.8,19.2
2024-11-26T17:00,21.1,36,0.0,902.8,19.1
2024-11-26T18:00,18.6,36,0.0,903.2,22.5
2024-11-26T19:00,17.1,37,0.0,903.9,18.5
2024-11-26T20:00,15.9,39,0.0,904.1,14.4
2024-11-26T21:00,15.1,39,0.0,904.5,12.4
2024-11-26T22:00,14.1,42,0.0,904.9,14.4
2024-11-26T23:00,12.4,50,0.0,904.8,13.3
2024-11-27T00:00,11.5,55,0.0,904.7,14.1
2024-11-27T01:00,10.8,58,0.0,904.7,13.7
2024-11-27T02:00,9.9,60,0.0,904.5,12.6
2024-11-27T03:00,9.4,61,0.0,904.4,12.1
2024-11-27T04:00,9.6,60,0.0,904.6,12.1
2024-11-27T05:00,9.1,61,0.0,904.8,13.2
2024-11-27T06:00,8.2,63,0.0,905.3,13.5
2024-11-27T07:00,7.5,67,0.0,905.7,13.2
2024-11-27T08:00,8.3,63,0.0,906.8,12.1
2024-11-27T09:00,9.7,57,0.0,907.9,12.0
2024-11-27T10:00,11.4,50,0.0,908.2,11.5
2024-11-27T11:00,12.9,45,0.0,907.7,12.2
2024-11-27T12:00,14.2,41,0.0,907.3,12.3
2024-11-27T13:00,15.2,38,0.0,906.7,10.8
2024-11-27T14:00,16.0,36,0.0,906.6,10.3
2024-11-27T15:00,16.0,36,0.0,906.6,11.8
2024-11-27T16:00,15.2,38,0.0,907.1,12.0
2024-11-27T17:00,14.2,41,0.0,907.2,11.2
2024-11-27T18:00,13.2,44,0.0,907.4,9.7
2024-11-27T19:00,12.4,46,0.0,907.7,10.3
2024-11-27T20:00,11.4,49,0.0,908.0,11.6
2024-11-27T21:00,10.6,51,0.0,908.0,11.4
2024-11-27T22:00,9.8,54,0.0,908.3,11.0
2024-11-27T23:00,9.1,56,0.0,908.2,9.4
2024-11-28T00:00,8.3,60,0.0,907.9,8.4
2024-11-28T01:00,7.6,63,0.0,907.8,5.7
2024-11-28T02:00,6.7,68,0.0,907.6,3.7
2024-11-28T03:00,6.6,70,0.0,907.7,5.3
2024-11-28T04:00,6.7,71,0.0,907.9,5.5
2024-11-28T05:00,5.8,76,0.0,907.8,3.6
2024-11-28T06:00,5.7,77,0.0,908.2,1.8
2024-11-28T07:00,5.4,77,0.0,908.6,1.6
2024-11-28T08:00,6.9,68,0.0,909.8,3.5
2024-11-28T09:00,9.0,55,0.0,911.0,4.4
2024-11-28T10:00,11.1,47,0.0,911.1,7.2
2024-11-28T11:00,12.9,42,0.0,910.5,8.0
2024-11-28T12:00,14.2,38,0.0,909.7,8.2
2024-11-28T13:00,15.2,36,0.0,908.9,7.6
2024-11-28T14:00,15.9,34,0.0,908.5,7.5
2024-11-28T15:00,15.9,34,0.0,908.1,8.5
2024-11-28T16:00,16.1,34,0.0,908.3,9.6
2024-11-28T17:00,14.3,38,0.0,908.1,14.1
2024-11-28T18:00,12.4,45,0.0,908.2,14.5
2024-11-28T19:00,11.8,46,0.0,908.4,9.9
2024-11-28T20:00,10.9,47,0.0,908.7,9.5
2024-11-28T21:00,9.9,48,0.0,908.8,7.4
2024-11-28T22:00,9.2,49,0.0,908.7,5.7
2024-11-28T23:00,8.6,50,0.0,908.6,5.4
2024-11-29T00:00,8.0,51,0.0,908.1,5.4
2024-11-29T01:00,7.5,54,0.0,907.6,6.0
2024-11-29T02:00,7.1,57,0.0,907.2,6.4
2024-11-29T03:00,6.8,59,0.0,906.9,7.9
2024-11-29T04:00,7.1,57,0.0,907.0,7.1
2024-11-29T05:00,6.8,59,0.0,906.9,9.8
2024-11-29T06:00,6.6,59,0.0,907.3,11.5
2024-11-29T07:00,6.4,58,0.0,907.7,12.3
2024-11-29T08:00,7.9,51,0.0,908.7,13.8
2024-11-29T09:00,10.5,40,0.0,910.0,13.4
2024-11-29T10:00,13.0,33,0.0,910.3,13.1
2024-11-29T11:00,15.4,30,0.0,909.9,13.0
2024-11-29T12:00,17.3,29,0.0,909.2,13.0
2024-11-29T13:00,18.5,29,0.0,908.4,13.0
2024-11-29T14:00,19.1,31,0.0,907.8,12.8
2024-11-29T15:00,19.0,33,0.0,907.6,12.5
2024-11-29T16:00,19.0,35,0.0,907.7,9.1
2024-11-29T17:00,18.4,37,0.0,907.6,6.2
2024-11-29T18:00,17.3,40,0.0,907.2,4.9
2024-11-29T19:00,16.3,44,0.0,907.3,8.5
2024-11-29T20:00,15.1,49,0.0,907.2,9.2
2024-11-29T21:00,13.9,52,0.0,907.2,8.3
2024-11-29T22:00,12.9,51,0.0,907.2,10.0
2024-11-29T23:00,12.1,49,0.0,907.2,9.5
2024-11-30T00:00,11.4,50,0.0,906.8,7.9
2024-11-30T01:00,10.6,54,0.0,906.5,7.6
2024-11-30T02:00,10.2,57,0.0,906.3,8.9
2024-11-30T03:00,9.9,59,0.0,906.1,11.1
2024-11-30T04:00,10.6,56,0.0,906.3,10.8
2024-11-30T05:00,10.5,55,0.0,906.4,10.3
2024-11-30T06:00,10.1,56,0.0,906.3,10.4
2024-11-30T07:00,9.6,58,0.0,906.7,10.0
2024-11-30T08:00,10.9,54,0.0,907.6,8.1
2024-11-30T09:00,13.2,45,0.0,908.8,4.3
2024-11-30T10:00,14.9,40,0.0,909.3,3.9
2024-11-30T11:00,16.8,35,0.0,909.0,6.2
2024-11-30T12:00,18.6,32,0.0,908.6,7.6
2024-11-30T13:00,19.8,32,0.0,907.7,8.2
2024-11-30T14:00,20.5,32,0.0,907.1,8.4
2024-11-30T15:00,20.6,33,0.0,907.1,8.2
2024-11-30T16:00,20.2,33,0.0,907.4,7.1
2024-11-30T17:00,19.2,35,0.0,907.2,9.8
2024-11-30T18:00,17.4,37,0.0,907.3,16.0
2024-11-30T19:00,16.0,39,0.0,907.6,14.5
2024-11-30T20:00,14.8,42,0.0,907.7,12.5
2024-11-30T21:00,13.4,45,0.0,907.5,10.2
2024-11-30T22:00,12.4,48,0.0,907.3,9.0
2024-11-30T23:00,11.8,51,0.0,907.2,8.7
2024-12-01T00:00,11.1,54,0.0,906.9,7.7
2024-12-01T01:00,10.4,58,0.0,906.3,6.1
2024-12-01T02:00,9.4,63,0.0,905.8,4.7
2024-12-01T03:00,8.8,66,0.0,905.5,4.0
2024-12-01T04:00,8.6,65,0.0,905.4,3.7
2024-12-01T05:00,8.2,67,0.0,905.0,3.5
2024-12-01T06:00,8.1,67,0.0,904.9,4.4
2024-12-01T07:00,7.8,68,0.0,905.1,5.8
2024-12-01T08:00,9.4,61,0.0,905.9,8.8
2024-12-01T09:00,12.1,49,0.0,907.1,7.6
2024-12-01T10:00,14.2,41,0.0,907.7,7.6
2024-12-01T11:00,16.1,35,0.0,907.2,7.6
2024-12-01T12:00,17.9,32,0.0,906.7,8.0
2024-12-01T13:00,19.0,30,0.0,905.8,8.3
2024-12-01T14:00,19.8,30,0.0,905.4,8.0
2024-12-01T15:00,20.0,30,0.0,905.1,8.3
2024-12-01T16:00,20.0,32,0.0,905.3,7.5
2024-12-01T17:00,19.3,34,0.0,905.0,8.6
2024-12-01T18:00,17.2,36,0.0,904.9,13.5
2024-12-01T19:00,15.6,37,0.0,905.6,11.9
2024-12-01T20:00,14.4,40,0.0,905.7,8.4
2024-12-01T21:00,13.2,42,0.0,905.6,7.3
2024-12-01T22:00,12.1,45,0.0,905.4,5.6
2024-12-01T23:00,11.4,48,0.0,905.1,5.9
2024-12-02T00:00,10.6,50,0.0,904.9,5.3
2024-12-02T01:00,9.8,54,0.0,904.4,4.8
2024-12-02T02:00,9.3,56,0.0,904.1,4.5
2024-12-02T03:00,8.8,58,0.0,903.7,3.9
2024-12-02T04:00,8.9,57,0.0,903.6,4.1
2024-12-02T05:00,8.6,58,0.0,903.3,5.3
2024-12-02T06:00,8.0,60,0.0,903.3,8.1
2024-12-02T07:00,7.9,61,0.0,903.7,9.8
2024-12-02T08:00,9.6,55,0.0,904.7,11.0
2024-12-02T09:00,12.3,46,0.0,906.0,10.3
2024-12-02T10:00,14.6,39,0.0,906.8,11.4
2024-12-02T11:00,16.6,35,0.0,906.7,12.4
2024-12-02T12:00,18.3,32,0.0,906.2,11.2
2024-12-02T13:00,19.2,31,0.0,905.4,9.0
2024-12-02T14:00,19.8,28,0.0,905.0,7.7
2024-12-02T15:00,20.0,27,0.0,904.8,7.9
2024-12-02T16:00,19.9,26,0.0,904.7,7.7
2024-12-02T17:00,18.9,29,0.0,904.3,6.6
2024-12-02T18:00,17.5,34,0.0,904.1,7.1
2024-12-02T19:00,16.1,38,0.0,903.9,5.9
2024-12-02T20:00,14.3,44,0.0,903.9,4.7
2024-12-02T21:00,13.2,46,0.0,903.7,5.3
2024-12-02T22:00,12.8,47,0.0,903.9,5.8
2024-12-02T23:00,12.4,48,0.0,903.8,7.6
2024-12-03T00:00,11.8,50,0.0,903.5,7.8
2024-12-03T01:00,11.1,52,0.0,903.3,8.1
2024-12-03T02:00,10.6,53,0.0,903.2,9.5
2024-12-03T03:00,10.1,55,0.0,902.7,10.9
2024-12-03T04:00,9.9,55,0.0,902.5,11.9
2024-12-03T05:00,9.8,55,0.0,902.3,13.0
2024-12-03T06:00,9.6,56,0.0,902.4,13.4
2024-12-03T07:00,9.3,57,0.0,902.5,13.3
2024-12-03T08:00,10.7,52,0.0,903.4,13.3
2024-12-03T09:00,13.4,44,0.0,904.6,11.3
2024-12-03T10:00,15.8,38,0.0,905.4,11.8
2024-12-03T11:00,18.2,33,0.0,905.1,11.6
2024-12-03T12:00,20.5,29,0.0,904.8,12.1
2024-12-03T13:00,21.9,28,0.0,904.4,12.3
2024-12-03T14:00,22.5,27,0.0,903.9,11.7
2024-12-03T15:00,22.8,27,0.0,903.7,10.8
2024-12-03T16:00,22.4,29,0.0,903.8,10.2
2024-12-03T17:00,21.0,34,0.0,903.5,6.5
2024-12-03T18:00,19.4,41,0.0,903.2,10.2
2024-12-03T19:00,18.5,47,0.0,903.3,14.3
2024-12-03T20:00,17.5,50,0.0,903.4,12.7
2024-12-03T21:00,16.4,60,0.0,903.1,7.8
2024-12-03T22:00,15.4,65,0.4,903.1,4.5
2024-12-03T23:00,14.6,66,0.0,902.9,7.4
2024-12-04T00:00,13.9,64,0.0,902.6,6.6
2024-12-04T01:00,13.4,66,0.0,902.5,7.5
2024-12-04T02:00,12.9,69,0.0,902.1,8.6
2024-12-04T03:00,12.4,71,0.0,901.6,8.3
2024-12-04T04:00,12.1,71,0.0,901.3,7.3
2024-12-04T05:00,11.8,64,0.0,901.0,9.5
2024-12-04T06:00,12.4,54,0.0,901.8,10.7
2024-12-04T07:00,11.4,56,0.0,902.2,9.6
2024-12-04T08:00,12.1,52,0.0,903.0,10.8
2024-12-04T09:00,16.6,37,0.0,905.2,10.1
2024-12-04T10:00,19.0,29,0.0,906.0,10.8
2024-12-04T11:00,20.4,24,0.0,906.1,9.9
2024-12-04T12:00,21.4,21,0.0,905.7,8.5
2024-12-04T13:00,22.1,19,0.0,905.3,8.3
2024-12-04T14:00,22.3,18,0.0,905.1,8.6
2024-12-04T15:00,22.2,18,0.0,905.2,8.8
2024-12-04T16:00,21.8,18,0.0,905.6,10.1
2024-12-04T17:00,20.1,22,0.0,905.3,7.8
2024-12-04T18:00,18.3,27,0.0,905.3,7.8
2024-12-04T19:00,17.1,33,0.0,905.6,7.7
2024-12-04T20:00,15.9,38,0.0,905.5,4.5
2024-12-04T21:00,14.5,43,0.0,905.1,3.9
2024-12-04T22:00,14.0,45,0.0,905.2,6.3
2024-12-04T23:00,13.1,48,0.0,905.1,3.2
2024-12-05T00:00,11.7,53,0.0,904.7,4.5
2024-12-05T01:00,11.4,54,0.0,904.5,1.3
2024-12-05T02:00,11.0,54,0.0,904.5,1.2
2024-12-05T03:00,10.4,57,0.0,904.4,1.4
2024-12-05T04:00,10.6,57,0.0,904.5,1.4
2024-12-05T05:00,9.9,62,0.0,904.5,2.0
2024-12-05T06:00,9.6,65,0.0,904.6,1.6
2024-12-05T07:00,9.2,68,0.0,904.9,2.5
2024-12-05T08:00,10.9,62,0.0,905.7,4.7
2024-12-05T09:00,13.2,54,0.0,906.7,3.2
2024-12-05T10:00,15.6,47,0.0,907.4,5.0
2024-12-05T11:00,17.8,40,0.0,907.3,8.6
2024-12-05T12:00,19.8,35,0.0,906.8,11.0
2024-12-05T13:00,21.0,31,0.0,906.3,11.9
2024-12-05T14:00,21.4,31,0.0,906.2,12.2
2024-12-05T15:00,21.5,31,0.0,905.9,11.7
2024-12-05T16:00,20.0,35,0.0,906.0,13.9
2024-12-05T17:00,18.0,41,0.0,905.8,16.8
2024-12-05T18:00,17.2,44,0.0,906.0,14.9
2024-12-05T19:00,15.5,48,0.0,906.6,18.3
2024-12-05T20:00,14.6,50,0.0,907.0,16.0
2024-12-05T21:00,13.5,53,0.0,907.2,14.2
2024-12-05T22:00,12.6,54,0.0,907.5,11.6
2024-12-05T23:00,11.9,56,0.0,907.5,10.2
2024-12-06T00:00,11.1,57,0.0,906.9,8.3
2024-12-06T01:00,10.6,58,0.0,906.9,6.5
2024-12-06T02:00,10.1,59,0.0,907.0,4.9
2024-12-06T03:00,9.4,62,0.0,906.9,4.2
2024-12-06T04:00,9.6,60,0.0,906.9,4.4
2024-12-06T05:00,9.1,63,0.0,906.6,4.2
2024-12-06T06:00,8.8,64,0.0,907.0,3.0
2024-12-06T07:00,8.3,66,0.0,907.4,4.2
2024-12-06T08:00,9.7,60,0.0,908.6,5.6
2024-12-06T09:00,11.6,54,0.0,909.6,5.2
2024-12-06T10:00,13.7,50,0.0,910.1,8.7
2024-12-06T11:00,15.8,47,0.0,909.9,12.3
2024-12-06T12:00,17.1,47,0.0,909.4,13.9
2024-12-06T13:00,18.4,44,0.0,908.8,14.3
2024-12-06T14:00,19.2,43,0.0,908.6,13.8
2024-12-06T15:00,19.3,43,0.0,908.5,14.1
2024-12-06T16:00,18.8,44,0.0,908.3,14.3
2024-12-06T17:00,17.9,48,0.0,908.3,12.7
2024-12-06T18:00,16.6,52,0.0,908.5,12.1
2024-12-06T19:00,15.6,57,0.0,909.0,12.4
2024-12-06T20:00,14.6,62,0.0,909.2,11.9
2024-12-06T21:00,13.6,66,0.0,909.2,10.1
2024-12-06T22:00,12.9,70,0.0,909.2,8.5
2024-12-06T23:00,12.2,74,0.0,909.0,7.6
2024-12-07T00:00,11.6,77,0.0,908.7,6.9
2024-12-07T01:00,10.9,81,0.0,908.5,6.9
2024-12-07T02:00,10.5,83,0.0,908.6,7.0
2024-12-07T03:00,10.1,85,0.0,908.4,6.0
2024-12-07T04:00,10.3,85,0.0,908.2,5.3
2024-12-07T05:00,10.1,87,0.0,908.1,5.2
2024-12-07T06:00,9.6,89,0.0,908.3,4.5
2024-12-07T07:00,9.3,90,0.0,908.6,4.5
2024-12-07T08:00,10.6,84,0.0,909.5,6.8
2024-12-07T09:00,13.1,71,0.0,910.6,5.6
2024-12-07T10:00,16.0,59,0.0,911.6,7.2
2024-12-07T11:00,18.7,49,0.0,911.4,9.0
2024-12-07T12:00,21.1,41,0.0,910.9,10.6
2024-12-07T13:00,22.8,35,0.0,910.3,11.6
2024-12-07T14:00,24.0,32,0.0,910.0,11.7
2024-12-07T15:00,25.0,27,0.0,909.9,12.6
2024-12-07T16:00,25.5,24,0.0,909.9,13.5
2024-12-07T17:00,24.0,26,0.0,909.5,10.6
2024-12-07T18:00,22.2,29,0.0,909.3,10.9
2024-12-07T19:00,20.6,33,0.0,909.4,11.0
2024-12-07T20:00,19.2,37,0.0,909.6,9.7
2024-12-07T21:00,18.2,41,0.0,909.5,9.1
2024-12-07T22:00,17.2,46,0.0,909.2,8.5
2024-12-07T23:00,16.5,50,0.0,908.9,8.8
2024-12-08T00:00,15.8,52,0.0,908.4,10.4
2024-12-08T01:00,15.4,52,0.0,908.1,13.0
2024-12-08T02:00,15.1,53,0.0,908.0,14.7
2024-12-08T03:00,15.1,54,0.0,907.9,16.1
2024-12-08T04:00,15.2,52,0.0,908.0,17.1
2024-12-08T05:00,14.9,52,0.0,907.9,17.2
2024-12-08T06:00,14.6,53,0.0,908.3,17.6
2024-12-08T07:00,14.3,52,0.0,908.6,18.5
2024-12-08T08:00,15.4,47,0.0,909.2,18.6
2024-12-08T09:00,18.0,38,0.0,910.0,16.6
2024-12-08T10:00,21.0,29,0.0,910.5,18.0
2024-12-08T11:00,23.6,22,0.0,910.1,21.3
2024-12-08T12:00,25.1,18,0.0,909.4,23.3
2024-12-08T13:00,26.2,15,0.0,908.8,23.8
2024-12-08T14:00,26.6,14,0.0,908.4,22.7
2024-12-08T15:00,26.8,14,0.0,908.4,21.1
2024-12-08T16:00,26.2,18,0.0,908.5,20.4
2024-12-08T17:00,24.9,20,0.0,908.4,17.1
2024-12-08T18:00,22.9,24,0.0,907.7,11.0
2024-12-08T19:00,21.5,26,0.0,907.9,10.6
2024-12-08T20:00,20.2,27,0.0,907.8,9.7
2024-12-08T21:00,19.0,29,0.0,907.5,5.3
2024-12-08T22:00,18.0,30,0.0,907.4,4.7
2024-12-08T23:00,17.5,33,0.0,907.3,3.3
2024-12-09T00:00,17.0,37,0.0,907.0,4.3
2024-12-09T01:00,16.0,42,0.0,906.6,4.5
2024-12-09T02:00,16.0,44,0.0,907.3,12.1
2024-12-09T03:00,15.1,49,0.0,907.7,14.8
2024-12-09T04:00,14.4,56,0.0,908.2,15.2
2024-12-09T05:00,13.4,54,0.0,908.4,16.4
2024-12-09T06:00,12.6,51,0.0,908.8,14.9
2024-12-09T07:00,12.3,50,0.0,909.6,13.6
2024-12-09T08:00,13.0,48,0.0,910.4,14.7
2024-12-09T09:00,14.6,43,0.0,911.3,13.9
2024-12-09T10:00,16.2,39,0.0,911.9,16.2
2024-12-09T11:00,17.0,36,0.0,911.5,17.3
2024-12-09T12:00,18.0,32,0.0,911.1,17.3
2024-12-09T13:00,18.9,28,0.0,910.4,16.8
2024-12-09T14:00,19.2,26,0.0,910.1,16.3
2024-12-09T15:00,19.0,26,0.0,910.1,16.2
2024-12-09T16:00,18.6,27,0.0,910.6,15.7
2024-12-09T17:00,17.4,30,0.0,910.7,14.1
2024-12-09T18:00,15.8,34,0.0,910.8,13.7
2024-12-09T19:00,14.6,38,0.0,911.0,14.1
2024-12-09T20:00,13.6,43,0.0,911.1,14.1
2024-12-09T21:00,12.5,47,0.0,911.1,14.3
2024-12-09T22:00,11.4,53,0.0,910.8,12.4
2024-12-09T23:00,10.5,57,0.0,910.7,11.0
2024-12-10T00:00,9.9,61,0.0,910.3,9.4
2024-12-10T01:00,9.2,63,0.0,910.0,8.3
2024-12-10T02:00,8.9,65,0.0,910.1,7.9
2024-12-10T03:00,8.6,66,0.0,909.9,8.1
2024-12-10T04:00,8.6,65,0.0,909.9,7.2
2024-12-10T05:00,8.0,67,0.0,909.5,5.4
2024-12-10T06:00,7.5,69,0.0,909.6,4.9
2024-12-10T07:00,7.3,69,0.0,910.3,4.9
2024-12-10T08:00,8.8,61,0.0,911.0,6.4
2024-12-10T09:00,11.1,52,0.0,912.1,5.4
2024-12-10T10:00,12.7,46,0.0,912.5,7.7
2024-12-10T11:00,14.1,42,0.0,912.2,8.8
2024-12-10T12:00,15.4,37,0.0,911.6,9.2
2024-12-10T13:00,16.5,34,0.0,911.0,9.3
2024-12-10T14:00,17.0,32,0.0,910.5,9.1
2024-12-10T15:00,17.2,31,0.0,910.5,9.6
2024-12-10T16:00,17.4,29,0.0,910.7,11.5
2024-12-10T17:00,16.1,32,0.0,910.6,9.9
2024-12-10T18:00,14.6,36,0.0,910.4,9.1
2024-12-10T19:00,13.5,39,0.0,910.6,8.5
2024-12-10T20:00,12.4,43,0.0,910.6,6.6
2024-12-10T21:00,11.2,48,0.0,910.2,4.7
2024-12-10T22:00,10.3,52,0.0,910.1,3.4
2024-12-10T23:00,9.9,53,0.0,909.7,1.0
2024-12-11T00:00,9.4,55,0.0,909.4,0.2
2024-12-11T01:00,8.8,57,0.0,908.9,0.6
2024-12-11T02:00,8.1,59,0.0,908.5,2.4
2024-12-11T03:00,7.6,61,0.0,908.1,5.4
2024-12-11T04:00,7.3,61,0.0,908.0,4.2
2024-12-11T05:00,7.1,62,0.0,907.6,6.2
2024-12-11T06:00,6.9,62,0.0,908.0,7.0
2024-12-11T07:00,6.8,61,0.0,908.3,7.1
2024-12-11T08:00,8.2,54,0.0,909.1,7.8
2024-12-11T09:00,11.2,44,0.0,910.5,6.2
2024-12-11T10:00,14.1,37,0.0,911.6,5.2
2024-12-11T11:00,16.0,30,0.0,911.4,6.8
2024-12-11T12:00,17.6,23,0.0,910.6,6.5
2024-12-11T13:00,18.8,20,0.0,909.9,6.0
2024-12-11T14:00,19.5,18,0.0,909.4,5.6
2024-12-11T15:00,19.8,16,0.0,909.1,5.5
2024-12-11T16:00,19.9,17,0.0,909.5,6.6
2024-12-11T17:00,18.4,19,0.0,909.4,6.6
2024-12-11T18:00,16.3,24,0.0,909.2,10.3
2024-12-11T19:00,14.9,28,0.0,909.1,7.6
2024-12-11T20:00,13.2,30,0.0,908.7,5.4
2024-12-11T21:00,12.4,33,0.0,908.3,5.2
2024-12-11T22:00,11.2,37,0.0,907.7,4.6
2024-12-11T23:00,11.3,37,0.0,907.8,8.1
2024-12-12T00:00,10.6,39,0.0,907.1,11.2
2024-12-12T01:00,10.1,40,0.0,906.6,13.8
2024-12-12T02:00,9.4,42,0.0,906.0,15.9
2024-12-12T03:00,9.1,43,0.0,905.5,16.4
2024-12-12T04:00,9.2,41,0.0,905.4,15.3
2024-12-12T05:00,8.9,42,0.0,905.0,14.5
2024-12-12T06:00,8.6,42,0.0,904.6,15.0
2024-12-12T07:00,8.6,41,0.0,905.4,13.8
2024-12-12T08:00,10.1,36,0.0,906.4,13.0
2024-12-12T09:00,13.5,28,0.0,908.0,11.9
2024-12-12T10:00,16.5,22,0.0,908.8,11.5
2024-12-12T11:00,18.9,20,0.0,908.4,12.6
2024-12-12T12:00,21.1,18,0.0,907.5,14.8
2024-12-12T13:00,22.5,17,0.0,906.5,14.6
2024-12-12T14:00,22.9,17,0.0,905.7,14.6
2024-12-12T15:00,22.6,17,0.0,905.2,14.6
2024-12-12T16:00,22.1,18,0.0,905.5,13.5
2024-12-12T17:00,20.6,20,0.0,904.9,12.9
2024-12-12T18:00,19.0,22,0.0,904.9,13.7
2024-12-12T19:00,17.8,24,0.0,904.8,13.6
2024-12-12T20:00,16.5,26,0.0,904.4,13.1
2024-12-12T21:00,15.4,29,0.0,904.4,11.7
2024-12-12T22:00,14.2,31,0.0,903.7,12.9
2024-12-12T23:00,13.9,32,0.0,903.6,13.5
2024-12-13T00:00,13.8,32,0.0,903.3,14.0
2024-12-13T01:00,13.6,33,0.0,902.9,14.1
2024-12-13T02:00,13.1,34,0.0,902.5,13.3
2024-12-13T03:00,12.9,34,0.0,902.3,15.2
2024-12-13T04:00,12.5,34,0.0,902.1,15.7
2024-12-13T05:00,12.1,34,0.0,901.9,14.8
2024-12-13T06:00,12.2,33,0.0,902.0,13.4
2024-12-13T07:00,12.2,33,0.0,902.2,11.6
2024-12-13T08:00,12.9,32,0.0,902.9,7.7
2024-12-13T09:00,16.2,25,0.0,904.8,4.5
2024-12-13T10:00,19.1,21,0.0,905.9,5.7
2024-12-13T11:00,20.2,22,0.0,905.6,12.9
2024-12-13T12:00,20.5,21,0.0,904.8,16.0
2024-12-13T13:00,20.4,21,0.0,904.3,17.9
2024-12-13T14:00,20.1,20,0.0,903.7,18.8
2024-12-13T15:00,19.5,22,0.0,903.6,18.9
2024-12-13T16:00,19.1,23,0.0,903.9,17.3
2024-12-13T17:00,18.0,25,0.0,903.9,14.3
2024-12-13T18:00,16.5,28,0.0,904.0,13.5
2024-12-13T19:00,15.4,31,0.0,904.3,13.0
2024-12-13T20:00,14.2,35,0.0,904.5,13.2
2024-12-13T21:00,13.4,39,0.0,904.5,12.4
2024-12-13T22:00,12.6,43,0.0,904.5,12.8
2024-12-13T23:00,11.9,50,0.0,904.6,13.8
2024-12-14T00:00,11.1,55,0.0,904.3,16.4
2024-12-14T01:00,10.4,58,0.0,904.0,16.8
2024-12-14T02:00,10.1,58,0.0,903.8,16.2
2024-12-14T03:00,9.8,59,0.0,903.6,15.6
2024-12-14T04:00,9.3,64,0.0,904.2,13.7
2024-12-14T05:00,8.8,67,0.0,904.4,13.9
2024-12-14T06:00,8.4,69,0.0,904.8,13.4
2024-12-14T07:00,8.1,69,0.0,905.3,12.2
2024-12-14T08:00,8.9,66,0.0,906.7,12.6
2024-12-14T09:00,10.3,59,0.0,907.9,10.2
2024-12-14T10:00,11.9,52,0.0,908.5,9.4
2024-12-14T11:00,13.4,47,0.0,908.5,11.7
2024-12-14T12:00,14.1,42,0.0,908.3,13.9
2024-12-14T13:00,14.6,40,0.0,907.8,14.4
2024-12-14T14:00,14.8,39,0.0,907.8,14.0
2024-12-14T15:00,14.8,38,0.0,907.8,13.8
2024-12-14T16:00,14.4,39,0.0,908.3,14.6
2024-12-14T17:00,13.4,41,0.0,908.3,13.9
2024-12-14T18:00,12.4,45,0.0,909.0,13.5
2024-12-14T19:00,11.2,50,0.0,909.7,15.6
2024-12-14T20:00,10.4,52,0.0,910.2,14.6
2024-12-14T21:00,9.4,54,0.0,910.4,14.2
2024-12-14T22:00,8.3,55,0.0,910.7,12.6
2024-12-14T23:00,7.4,57,0.0,910.8,10.0
2024-12-15T00:00,6.6,59,0.0,910.9,7.6
2024-12-15T01:00,5.8,61,0.0,910.8,4.6
2024-12-15T02:00,5.1,64,0.0,910.9,3.8
2024-12-15T03:00,5.3,62,0.0,910.8,7.8
2024-12-15T04:00,4.5,58,0.0,911.1,11.7
2024-12-15T05:00,3.5,56,0.0,911.4,9.4
2024-12-15T06:00,2.8,54,0.0,912.2,5.8
2024-12-15T07:00,2.5,51,0.0,913.0,6.2
2024-12-15T08:00,3.2,46,0.0,913.9,6.3
2024-12-15T09:00,4.6,37,0.0,914.7,5.2
2024-12-15T10:00,6.2,30,0.0,915.1,6.6
2024-12-15T11:00,7.9,27,0.0,914.7,7.8
2024-12-15T12:00,9.4,25,0.0,914.0,9.3
2024-12-15T13:00,10.4,22,0.0,913.3,9.9
2024-12-15T14:00,11.2,18,0.0,912.6,9.5
2024-12-15T15:00,11.4,17,0.0,912.1,9.3
2024-12-15T16:00,11.2,16,0.0,911.8,10.5
2024-12-15T17:00,10.1,15,0.0,911.6,10.5
2024-12-15T18:00,8.4,17,0.0,911.7,11.0
2024-12-15T19:00,6.9,20,0.0,912.3,9.2
2024-12-15T20:00,5.8,22,0.0,912.3,6.7
2024-12-15T21:00,4.3,26,0.0,911.8,4.2
2024-12-15T22:00,3.7,29,0.0,911.6,2.7
2024-12-15T23:00,2.8,31,0.0,911.2,3.1
2024-12-16T00:00,2.7,29,0.0,911.1,5.2
2024-12-16T01:00,2.2,29,0.0,910.6,8.0
2024-12-16T02:00,2.2,28,0.0,910.2,9.0
2024-12-16T03:00,2.2,26,0.0,909.8,9.4
2024-12-16T04:00,2.5,27,0.0,909.9,6.8
2024-12-16T05:00,2.2,27,0.0,909.7,8.4
2024-12-16T06:00,2.0,26,0.0,909.8,9.6
2024-12-16T07:00,2.2,25,0.0,909.5,10.1
2024-12-16T08:00,3.9,22,0.0,910.5,12.9
2024-12-16T09:00,7.0,18,0.0,912.1,12.7
2024-12-16T10:00,9.8,14,0.0,913.1,12.7
2024-12-16T11:00,12.1,10,0.0,912.3,13.2
2024-12-16T12:00,14.2,7,0.0,911.6,13.8
2024-12-16T13:00,15.8,8,0.0,910.8,14.0
2024-12-16T14:00,16.8,9,0.0,910.4,13.5
2024-12-16T15:00,17.2,11,0.0,910.2,13.0
2024-12-16T16:00,17.2,18,0.0,909.9,14.3
2024-12-16T17:00,15.9,21,0.0,909.3,13.7
2024-12-16T18:00,14.2,23,0.0,909.0,13.0
2024-12-16T19:00,12.9,23,0.0,909.1,10.1
2024-12-16T20:00,11.4,26,0.0,908.9,7.9
2024-12-16T21:00,10.3,28,0.0,908.7,9.6
2024-12-16T22:00,9.6,30,0.0,908.6,11.8
2024-12-16T23:00,9.1,30,0.0,908.3,13.8
2024-12-17T00:00,8.4,30,0.0,907.8,15.0
2024-12-17T01:00,8.0,30,0.0,907.4,16.4
2024-12-17T02:00,7.8,29,0.0,907.1,17.5
2024-12-17T03:00,7.8,28,0.0,906.9,17.5
2024-12-17T04:00,7.8,24,0.0,906.7,16.1
2024-12-17T05:00,7.8,24,0.0,906.3,16.7
2024-12-17T06:00,7.7,25,0.0,906.2,17.1
2024-12-17T07:00,7.7,26,0.0,906.6,16.6
2024-12-17T08:00,9.1,26,0.0,907.3,16.0
2024-12-17T09:00,12.3,23,0.0,908.8,13.9
2024-12-17T10:00,15.5,20,0.0,909.8,7.6
2024-12-17T11:00,17.5,21,0.0,909.8,2.1
2024-12-17T12:00,18.4,19,0.0,909.3,8.9
2024-12-17T13:00,18.6,18,0.0,908.8,11.7
2024-12-17T14:00,19.2,19,0.0,908.4,9.6
2024-12-17T15:00,18.6,21,0.0,908.4,13.9
2024-12-17T16:00,16.7,22,0.0,908.7,17.1
2024-12-17T17:00,15.1,23,0.0,908.6,16.2
2024-12-17T18:00,13.5,24,0.0,908.7,13.9
2024-12-17T19:00,12.4,25,0.0,909.1,13.3
2024-12-17T20:00,11.4,25,0.0,909.0,11.9
2024-12-17T21:00,10.4,24,0.0,909.2,11.7
2024-12-17T22:00,9.1,25,0.0,908.8,10.5
2024-12-17T23:00,8.1,26,0.0,908.9,8.1
2024-12-18T00:00,6.9,29,0.0,908.0,3.6
2024-12-18T01:00,6.9,30,0.0,907.8,1.3
2024-12-18T02:00,6.6,31,0.0,907.3,0.2
2024-12-18T03:00,6.2,33,0.0,906.9,0.4
2024-12-18T04:00,5.9,32,0.0,906.7,1.0
2024-12-18T05:00,5.7,34,0.0,906.5,0.4
2024-12-18T06:00,5.4,35,0.0,906.8,0.0
2024-12-18T07:00,4.9,36,0.0,907.1,0.3
2024-12-18T08:00,6.2,33,0.0,908.0,1.3
2024-12-18T09:00,8.6,26,0.0,909.4,1.9
2024-12-18T10:00,11.0,19,0.0,910.5,3.1
2024-12-18T11:00,12.9,15,0.0,909.8,5.6
2024-12-18T12:00,14.5,14,0.0,909.2,7.8
2024-12-18T13:00,15.9,14,0.0,908.3,8.8
2024-12-18T14:00,16.9,13,0.0,907.9,8.6
2024-12-18T15:00,17.2,14,0.0,907.7,8.5
2024-12-18T16:00,16.6,14,0.0,907.8,10.9
2024-12-18T17:00,15.2,15,0.0,907.6,11.5
2024-12-18T18:00,13.3,15,0.0,907.5,11.6
2024-12-18T19:00,11.9,16,0.0,907.7,9.5
2024-12-18T20:00,10.9,17,0.0,907.9,7.2
2024-12-18T21:00,9.8,19,0.0,907.6,5.2
2024-12-18T22:00,8.9,20,0.0,907.4,4.9
2024-12-18T23:00,8.1,20,0.0,907.0,4.6
2024-12-19T00:00,7.3,21,0.0,906.5,4.4
2024-12-19T01:00,7.1,20,0.0,906.0,4.4
2024-12-19T02:00,6.5,22,0.0,905.4,3.9
2024-12-19T03:00,6.2,23,0.0,905.1,4.0
2024-12-19T04:00,6.1,21,0.0,905.0,5.3
2024-12-19T05:00,5.8,23,0.0,904.8,6.8
2024-12-19T06:00,5.7,25,0.0,905.0,9.3
2024-12-19T07:00,5.6,28,0.0,905.4,12.0
2024-12-19T08:00,6.9,26,0.0,906.2,14.0
2024-12-19T09:00,9.9,21,0.0,907.5,13.2
2024-12-19T10:00,12.8,16,0.0,908.6,13.1
2024-12-19T11:00,15.2,14,0.0,908.1,14.9
2024-12-19T12:00,17.2,13,0.0,907.4,16.6
2024-12-19T13:00,18.9,13,0.0,906.6,18.5
2024-12-19T14:00,20.0,14,0.0,906.0,19.1
2024-12-19T15:00,20.2,15,0.0,905.7,18.7
2024-12-19T16:00,20.1,16,0.0,905.5,18.0
2024-12-19T17:00,18.8,18,0.0,905.1,14.7
2024-12-19T18:00,16.9,21,0.0,904.7,14.2
2024-12-19T19:00,15.8,23,0.0,904.6,14.7
2024-12-19T20:00,14.8,25,0.0,904.7,13.5
2024-12-19T21:00,13.7,27,0.0,904.7,14.1
2024-12-19T22:00,13.0,28,0.0,904.2,16.0
2024-12-19T23:00,12.4,28,0.0,903.6,16.8
2024-12-20T00:00,11.8,29,0.0,903.2,16.5
2024-12-20T01:00,11.4,29,0.0,903.3,17.0
2024-12-20T02:00,11.1,29,0.0,902.7,19.0
2024-12-20T03:00,10.9,28,0.0,902.4,18.2
2024-12-20T04:00,11.0,26,0.0,901.8,18.6
2024-12-20T05:00,10.8,28,0.0,901.3,20.5
2024-12-20T06:00,10.4,29,0.0,901.1,21.8
2024-12-20T07:00,10.1,31,0.0,901.1,21.3
2024-12-20T08:00,11.0,30,0.0,901.7,21.7
2024-12-20T09:00,13.6,26,0.0,902.9,18.7
2024-12-20T10:00,16.4,25,0.0,903.2,19.3
2024-12-20T11:00,18.3,25,0.0,902.9,19.9
2024-12-20T12:00,15.1,50,1.6,901.8,22.2
2024-12-20T13:00,17.2,55,0.0,901.4,16.6
2024-12-20T14:00,16.2,67,2.5,901.0,11.5
2024-12-20T15:00,16.7,65,0.9,901.6,21.4
2024-12-20T16:00,17.5,59,0.2,902.0,17.7
2024-12-20T17:00,17.0,59,0.0,901.9,15.4
2024-12-20T18:00,16.0,40,0.0,902.2,17.9
2024-12-20T19:00,14.4,36,0.0,903.1,19.4
2024-12-20T20:00,12.9,45,0.0,903.5,17.1
2024-12-20T21:00,12.1,47,0.0,903.5,13.1
2024-12-20T22:00,11.8,46,0.0,903.6,12.9
2024-12-20T23:00,11.2,47,0.0,904.0,11.4
2024-12-21T00:00,10.3,50,0.0,903.7,9.5
2024-12-21T01:00,9.2,55,0.0,904.0,9.2
2024-12-21T02:00,8.4,58,0.0,904.0,6.7
2024-12-21T03:00,7.9,60,0.0,904.0,6.5
2024-12-21T04:00,8.2,65,0.0,904.2,8.1
2024-12-21T05:00,8.1,67,0.0,904.6,9.3
2024-12-21T06:00,7.9,69,0.0,905.2,11.1
2024-12-21T07:00,7.7,72,0.0,905.8,11.5
2024-12-21T08:00,8.4,71,0.0,906.6,12.7
2024-12-21T09:00,10.1,68,0.0,907.8,15.7
2024-12-21T10:00,11.3,65,0.0,908.4,16.3
2024-12-21T11:00,12.4,58,0.0,907.8,16.6
2024-12-21T12:00,13.2,52,0.0,907.3,15.0
2024-12-21T13:00,13.9,47,0.0,906.9,14.8
2024-12-21T14:00,14.2,46,0.0,906.8,14.5
2024-12-21T15:00,14.2,46,0.0,906.9,14.0
2024-12-21T16:00,13.8,47,0.0,907.3,14.5
2024-12-21T17:00,12.8,51,0.0,907.4,13.2
2024-12-21T18:00,11.7,56,0.0,907.6,10.7
2024-12-21T19:00,10.9,59,0.0,908.0,9.3
2024-12-21T20:00,10.2,63,0.0,908.1,7.3
2024-12-21T21:00,9.3,67,0.0,908.1,6.3
2024-12-21T22:00,8.5,71,0.0,908.1,6.8
2024-12-21T23:00,7.8,75,0.0,907.9,6.0
2024-12-22T00:00,7.1,79,0.0,907.6,5.5
2024-12-22T01:00,6.3,83,0.0,907.1,4.7
2024-12-22T02:00,5.6,85,0.0,906.6,4.2
2024-12-22T03:00,5.1,85,0.0,906.1,3.7
2024-12-22T04:00,5.3,82,0.0,906.1,4.5
2024-12-22T05:00,4.9,82,0.0,905.7,4.4
2024-12-22T06:00,4.5,81,0.0,906.0,4.1
2024-12-22T07:00,4.0,81,0.0,906.1,3.8
2024-12-22T08:00,5.6,72,0.0,907.4,3.8
2024-12-22T09:00,8.2,61,0.0,908.5,2.3
2024-12-22T10:00,10.5,51,0.0,909.4,1.6
2024-12-22T11:00,12.2,41,0.0,909.1,6.0
2024-12-22T12:00,13.6,33,0.0,908.5,8.4
2024-12-22T13:00,14.5,28,0.0,908.1,9.6
2024-12-22T14:00,14.9,27,0.0,907.7,11.0
2024-12-22T15:00,14.7,27,0.0,907.3,11.6
2024-12-22T16:00,14.3,29,0.0,907.3,10.2
2024-12-22T17:00,13.1,32,0.0,906.5,8.9
2024-12-22T18:00,11.6,36,0.0,906.3,8.4
2024-12-22T19:00,10.4,39,0.0,906.6,8.6
2024-12-22T20:00,9.2,43,0.0,906.5,7.3
2024-12-22T21:00,7.8,49,0.0,906.2,4.5
2024-12-22T22:00,7.3,51,0.0,906.0,1.8
2024-12-22T23:00,6.8,53,0.0,905.7,1.7
2024-12-23T00:00,6.0,56,0.0,905.3,1.5
2024-12-23T01:00,5.7,57,0.0,905.1,3.5
2024-12-23T02:00,5.0,59,0.0,904.5,4.1
2024-12-23T03:00,4.7,60,0.0,904.0,5.0
2024-12-23T04:00,4.7,57,0.0,903.7,3.9
2024-12-23T05:00,4.6,57,0.0,903.4,6.4
2024-12-23T06:00,4.4,57,0.0,903.6,8.4
2024-12-23T07:00,4.1,58,0.0,903.9,10.5
2024-12-23T08:00,5.4,53,0.0,904.4,11.7
2024-12-23T09:00,8.7,43,0.0,905.7,10.8
2024-12-23T10:00,11.6,34,0.0,906.8,11.5
2024-12-23T11:00,13.9,29,0.0,906.3,13.2
2024-12-23T12:00,15.9,27,0.0,905.5,14.2
2024-12-23T13:00,17.3,26,0.0,904.6,15.9
2024-12-23T14:00,18.1,27,0.0,903.7,18.9
2024-12-23T15:00,18.2,28,0.0,903.4,16.6
2024-12-23T16:00,18.8,30,0.0,903.1,16.9
2024-12-23T17:00,18.0,32,0.0,902.8,14.3
2024-12-23T18:00,16.9,35,0.0,902.8,12.2
2024-12-23T19:00,15.9,37,0.0,903.1,14.0
2024-12-23T20:00,15.0,41,0.0,902.6,12.8
2024-12-23T21:00,14.4,43,0.0,902.3,8.0
2024-12-23T22:00,13.1,45,0.0,902.2,5.2
2024-12-23T23:00,12.1,48,0.0,902.2,4.6
2024-12-24T00:00,12.4,46,0.0,902.3,6.0
2024-12-24T01:00,12.1,45,0.0,902.1,8.6
2024-12-24T02:00,11.6,44,0.0,902.0,10.2
2024-12-24T03:00,11.1,44,0.0,901.7,11.6
2024-12-24T04:00,10.9,43,0.0,901.8,13.5
2024-12-24T05:00,10.5,44,0.0,901.3,12.9
2024-12-24T06:00,10.1,46,0.0,901.2,10.6
2024-12-24T07:00,9.6,50,0.0,901.5,8.5
2024-12-24T08:00,10.4,50,0.0,902.1,8.0
2024-12-24T09:00,14.4,39,0.0,904.0,7.0
2024-12-24T10:00,17.9,32,0.0,905.6,4.9
2024-12-24T11:00,19.4,28,0.0,905.5,8.4
2024-12-24T12:00,20.0,25,0.0,905.0,9.4
2024-12-24T13:00,20.4,24,0.0,904.5,11.4
2024-12-24T14:00,20.2,23,0.0,904.4,13.6
2024-12-24T15:00,19.6,22,0.0,904.7,15.0
2024-12-24T16:00,19.0,22,0.0,905.1,15.2
2024-12-24T17:00,17.5,27,0.0,905.2,13.8
2024-12-24T18:00,15.9,34,0.0,905.3,13.3
2024-12-24T19:00,14.6,36,0.0,905.9,14.0
2024-12-24T20:00,13.6,37,0.0,906.1,12.2
2024-12-24T21:00,12.6,39,0.0,905.9,11.9
2024-12-24T22:00,11.6,42,0.0,905.9,10.2
2024-12-24T23:00,10.7,45,0.0,905.7,7.6
2024-12-25T00:00,9.6,49,0.0,905.4,4.5
2024-12-25T01:00,9.0,51,0.0,905.3,2.1
2024-12-25T02:00,8.8,52,0.0,905.0,2.1
2024-12-25T03:00,8.9,52,0.0,904.6,1.3
2024-12-25T04:00,8.9,50,0.0,904.7,1.0
2024-12-25T05:00,8.1,53,0.0,904.5,0.9
2024-12-25T06:00,7.7,55,0.0,904.4,1.2
2024-12-25T07:00,7.5,57,0.0,904.9,1.9
2024-12-25T08:00,8.6,53,0.0,905.7,3.3
2024-12-25T09:00,10.9,47,0.0,907.0,4.0
2024-12-25T10:00,13.4,42,0.0,908.5,4.1
2024-12-25T11:00,15.7,37,0.0,908.1,8.0
2024-12-25T12:00,17.5,32,0.0,907.3,12.5
2024-12-25T13:00,18.5,29,0.0,906.7,13.9
2024-12-25T14:00,19.1,29,0.0,906.4,13.9
2024-12-25T15:00,19.3,29,0.0,906.1,14.1
2024-12-25T16:00,19.4,30,0.0,906.0,13.8
2024-12-25T17:00,18.3,33,0.0,905.8,14.4
2024-12-25T18:00,16.5,38,0.0,905.8,17.1
2024-12-25T19:00,15.2,43,0.0,906.3,18.4
2024-12-25T20:00,13.9,49,0.0,906.3,18.4
2024-12-25T21:00,12.9,55,0.0,906.3,17.0
2024-12-25T22:00,12.1,59,0.0,905.9,16.8
2024-12-25T23:00,11.3,64,0.0,905.5,13.3
2024-12-26T00:00,10.6,68,0.0,905.1,12.6
2024-12-26T01:00,10.1,71,0.0,904.9,10.5
2024-12-26T02:00,9.7,74,0.0,904.9,8.6
2024-12-26T03:00,9.4,75,0.0,904.5,6.5
2024-12-26T04:00,9.6,70,0.0,904.1,6.1
2024-12-26T05:00,8.9,73,0.0,903.5,4.2
2024-12-26T06:00,8.8,73,0.0,903.4,4.6
2024-12-26T07:00,8.6,74,0.0,904.1,5.5
2024-12-26T08:00,9.4,69,0.0,904.6,8.6
2024-12-26T09:00,12.7,55,0.0,906.4,10.5
2024-12-26T10:00,15.5,46,0.0,907.6,12.2
2024-12-26T11:00,17.6,39,0.0,907.3,14.3
2024-12-26T12:00,19.9,33,0.0,906.7,15.9
2024-12-26T13:00,21.5,31,0.0,906.4,18.2
2024-12-26T14:00,22.1,26,0.0,906.1,18.8
2024-12-26T15:00,22.3,21,0.0,906.0,20.0
2024-12-26T16:00,21.7,24,0.0,905.6,19.7
2024-12-26T17:00,20.6,30,0.0,905.2,13.6
2024-12-26T18:00,19.2,31,0.0,905.0,14.2
2024-12-26T19:00,18.4,33,0.0,905.0,11.8
2024-12-26T20:00,17.4,37,0.0,904.5,9.5
2024-12-26T21:00,15.9,44,0.0,903.9,11.6
2024-12-26T22:00,15.7,53,0.0,904.3,15.5
2024-12-26T23:00,15.0,57,0.0,904.2,16.2
2024-12-27T00:00,14.9,54,0.0,903.8,17.2
2024-12-27T01:00,14.6,41,0.0,903.3,11.5
2024-12-27T02:00,13.4,44,0.0,903.0,11.3
2024-12-27T03:00,12.8,44,0.0,902.7,11.4
2024-12-27T04:00,12.6,41,0.0,902.4,12.0
2024-12-27T05:00,12.7,40,0.0,902.2,14.0
2024-12-27T06:00,12.8,42,0.0,902.8,15.5
2024-12-27T07:00,12.1,44,0.0,903.1,16.6
2024-12-27T08:00,12.4,43,0.0,903.8,17.6
2024-12-27T09:00,14.7,38,0.0,905.1,16.5
2024-12-27T10:00,17.6,38,0.0,906.1,19.3
2024-12-27T11:00,20.0,37,0.0,905.7,23.8
2024-12-27T12:00,21.5,26,0.0,905.0,25.8
2024-12-27T13:00,22.2,24,0.0,904.3,24.0
2024-12-27T14:00,22.6,27,0.0,903.8,21.1
2024-12-27T15:00,23.5,22,0.0,903.4,21.6
2024-12-27T16:00,23.7,28,0.0,902.9,27.9
2024-12-27T17:00,23.2,29,0.0,902.8,21.7
2024-12-27T18:00,20.3,19,0.0,903.1,21.0
2024-12-27T19:00,19.5,17,0.0,903.6,24.6
2024-12-27T20:00,18.8,18,0.0,904.2,24.9
2024-12-27T21:00,18.2,20,0.0,904.4,27.9
2024-12-27T22:00,17.2,24,0.0,904.6,24.9
2024-12-27T23:00,16.4,29,0.0,904.7,23.4
2024-12-28T00:00,15.3,33,0.0,904.6,21.2
2024-12-28T01:00,14.1,37,0.0,904.4,19.8
2024-12-28T02:00,12.9,42,0.0,904.6,17.2
2024-12-28T03:00,11.4,48,0.0,904.9,11.6
2024-12-28T04:00,10.8,45,0.0,905.2,12.0
2024-12-28T05:00,9.5,47,0.0,905.0,9.3
2024-12-28T06:00,8.7,48,0.0,905.3,5.8
2024-12-28T07:00,8.0,50,0.0,905.8,4.0
2024-12-28T08:00,9.1,46,0.0,906.7,5.0
2024-12-28T09:00,10.4,42,0.0,907.5,2.0
2024-12-28T10:00,11.9,37,0.0,908.2,1.9
2024-12-28T11:00,13.4,32,0.0,908.2,3.7
2024-12-28T12:00,14.8,29,0.0,907.7,4.4
2024-12-28T13:00,16.1,25,0.0,907.2,5.0
2024-12-28T14:00,17.0,21,0.0,906.8,6.3
2024-12-28T15:00,17.5,18,0.0,906.7,7.8
2024-12-28T16:00,17.5,21,0.0,906.9,7.8
2024-12-28T17:00,16.8,22,0.0,906.9,4.0
2024-12-28T18:00,15.0,24,0.0,906.9,6.5
2024-12-28T19:00,13.5,29,0.0,907.6,12.7
2024-12-28T20:00,12.5,32,0.0,907.9,9.4
2024-12-28T21:00,11.4,34,0.0,907.8,8.1
2024-12-28T22:00,10.6,35,0.0,907.7,7.2
2024-12-28T23:00,9.9,35,0.0,907.4,4.8
2024-12-29T00:00,9.1,38,0.0,906.9,3.7
2024-12-29T01:00,8.6,40,0.0,906.8,3.2
2024-12-29T02:00,8.4,40,0.0,906.7,2.2
2024-12-29T03:00,7.9,41,0.0,906.6,1.9
2024-12-29T04:00,8.2,39,0.0,906.7,2.6
2024-12-29T05:00,7.3,41,0.0,906.3,3.3
2024-12-29T06:00,6.6,44,0.0,906.6,4.3
2024-12-29T07:00,6.1,46,0.0,906.8,5.4
2024-12-29T08:00,7.5,41,0.0,907.8,7.2
2024-12-29T09:00,9.7,35,0.0,909.2,6.0
2024-12-29T10:00,11.9,30,0.0,909.9,9.4
2024-12-29T11:00,13.9,27,0.0,909.6,10.2
2024-12-29T12:00,15.6,26,0.0,908.8,10.8
2024-12-29T13:00,16.9,27,0.0,908.0,11.0
2024-12-29T14:00,17.8,28,0.0,907.4,10.4
2024-12-29T15:00,18.2,28,0.0,907.1,8.5
2024-12-29T16:00,18.0,32,0.0,906.9,7.5
2024-12-29T17:00,17.5,36,0.0,906.7,5.4
2024-12-29T18:00,15.9,41,0.0,906.2,7.2
2024-12-29T19:00,14.7,45,0.0,906.4,11.2
2024-12-29T20:00,13.8,48,0.0,906.5,11.9
2024-12-29T21:00,12.8,51,0.0,906.4,9.4
2024-12-29T22:00,12.1,53,0.0,906.1,7.3
2024-12-29T23:00,11.2,56,0.0,905.7,6.8
2024-12-30T00:00,10.7,58,0.0,905.2,6.9
2024-12-30T01:00,10.5,59,0.0,904.8,5.9
2024-12-30T02:00,10.2,60,0.0,904.6,7.7
2024-12-30T03:00,10.0,59,0.0,904.3,8.9
2024-12-30T04:00,10.1,52,0.0,904.1,10.0
2024-12-30T05:00,10.0,52,0.0,903.5,9.4
2024-12-30T06:00,9.6,54,0.0,903.6,7.6
2024-12-30T07:00,8.8,56,0.0,903.6,5.1
2024-12-30T08:00,9.2,53,0.0,904.2,5.2
2024-12-30T09:00,12.1,42,0.0,905.9,4.8
2024-12-30T10:00,14.9,26,0.0,907.1,3.6
2024-12-30T11:00,16.2,16,0.0,906.7,6.0
2024-12-30T12:00,16.9,14,0.0,906.1,7.9
2024-12-30T13:00,17.2,13,0.0,905.3,10.4
2024-12-30T14:00,16.8,13,0.0,904.7,11.7
2024-12-30T15:00,16.3,14,0.0,904.6,12.4
2024-12-30T16:00,15.6,16,0.0,904.9,11.7
2024-12-30T17:00,14.8,18,0.0,904.9,10.3
2024-12-30T18:00,13.5,21,0.0,904.9,8.4
2024-12-30T19:00,12.9,22,0.0,905.3,7.4
2024-12-30T20:00,12.2,24,0.0,905.5,6.1
2024-12-30T21:00,11.6,25,0.0,905.7,8.9
2024-12-30T22:00,10.4,26,0.0,905.6,10.5
2024-12-30T23:00,9.4,29,0.0,905.6,10.6
2024-12-31T00:00,8.8,33,0.0,905.3,11.3
2024-12-31T01:00,8.2,34,0.0,905.2,12.0
2024-12-31T02:00,7.6,36,0.0,905.3,12.5
2024-12-31T03:00,7.1,37,0.0,905.4,12.7
2024-12-31T04:00,7.2,37,0.0,905.4,12.0
2024-12-31T05:00,6.8,38,0.0,905.3,11.1
2024-12-31T06:00,6.7,39,0.0,905.6,10.4
2024-12-31T07:00,6.6,40,0.0,905.9,9.6
2024-12-31T08:00,7.1,40,0.0,906.5,9.8
2024-12-31T09:00,9.7,35,0.0,908.0,8.6
2024-12-31T10:00,11.8,29,0.0,908.9,12.3
2024-12-31T11:00,12.6,28,0.0,908.8,15.0
2024-12-31T12:00,13.1,27,0.0,908.3,14.7
2024-12-31T13:00,13.4,26,0.0,907.6,14.3
2024-12-31T14:00,13.6,25,0.0,906.9,14.2
2024-12-31T15:00,13.4,25,0.0,906.9,14.2
2024-12-31T16:00,13.0,26,0.0,907.3,14.3
2024-12-31T17:00,12.1,29,0.0,907.4,13.8
2024-12-31T18:00,10.8,33,0.0,907.4,11.4
2024-12-31T19:00,9.9,35,0.0,907.7,9.6
2024-12-31T20:00,9.1,38,0.0,907.9,6.9
2024-12-31T21:00,7.9,42,0.0,907.8,4.4
2024-12-31T22:00,7.2,44,0.0,908.0,4.0
2024-12-31T23:00,6.5,46,0.0,907.8,4.3
2025-01-01T00:00,6.1,47,0.0,907.5,4.2
2025-01-01T01:00,5.4,49,0.0,907.0,4.2
2025-01-01T02:00,5.4,49,0.0,907.3,6.5
2025-01-01T03:00,4.8,53,0.0,907.0,6.3
2025-01-01T04:00,5.4,51,0.0,907.3,7.8
2025-01-01T05:00,5.2,52,0.0,907.2,6.7
2025-01-01T06:00,4.9,54,0.0,907.4,5.8
2025-01-01T07:00,4.7,56,0.0,907.9,5.7
2025-01-01T08:00,5.8,52,0.0,908.7,8.0
2025-01-01T09:00,8.6,43,0.0,910.8,13.6
2025-01-01T10:00,9.7,44,0.0,911.6,15.5
2025-01-01T11:00,10.9,43,0.0,911.2,14.3
2025-01-01T12:00,11.6,42,0.0,910.5,15.3
2025-01-01T13:00,11.9,42,0.0,909.7,16.3
2025-01-01T14:00,12.2,40,0.0,909.2,18.6
2025-01-01T15:00,12.2,38,0.0,909.0,19.8
2025-01-01T16:00,12.1,39,0.0,909.1,19.2
2025-01-01T17:00,10.8,47,0.0,909.2,18.9
2025-01-01T18:00,9.6,52,0.0,909.7,15.0
2025-01-01T19:00,8.7,56,0.0,910.2,12.6
2025-01-01T20:00,7.8,59,0.0,910.4,9.4
2025-01-01T21:00,7.3,60,0.0,910.7,8.4
2025-01-01T22:00,6.8,60,0.0,910.9,8.6
2025-01-01T23:00,6.3,62,0.0,911.2,8.3
2025-01-02T00:00,5.8,63,0.0,910.8,6.5
2025-01-02T01:00,5.3,66,0.0,910.5,5.5
2025-01-02T02:00,4.9,69,0.0,910.4,5.4
2025-01-02T03:00,4.8,70,0.0,910.4,6.1
2025-01-02T04:00,5.1,65,0.0,910.4,7.8
2025-01-02T05:00,4.8,67,0.0,910.4,7.8
2025-01-02T06:00,4.6,68,0.0,910.8,7.5
2025-01-02T07:00,4.4,68,0.0,911.2,6.9
2025-01-02T08:00,5.4,64,0.0,912.1,8.0
2025-01-02T09:00,7.8,55,0.0,913.2,6.6
2025-01-02T10:00,9.6,46,0.0,913.7,9.8
2025-01-02T11:00,10.1,46,0.0,913.4,12.8
2025-01-02T12:00,10.8,43,0.0,912.7,12.8
2025-01-02T13:00,11.4,40,0.0,912.1,13.0
2025-01-02T14:00,11.6,39,0.0,911.6,13.4
2025-01-02T15:00,11.6,39,0.0,911.5,14.1
2025-01-02T16:00,11.6,41,0.0,911.5,13.6
2025-01-02T17:00,10.5,44,0.0,911.5,13.2
2025-01-02T18:00,9.1,49,0.0,911.7,12.1
2025-01-02T19:00,8.2,52,0.0,912.0,11.6
2025-01-02T20:00,7.4,53,0.0,912.0,9.8
2025-01-02T21:00,6.8,54,0.0,911.9,7.6
2025-01-02T22:00,5.6,57,0.0,911.5,4.7
2025-01-02T23:00,4.7,60,0.0,911.6,4.4
2025-01-03T00:00,4.2,62,0.0,911.4,2.9
2025-01-03T01:00,3.7,63,0.0,910.9,2.3
2025-01-03T02:00,3.2,64,0.0,910.8,1.8
2025-01-03T03:00,2.9,65,0.0,910.5,1.4
2025-01-03T04:00,2.7,66,0.0,910.4,1.7
2025-01-03T05:00,2.3,66,0.0,910.2,1.7
2025-01-03T06:00,2.2,65,0.0,910.3,1.6
2025-01-03T07:00,1.7,66,0.0,910.9,0.8
2025-01-03T08:00,2.8,61,0.0,911.7,3.6
2025-01-03T09:00,5.0,55,0.0,912.8,4.3
2025-01-03T10:00,7.2,45,0.0,913.7,4.0
2025-01-03T11:00,8.8,41,0.0,913.3,5.2
2025-01-03T12:00,10.2,38,0.0,912.3,4.8
2025-01-03T13:00,11.4,36,0.0,911.4,4.5
2025-01-03T14:00,12.2,34,0.0,910.6,4.8
2025-01-03T15:00,12.6,32,0.0,910.4,6.1
2025-01-03T16:00,12.9,32,0.0,910.5,6.2
2025-01-03T17:00,11.8,36,0.0,910.1,7.6
2025-01-03T18:00,9.8,43,0.0,909.6,8.8
2025-01-03T19:00,8.4,46,0.0,909.9,8.9
2025-01-03T20:00,7.3,48,0.0,910.1,6.8
2025-01-03T21:00,6.1,57,0.0,910.1,4.6
2025-01-03T22:00,5.4,58,0.0,910.0,3.6
2025-01-03T23:00,4.8,60,0.0,909.5,3.8
2025-01-04T00:00,4.2,59,0.0,908.9,4.4
2025-01-04T01:00,4.2,58,0.0,908.5,6.9
2025-01-04T02:00,3.8,61,0.0,908.2,10.3
2025-01-04T03:00,3.8,63,0.0,907.9,12.2
2025-01-04T04:00,4.2,61,0.0,907.9,14.0
2025-01-04T05:00,3.9,63,0.0,907.8,14.3
2025-01-04T06:00,3.8,63,0.0,908.1,13.9
2025-01-04T07:00,3.5,63,0.0,908.1,13.4
2025-01-04T08:00,4.4,58,0.0,908.7,13.8
2025-01-04T09:00,7.4,46,0.0,910.1,13.4
2025-01-04T10:00,10.4,36,0.0,911.2,12.8
2025-01-04T11:00,12.9,30,0.0,910.5,13.5
2025-01-04T12:00,15.0,26,0.0,909.8,13.7
2025-01-04T13:00,16.4,24,0.0,909.2,13.4
2025-01-04T14:00,17.1,23,0.0,908.7,12.8
2025-01-04T15:00,17.4,23,0.0,908.1,12.3
2025-01-04T16:00,17.5,23,0.0,908.4,11.7
2025-01-04T17:00,16.5,26,0.0,908.3,10.3
2025-01-04T18:00,14.6,29,0.0,908.0,10.0
2025-01-04T19:00,13.5,33,0.0,908.1,12.3
2025-01-04T20:00,12.6,35,0.0,908.1,12.8
2025-01-04T21:00,11.6,37,0.0,907.9,12.1
2025-01-04T22:00,10.8,39,0.0,907.5,12.6
2025-01-04T23:00,9.9,42,0.0,907.0,13.1
2025-01-05T00:00,8.9,44,0.0,906.4,12.4
2025-01-05T01:00,8.1,46,0.0,906.0,13.5
2025-01-05T02:00,7.9,46,0.0,905.8,14.6
2025-01-05T03:00,7.7,45,0.0,905.6,15.5
2025-01-05T04:00,7.7,43,0.0,905.2,16.6
2025-01-05T05:00,7.4,43,0.0,905.1,17.6
2025-01-05T06:00,7.2,44,0.0,905.1,18.5
2025-01-05T07:00,7.0,44,0.0,905.3,18.8
2025-01-05T08:00,7.7,42,0.0,905.8,18.8
2025-01-05T09:00,10.2,36,0.0,906.8,17.3
2025-01-05T10:00,13.1,31,0.0,907.4,18.7
2025-01-05T11:00,15.8,28,0.0,907.1,22.2
2025-01-05T12:00,17.8,25,0.0,906.4,24.8
2025-01-05T13:00,19.0,23,0.0,905.6,26.7
2025-01-05T14:00,19.6,21,0.0,904.8,27.2
2025-01-05T15:00,19.9,21,0.0,904.5,26.5
2025-01-05T16:00,19.9,20,0.0,904.3,24.2
2025-01-05T17:00,18.9,22,0.0,903.5,21.3
2025-01-05T18:00,17.3,25,0.0,903.0,21.1
2025-01-05T19:00,16.5,26,0.0,903.2,22.5
2025-01-05T20:00,16.0,27,0.0,902.8,24.0
2025-01-05T21:00,15.8,26,0.0,902.9,23.2
2025-01-05T22:00,15.4,26,0.0,902.5,20.2
2025-01-05T23:00,14.4,28,0.0,902.2,18.3
2025-01-06T00:00,13.6,30,0.0,901.6,18.7
2025-01-06T01:00,13.4,30,0.0,901.8,17.8
2025-01-06T02:00,13.4,30,0.0,901.5,21.5
2025-01-06T03:00,13.4,33,0.0,901.1,26.3
2025-01-06T04:00,13.1,30,0.0,900.0,24.6
2025-01-06T05:00,12.8,34,0.0,899.9,24.7
2025-01-06T06:00,12.6,47,0.0,900.3,24.4
2025-01-06T07:00,12.1,59,0.0,900.9,21.2
2025-01-06T08:00,12.5,63,0.0,901.3,18.5
2025-01-06T09:00,15.2,62,0.0,902.6,12.1
2025-01-06T10:00,17.3,61,0.0,903.1,11.4
2025-01-06T11:00,18.5,55,0.0,902.8,14.2
2025-01-06T12:00,18.4,54,0.0,902.0,14.4
2025-01-06T13:00,19.0,50,0.0,901.4,13.9
2025-01-06T14:00,18.8,48,0.1,900.9,15.3
2025-01-06T15:00,17.5,54,0.1,900.8,16.0
2025-01-06T16:00,17.0,52,0.0,901.5,11.5
2025-01-06T17:00,16.6,48,0.0,901.6,11.6
2025-01-06T18:00,15.4,48,0.0,901.8,13.8
2025-01-06T19:00,13.2,56,0.0,902.5,20.2
2025-01-06T20:00,12.2,59,0.0,903.0,17.4
2025-01-06T21:00,11.4,63,0.0,903.1,20.0
2025-01-06T22:00,10.5,68,0.0,903.2,20.1
2025-01-06T23:00,9.9,69,0.0,903.3,14.2
2025-01-07T00:00,9.6,69,0.0,903.0,11.8
2025-01-07T01:00,9.1,70,0.0,903.1,11.6
2025-01-07T02:00,8.1,78,0.0,903.5,15.1
2025-01-07T03:00,6.7,85,0.0,903.7,15.0
2025-01-07T04:00,6.7,83,0.0,904.4,15.6
2025-01-07T05:00,5.7,84,0.0,904.8,15.9
2025-01-07T06:00,5.4,84,0.0,905.4,16.4
2025-01-07T07:00,5.7,80,0.0,905.9,16.7
2025-01-07T08:00,6.1,76,0.0,906.5,15.6
2025-01-07T09:00,6.2,77,0.0,907.3,18.3
2025-01-07T10:00,6.7,75,0.0,907.7,20.4
2025-01-07T11:00,7.2,72,0.0,907.4,20.9
2025-01-07T12:00,7.8,68,0.0,906.7,22.9
2025-01-07T13:00,8.8,64,0.0,906.4,24.7
2025-01-07T14:00,7.9,70,0.0,906.1,22.8
2025-01-07T15:00,7.6,72,0.0,906.2,21.9
2025-01-07T16:00,8.4,67,0.0,906.7,20.8
2025-01-07T17:00,8.3,67,0.0,907.0,21.6
2025-01-07T18:00,7.8,70,0.0,907.3,20.2
2025-01-07T19:00,7.7,72,0.0,908.2,20.5
2025-01-07T20:00,7.2,74,0.0,908.4,20.8
2025-01-07T21:00,6.7,81,0.0,908.6,19.7
2025-01-07T22:00,6.3,83,0.0,908.8,18.4
2025-01-07T23:00,6.2,80,0.0,908.7,18.6
2025-01-08T00:00,6.1,80,0.0,908.7,16.8
2025-01-08T01:00,5.7,83,0.0,908.6,16.2
2025-01-08T02:00,5.7,83,0.0,908.6,16.0
2025-01-08T03:00,5.5,85,0.0,908.7,17.4
2025-01-08T04:00,5.8,85,0.0,908.9,15.0
2025-01-08T05:00,5.8,87,0.0,909.1,15.9
2025-01-08T06:00,5.8,86,0.0,909.3,15.6
2025-01-08T07:00,5.7,88,0.0,909.8,15.5
2025-01-08T08:00,5.8,88,0.0,910.4,16.0
2025-01-08T09:00,6.4,82,0.0,910.8,15.6
2025-01-08T10:00,7.4,76,0.0,911.2,15.6
2025-01-08T11:00,8.4,68,0.1,910.7,14.5
2025-01-08T12:00,9.8,59,0.0,909.8,12.4
2025-01-08T13:00,10.4,54,0.0,908.8,11.1
2025-01-08T14:00,10.9,52,0.0,908.3,9.6
2025-01-08T15:00,11.6,49,0.0,908.2,9.0
2025-01-08T16:00,11.1,52,0.0,908.2,9.0
2025-01-08T17:00,10.7,53,0.0,908.2,8.1
2025-01-08T18:00,9.9,56,0.0,908.3,4.8
2025-01-08T19:00,9.4,60,0.0,908.9,5.9
2025-01-08T20:00,8.6,66,0.0,909.0,6.0
2025-01-08T21:00,7.1,76,0.0,908.7,2.5
2025-01-08T22:00,6.7,79,0.0,908.3,0.8
2025-01-08T23:00,6.0,81,0.0,908.1,0.9
2025-01-09T00:00,5.3,82,0.0,907.5,1.7
2025-01-09T01:00,4.9,82,0.0,907.1,1.4
2025-01-09T02:00,4.5,81,0.0,906.9,2.1
2025-01-09T03:00,4.1,82,0.0,906.8,1.4
2025-01-09T04:00,3.8,82,0.0,906.7,4.0
2025-01-09T05:00,3.5,82,0.0,906.6,2.4
2025-01-09T06:00,3.2,83,0.0,906.8,1.1
2025-01-09T07:00,3.0,83,0.0,907.2,0.9
2025-01-09T08:00,4.3,79,0.0,908.0,2.9
2025-01-09T09:00,6.7,68,0.0,909.3,4.3
2025-01-09T10:00,9.1,59,0.0,909.8,4.5
2025-01-09T11:00,10.6,53,0.0,909.2,6.4
2025-01-09T12:00,11.8,49,0.0,908.4,6.0
2025-01-09T13:00,12.9,45,0.0,907.3,6.3
2025-01-09T14:00,13.6,43,0.0,906.9,7.3
2025-01-09T15:00,13.8,42,0.0,906.6,8.1
2025-01-09T16:00,13.6,45,0.0,906.4,9.9
2025-01-09T17:00,12.6,49,0.0,906.0,10.2
2025-01-09T18:00,11.4,56,0.0,905.7,9.9
2025-01-09T19:00,10.3,63,0.0,906.0,11.4
2025-01-09T20:00,9.6,65,0.0,906.2,11.0
2025-01-09T21:00,8.9,69,0.0,906.3,10.2
2025-01-09T22:00,7.9,75,0.0,906.0,8.2
2025-01-09T23:00,7.3,77,0.0,905.8,9.3
2025-01-10T00:00,6.8,78,0.0,905.4,10.1
2025-01-10T01:00,6.2,81,0.0,905.1,10.7
2025-01-10T02:00,5.6,85,0.0,904.9,10.8
2025-01-10T03:00,4.8,88,0.0,904.9,11.8
2025-01-10T04:00,4.8,87,0.0,904.5,11.8
2025-01-10T05:00,4.5,89,0.0,904.2,12.1
2025-01-10T06:00,4.2,90,0.0,904.1,13.1
2025-01-10T07:00,4.2,90,0.0,904.3,14.0
2025-01-10T08:00,5.1,83,0.0,905.0,15.2
2025-01-10T09:00,7.7,69,0.0,906.4,13.8
2025-01-10T10:00,10.6,57,0.0,907.3,14.2
2025-01-10T11:00,13.3,48,0.0,906.8,17.7
2025-01-10T12:00,15.2,43,0.0,906.1,19.6
2025-01-10T13:00,16.6,40,0.0,905.3,21.3
2025-01-10T14:00,17.3,40,0.0,904.7,22.0
2025-01-10T15:00,17.7,39,0.0,904.4,21.6
2025-01-10T16:00,18.0,39,0.0,904.1,21.8
2025-01-10T17:00,17.1,43,0.0,903.9,18.9
2025-01-10T18:00,15.7,48,0.0,903.8,16.8
2025-01-10T19:00,14.9,52,0.0,904.1,17.3
2025-01-10T20:00,14.1,57,0.0,904.1,17.1
2025-01-10T21:00,13.4,62,0.0,903.9,16.6
2025-01-10T22:00,12.9,64,0.0,903.9,15.7
2025-01-10T23:00,12.1,67,0.0,903.7,14.5
2025-01-11T00:00,11.6,67,0.0,903.3,14.4
2025-01-11T01:00,10.9,68,0.0,902.9,14.3
2025-01-11T02:00,10.4,70,0.0,902.5,14.1
2025-01-11T03:00,10.1,72,0.0,902.4,15.2
2025-01-11T04:00,10.9,68,0.0,902.3,13.8
2025-01-11T05:00,10.4,72,0.0,902.0,10.7
2025-01-11T06:00,10.1,68,0.0,901.9,8.9
2025-01-11T07:00,9.1,66,0.0,901.9,8.8
2025-01-11T08:00,9.4,61,0.0,902.5,9.9
2025-01-11T09:00,13.1,45,0.0,904.5,8.5
2025-01-11T10:00,15.8,33,0.0,905.8,11.4
2025-01-11T11:00,16.8,29,0.0,905.7,12.3
2025-01-11T12:00,17.4,27,0.0,905.2,11.5
2025-01-11T13:00,17.8,25,0.0,904.6,10.8
2025-01-11T14:00,18.0,24,0.0,904.4,10.6
2025-01-11T15:00,17.7,24,0.0,904.2,9.9
2025-01-11T16:00,17.5,25,0.0,904.4,10.4
2025-01-11T17:00,16.6,26,0.0,904.7,11.3
2025-01-11T18:00,15.4,29,0.0,904.8,13.2
2025-01-11T19:00,14.2,32,0.0,905.0,12.1
2025-01-11T20:00,13.1,35,0.0,905.2,9.7
2025-01-11T21:00,12.2,36,0.0,905.3,10.2
2025-01-11T22:00,11.4,37,0.0,905.6,11.1
2025-01-11T23:00,10.8,39,0.0,905.4,11.2
2025-01-12T00:00,10.1,43,0.0,905.4,11.3
2025-01-12T01:00,9.3,48,0.0,905.5,13.9
2025-01-12T02:00,8.6,53,0.0,905.4,12.5
2025-01-12T03:00,8.2,55,0.0,905.1,9.7
2025-01-12T04:00,8.4,56,0.0,905.4,7.8
2025-01-12T05:00,7.9,58,0.0,905.3,5.4
2025-01-12T06:00,7.7,60,0.0,905.7,5.7
2025-01-12T07:00,7.2,62,0.0,906.2,5.7
2025-01-12T08:00,8.2,58,0.0,907.1,6.4
2025-01-12T09:00,10.4,50,0.0,908.7,7.4
2025-01-12T10:00,12.2,44,0.0,909.5,10.5
2025-01-12T11:00,13.3,42,0.0,909.5,12.1
2025-01-12T12:00,14.2,39,0.0,908.9,11.9
2025-01-12T13:00,14.9,37,0.0,908.2,12.4
2025-01-12T14:00,15.4,35,0.0,908.0,12.3
2025-01-12T15:00,15.5,34,0.0,907.9,12.9
2025-01-12T16:00,15.3,35,0.0,909.0,13.1
2025-01-12T17:00,14.4,37,0.0,909.2,13.6
2025-01-12T18:00,13.1,40,0.0,909.3,11.4
2025-01-12T19:00,11.9,45,0.0,909.5,10.0
2025-01-12T20:00,10.9,48,0.0,909.6,7.9
2025-01-12T21:00,10.1,52,0.0,909.4,6.7
2025-01-12T22:00,9.1,55,0.0,909.2,5.3
2025-01-12T23:00,8.3,59,0.0,908.9,3.1
2025-01-13T00:00,8.1,60,0.0,908.9,1.3
2025-01-13T01:00,7.7,62,0.0,908.8,0.9
2025-01-13T02:00,7.0,64,0.0,908.8,1.0
2025-01-13T03:00,5.9,68,0.0,908.4,2.0
2025-01-13T04:00,5.9,66,0.0,908.3,3.1
2025-01-13T05:00,5.4,68,0.0,908.1,3.5
2025-01-13T06:00,4.8,71,0.0,908.1,4.0
2025-01-13T07:00,4.9,71,0.0,908.8,6.2
2025-01-13T08:00,5.2,70,0.0,909.3,8.7
2025-01-13T09:00,8.4,57,0.0,911.2,8.0
2025-01-13T10:00,11.2,48,0.0,912.6,6.5
2025-01-13T11:00,13.0,42,0.0,912.5,6.3
2025-01-13T12:00,14.3,37,0.0,911.8,6.2
2025-01-13T13:00,15.4,33,0.0,911.1,6.3
2025-01-13T14:00,16.0,30,0.0,910.4,7.3
2025-01-13T15:00,16.4,29,0.0,910.2,7.6
2025-01-13T16:00,16.4,29,0.0,910.6,7.5
2025-01-13T17:00,15.6,30,0.0,910.8,8.1
2025-01-13T18:00,13.9,35,0.0,910.5,10.2
2025-01-13T19:00,12.6,38,0.0,910.5,11.2
2025-01-13T20:00,11.4,43,0.0,910.5,11.0
2025-01-13T21:00,10.4,47,0.0,910.3,9.1
2025-01-13T22:00,9.2,51,0.0,910.2,5.5
2025-01-13T23:00,8.1,56,0.0,909.8,3.8
2025-01-14T00:00,7.7,58,0.0,909.4,2.8
2025-01-14T01:00,6.8,60,0.0,909.0,4.1
2025-01-14T02:00,6.4,62,0.0,908.9,4.5
2025-01-14T03:00,6.1,63,0.0,908.3,5.1
2025-01-14T04:00,5.8,62,0.0,908.2,6.7
2025-01-14T05:00,5.2,65,0.0,907.6,6.9
2025-01-14T06:00,4.8,66,0.0,907.6,6.4
2025-01-14T07:00,4.3,68,0.0,907.8,7.8
2025-01-14T08:00,5.4,62,0.0,908.8,10.7
2025-01-14T09:00,8.8,50,0.0,910.3,7.9
2025-01-14T10:00,11.8,41,0.0,911.6,5.6
2025-01-14T11:00,13.9,36,0.0,911.5,5.8
2025-01-14T12:00,15.6,31,0.0,910.8,6.6
2025-01-14T13:00,16.9,27,0.0,910.2,7.5
2025-01-14T14:00,17.6,25,0.0,909.8,7.8
2025-01-14T15:00,17.9,27,0.0,909.5,7.9
2025-01-14T16:00,18.1,32,0.0,909.5,7.3
2025-01-14T17:00,17.5,34,0.0,909.2,6.4
2025-01-14T18:00,15.6,38,0.0,908.8,5.8
2025-01-14T19:00,14.4,36,0.0,909.2,13.4
2025-01-14T20:00,13.1,36,0.0,909.3,13.8
2025-01-14T21:00,12.0,39,0.0,909.2,11.5
2025-01-14T22:00,11.1,42,0.0,909.1,8.4
2025-01-14T23:00,10.2,45,0.0,908.9,6.8
2025-01-15T00:00,9.7,48,0.0,908.5,7.8
2025-01-15T01:00,9.2,51,0.0,908.2,9.5
2025-01-15T02:00,8.8,53,0.0,908.1,12.0
2025-01-15T03:00,8.7,53,0.0,907.9,14.6
2025-01-15T04:00,8.8,54,0.0,907.4,16.1
2025-01-15T05:00,9.0,54,0.0,907.6,16.0
2025-01-15T06:00,8.8,56,0.0,907.9,16.2
2025-01-15T07:00,8.6,57,0.0,908.2,16.7
2025-01-15T08:00,9.2,55,0.0,908.7,17.3
2025-01-15T09:00,11.6,47,0.0,909.8,15.8
2025-01-15T10:00,14.4,39,0.0,910.8,17.0
2025-01-15T11:00,17.0,34,0.0,910.5,19.0
2025-01-15T12:00,18.9,33,0.0,909.7,21.6
2025-01-15T13:00,20.2,32,0.0,909.0,21.4
2025-01-15T14:00,21.0,31,0.0,908.4,19.9
2025-01-15T15:00,21.1,31,0.0,908.3,17.1
2025-01-15T16:00,21.0,32,0.0,908.4,15.2
2025-01-15T17:00,20.3,33,0.0,908.1,14.4
2025-01-15T18:00,18.8,37,0.0,908.1,12.9
2025-01-15T19:00,17.5,40,0.0,908.3,12.9
2025-01-15T20:00,16.2,43,0.0,908.3,12.8
2025-01-15T21:00,15.4,45,0.0,908.1,12.4
2025-01-15T22:00,14.6,47,0.0,907.9,13.5
2025-01-15T23:00,13.9,50,0.0,907.6,14.1
2025-01-16T00:00,13.5,51,0.0,907.2,15.4
2025-01-16T01:00,13.1,52,0.0,907.0,16.4
2025-01-16T02:00,12.9,52,0.0,906.8,17.3
2025-01-16T03:00,12.3,54,0.0,906.5,17.1
2025-01-16T04:00,12.2,57,0.0,906.5,17.2
2025-01-16T05:00,12.1,58,0.0,906.4,16.5
2025-01-16T06:00,12.4,58,0.0,906.8,16.8
2025-01-16T07:00,12.4,59,0.0,907.6,16.4
2025-01-16T08:00,13.3,57,0.0,908.0,17.4
2025-01-16T09:00,15.9,48,0.0,909.0,15.8
2025-01-16T10:00,19.3,39,0.0,910.4,14.7
2025-01-16T11:00,22.2,31,0.0,910.5,15.0
2025-01-16T12:00,23.9,28,0.0,910.0,13.9
2025-01-16T13:00,24.1,29,0.0,909.1,14.2
2025-01-16T14:00,24.1,29,0.0,908.6,14.3
2025-01-16T15:00,23.5,30,0.0,908.4,14.2
2025-01-16T16:00,23.0,33,0.0,908.9,14.0
2025-01-16T17:00,21.6,36,0.0,909.0,15.4
2025-01-16T18:00,20.0,39,0.0,909.3,15.7
2025-01-16T19:00,18.8,38,0.0,909.6,15.1
2025-01-16T20:00,17.6,33,0.0,909.9,14.4
2025-01-16T21:00,16.6,30,0.0,910.1,15.2
2025-01-16T22:00,15.6,29,0.0,910.2,15.2
2025-01-16T23:00,14.6,31,0.0,910.0,14.1
2025-01-17T00:00,13.5,35,0.0,909.5,12.1
2025-01-17T01:00,12.6,40,0.0,909.1,13.2
2025-01-17T02:00,11.4,46,0.0,909.0,12.6
2025-01-17T03:00,10.6,50,0.0,908.4,11.0
2025-01-17T04:00,10.6,45,0.0,908.7,11.3
2025-01-17T05:00,9.9,47,0.0,908.4,10.6
2025-01-17T06:00,9.4,47,0.0,908.6,9.4
2025-01-17T07:00,9.0,48,0.0,909.3,9.7
2025-01-17T08:00,9.3,47,0.0,909.8,9.8
2025-01-17T09:00,10.9,44,0.0,910.6,7.4
2025-01-17T10:00,12.6,37,0.0,910.8,8.0
2025-01-17T11:00,14.3,31,0.0,910.5,9.2
2025-01-17T12:00,15.7,27,0.0,910.1,11.0
2025-01-17T13:00,16.6,25,0.0,908.9,11.0
2025-01-17T14:00,17.2,24,0.0,908.3,10.9
2025-01-17T15:00,17.4,24,0.0,908.0,9.8
2025-01-17T16:00,17.3,24,0.0,908.2,8.2
2025-01-17T17:00,16.6,25,0.0,907.9,8.6
2025-01-17T18:00,15.1,28,0.0,907.6,8.4
2025-01-17T19:00,13.9,31,0.0,907.6,9.0
2025-01-17T20:00,12.8,34,0.0,907.5,6.5
2025-01-17T21:00,11.4,40,0.0,906.8,2.2
2025-01-17T22:00,10.9,41,0.0,906.6,1.3
2025-01-17T23:00,10.2,43,0.0,906.4,0.8
2025-01-18T00:00,9.6,45,0.0,905.9,0.6
2025-01-18T01:00,8.8,47,0.0,905.7,2.1
2025-01-18T02:00,8.2,50,0.0,905.3,2.7
2025-01-18T03:00,7.9,50,0.0,905.1,4.2
2025-01-18T04:00,7.5,50,0.0,904.6,3.6
2025-01-18T05:00,6.7,53,0.0,904.1,2.5
2025-01-18T06:00,6.9,52,0.0,904.4,0.2
2025-01-18T07:00,6.8,52,0.0,904.8,1.1
2025-01-18T08:00,7.8,49,0.0,905.5,2.2
2025-01-18T09:00,10.4,41,0.0,907.0,3.3
2025-01-18T10:00,12.5,37,0.0,908.0,6.7
2025-01-18T11:00,13.9,34,0.0,907.8,7.1
2025-01-18T12:00,15.0,32,0.0,907.1,7.5
2025-01-18T13:00,15.7,31,0.0,906.1,8.1
2025-01-18T14:00,16.1,30,0.0,905.5,8.6
2025-01-18T15:00,16.2,29,0.0,905.2,9.8
2025-01-18T16:00,15.9,29,0.0,904.9,10.7
2025-01-18T17:00,15.0,29,0.0,904.9,10.7
2025-01-18T18:00,13.7,30,0.0,904.6,11.2
2025-01-18T19:00,12.4,34,0.0,905.0,13.9
2025-01-18T20:00,11.1,39,0.0,905.4,11.5
2025-01-18T21:00,10.0,42,0.0,905.1,9.7
2025-01-18T22:00,9.1,45,0.0,904.8,8.4
2025-01-18T23:00,8.4,48,0.0,904.6,6.5
2025-01-19T00:00,7.6,51,0.0,904.2,4.7
2025-01-19T01:00,7.0,53,0.0,903.9,4.4
2025-01-19T02:00,6.6,54,0.0,904.1,4.9
2025-01-19T03:00,5.9,57,0.0,903.7,4.8
2025-01-19T04:00,5.8,57,0.0,903.9,3.1
2025-01-19T05:00,5.5,58,0.0,903.6,1.6
2025-01-19T06:00,5.1,59,0.0,903.9,1.1
2025-01-19T07:00,4.6,61,0.0,904.2,1.3
2025-01-19T08:00,5.8,56,0.0,905.3,1.5
2025-01-19T09:00,8.4,46,0.0,906.7,2.2
2025-01-19T10:00,10.6,39,0.0,906.9,2.4
2025-01-19T11:00,12.1,33,0.0,906.4,2.3
2025-01-19T12:00,13.4,28,0.0,905.9,2.9
2025-01-19T13:00,14.4,25,0.0,905.3,3.8
2025-01-19T14:00,15.1,22,0.0,904.9,6.1
2025-01-19T15:00,15.2,20,0.0,904.7,7.6
2025-01-19T16:00,15.2,24,0.0,904.8,7.3
2025-01-19T17:00,14.4,23,0.0,904.5,7.9
2025-01-19T18:00,13.0,23,0.0,904.4,9.4
2025-01-19T19:00,11.9,24,0.0,904.5,9.7
2025-01-19T20:00,10.6,26,0.0,904.7,9.9
2025-01-19T21:00,9.5,29,0.0,904.5,7.5
2025-01-19T22:00,8.3,33,0.0,904.2,3.2
2025-01-19T23:00,7.9,34,0.0,904.2,0.8
2025-01-20T00:00,7.5,34,0.0,904.0,0.6
2025-01-20T01:00,7.0,36,0.0,903.8,1.0
2025-01-20T02:00,6.6,37,0.0,903.5,0.5
2025-01-20T03:00,6.1,38,0.0,903.3,0.7
2025-01-20T04:00,5.7,39,0.0,903.1,1.6
2025-01-20T05:00,5.0,41,0.0,902.7,2.3
2025-01-20T06:00,5.0,41,0.0,903.0,4.5
2025-01-20T07:00,4.4,43,0.0,903.0,7.7
2025-01-20T08:00,5.2,41,0.0,903.7,9.6
2025-01-20T09:00,8.6,32,0.0,905.5,7.9
2025-01-20T10:00,11.9,25,0.0,906.7,5.6
2025-01-20T11:00,14.1,23,0.0,906.7,7.0
2025-01-20T12:00,15.8,21,0.0,906.1,7.1
2025-01-20T13:00,17.0,18,0.0,905.3,5.6
2025-01-20T14:00,17.9,16,0.0,904.7,5.1
2025-01-20T15:00,18.2,14,0.0,904.6,5.9
2025-01-20T16:00,18.0,13,0.0,905.0,7.9
2025-01-20T17:00,17.0,13,0.0,905.2,10.1
2025-01-20T18:00,14.8,16,0.0,905.1,12.3
2025-01-20T19:00,13.1,20,0.0,905.5,11.5
2025-01-20T20:00,12.2,23,0.0,905.9,11.0
2025-01-20T21:00,11.4,25,0.0,905.9,8.0
2025-01-20T22:00,10.9,27,0.0,905.8,9.6
2025-01-20T23:00,10.4,29,0.0,906.1,11.5
2025-01-21T00:00,10.1,30,0.0,905.9,13.3
2025-01-21T01:00,9.9,32,0.0,905.7,13.8
2025-01-21T02:00,8.9,35,0.0,906.1,15.5
2025-01-21T03:00,7.7,43,0.0,906.0,12.7
2025-01-21T04:00,7.8,45,0.0,906.2,10.2
2025-01-21T05:00,7.3,48,0.0,906.2,8.8
2025-01-21T06:00,6.7,52,0.0,906.9,6.4
2025-01-21T07:00,5.8,58,0.0,907.3,5.2
2025-01-21T08:00,7.2,54,0.0,908.7,6.8
2025-01-21T09:00,9.0,48,0.0,910.1,8.8
2025-01-21T10:00,10.2,44,0.0,910.7,12.2
2025-01-21T11:00,11.4,42,0.0,910.6,13.3
2025-01-21T12:00,12.5,40,0.0,909.9,13.3
2025-01-21T13:00,13.4,38,0.0,909.2,13.8
2025-01-21T14:00,14.1,35,0.0,908.5,13.7
2025-01-21T15:00,14.2,34,0.0,908.3,13.3
2025-01-21T16:00,14.1,32,0.0,908.6,13.2
2025-01-21T17:00,13.2,33,0.0,908.8,13.6
2025-01-21T18:00,11.7,36,0.0,908.6,12.8
2025-01-21T19:00,10.4,40,0.0,908.9,13.3
2025-01-21T20:00,9.2,44,0.0,909.3,11.1
2025-01-21T21:00,8.2,47,0.0,909.6,9.9
2025-01-21T22:00,7.2,51,0.0,909.6,9.5
2025-01-21T23:00,6.2,52,0.0,909.3,7.8
2025-01-22T00:00,5.1,52,0.0,909.0,5.2
2025-01-22T01:00,4.1,53,0.0,908.6,4.8
2025-01-22T02:00,3.5,53,0.0,908.5,4.2
2025-01-22T03:00,3.0,54,0.0,908.0,3.6
2025-01-22T04:00,2.9,53,0.0,907.9,3.8
2025-01-22T05:00,2.6,53,0.0,907.9,4.7
2025-01-22T06:00,2.2,54,0.0,908.0,5.1
2025-01-22T07:00,2.2,54,0.0,908.3,5.8
2025-01-22T08:00,3.0,51,0.0,908.8,7.6
2025-01-22T09:00,5.4,43,0.0,909.7,6.3
2025-01-22T10:00,8.0,36,0.0,910.4,7.9
2025-01-22T11:00,10.1,31,0.0,910.0,9.6
2025-01-22T12:00,12.0,28,0.0,909.1,11.9
2025-01-22T13:00,13.8,26,0.0,908.2,12.4
2025-01-22T14:00,15.4,23,0.0,907.7,11.2
2025-01-22T15:00,16.2,21,0.0,907.5,10.0
2025-01-22T16:00,16.4,21,0.0,907.8,6.9
2025-01-22T17:00,16.0,22,0.0,907.6,6.8
2025-01-22T18:00,14.5,24,0.0,907.3,6.3
2025-01-22T19:00,13.2,26,0.0,907.8,11.9
2025-01-22T20:00,11.8,28,0.0,908.3,13.2
2025-01-22T21:00,11.1,29,0.0,908.2,14.7
2025-01-22T22:00,10.6,30,0.0,907.8,13.0
2025-01-22T23:00,9.6,34,0.0,907.5,5.7
2025-01-23T00:00,8.5,37,0.0,906.9,4.9
2025-01-23T01:00,8.4,37,0.0,906.5,8.2
2025-01-23T02:00,8.4,37,0.0,906.0,11.3
2025-01-23T03:00,8.4,37,0.0,905.8,13.6
2025-01-23T04:00,8.0,36,0.0,905.7,14.5
2025-01-23T05:00,7.6,37,0.0,905.0,14.0
2025-01-23T06:00,7.4,37,0.0,905.2,14.2
2025-01-23T07:00,7.3,38,0.0,905.6,14.0
2025-01-23T08:00,8.2,37,0.0,906.0,16.6
2025-01-23T09:00,10.6,32,0.0,906.7,19.0
2025-01-23T10:00,13.7,27,0.0,907.6,19.2
2025-01-23T11:00,16.5,25,0.0,907.7,21.2
2025-01-23T12:00,18.5,24,0.0,907.1,21.7
2025-01-23T13:00,19.7,24,0.0,906.4,19.7
2025-01-23T14:00,20.6,24,0.0,905.8,16.9
2025-01-23T15:00,21.1,23,0.0,905.3,14.5
2025-01-23T16:00,21.2,24,0.0,905.0,10.5
2025-01-23T17:00,19.9,27,0.0,904.8,5.5
2025-01-23T18:00,18.0,26,0.0,904.7,11.7
2025-01-23T19:00,15.9,30,0.0,905.1,15.6
2025-01-23T20:00,14.1,38,0.0,905.0,5.6
2025-01-23T21:00,13.4,43,0.0,904.9,7.2
2025-01-23T22:00,12.4,46,0.0,904.3,4.6
2025-01-23T23:00,12.3,44,0.0,904.0,5.5
2025-01-24T00:00,12.0,44,0.0,904.0,7.1
2025-01-24T01:00,11.6,44,0.0,903.8,9.5
2025-01-24T02:00,11.0,42,0.0,903.4,9.7
2025-01-24T03:00,10.2,41,0.0,902.8,7.9
2025-01-24T04:00,10.5,35,0.0,903.4,12.9
2025-01-24T05:00,10.2,34,0.0,903.3,12.0
2025-01-24T06:00,9.5,35,0.0,903.4,11.3
2025-01-24T07:00,9.1,36,0.0,904.1,11.4
2025-01-24T08:00,9.6,35,0.0,904.8,13.0
2025-01-24T09:00,11.6,30,0.0,906.0,12.6
2025-01-24T10:00,13.2,27,0.0,906.5,15.0
2025-01-24T11:00,14.7,25,0.0,906.6,16.5
2025-01-24T12:00,15.8,24,0.0,906.1,17.6
2025-01-24T13:00,16.4,23,0.0,905.1,17.9
2025-01-24T14:00,16.8,22,0.0,904.9,18.3
2025-01-24T15:00,16.8,22,0.0,904.8,18.3
2025-01-24T16:00,16.6,24,0.0,904.9,17.6
2025-01-24T17:00,15.6,27,0.0,905.0,16.8
2025-01-24T18:00,14.1,29,0.0,905.0,14.2
2025-01-24T19:00,13.1,30,0.0,905.5,14.1
2025-01-24T20:00,12.1,32,0.0,905.9,14.4
2025-01-24T21:00,11.0,34,0.0,906.0,13.7
2025-01-24T22:00,9.9,37,0.0,905.8,12.8
2025-01-24T23:00,8.9,40,0.0,905.6,11.8
2025-01-25T00:00,8.4,44,0.0,905.5,12.1
2025-01-25T01:00,7.6,49,0.0,905.1,12.2
2025-01-25T02:00,7.2,52,0.0,904.9,11.0
2025-01-25T03:00,6.9,54,0.0,904.6,11.1
2025-01-25T04:00,7.1,51,0.0,904.4,13.4
2025-01-25T05:00,6.8,53,0.0,904.3,11.2
2025-01-25T06:00,6.4,56,0.0,904.8,9.7
2025-01-25T07:00,6.1,58,0.0,905.5,10.8
2025-01-25T08:00,6.8,56,0.0,906.5,10.6
2025-01-25T09:00,8.9,51,0.0,907.6,8.7
2025-01-25T10:00,10.6,50,0.0,908.3,11.0
2025-01-25T11:00,11.6,51,0.0,908.1,13.0
2025-01-25T12:00,12.6,48,0.0,907.4,13.8
2025-01-25T13:00,13.5,45,0.0,906.4,13.9
2025-01-25T14:00,14.2,41,0.0,905.7,14.3
2025-01-25T15:00,14.4,39,0.0,905.5,14.3
2025-01-25T16:00,14.6,38,0.0,905.4,13.8
2025-01-25T17:00,13.8,39,0.0,905.4,13.8
2025-01-25T18:00,12.5,43,0.0,905.5,13.1
2025-01-25T19:00,11.5,48,0.0,905.6,14.1
2025-01-25T20:00,10.6,51,0.0,906.0,14.0
2025-01-25T21:00,9.6,55,0.0,906.2,12.7
2025-01-25T22:00,8.8,58,0.0,906.2,11.3
2025-01-25T23:00,8.4,61,0.0,906.5,10.4
2025-01-26T00:00,8.1,61,0.0,906.4,10.5
2025-01-26T01:00,7.7,63,0.0,906.2,9.4
2025-01-26T02:00,7.4,65,0.0,906.1,8.1
2025-01-26T03:00,6.9,69,0.0,905.9,6.3
2025-01-26T04:00,7.4,65,0.0,906.0,8.0
2025-01-26T05:00,6.9,69,0.0,905.8,6.9
2025-01-26T06:00,6.2,74,0.0,905.6,5.3
2025-01-26T07:00,5.6,78,0.0,906.0,3.9
2025-01-26T08:00,6.2,75,0.0,906.8,5.7
2025-01-26T09:00,7.8,68,0.0,908.1,5.3
2025-01-26T10:00,9.7,60,0.0,908.6,9.0
2025-01-26T11:00,11.3,54,0.0,908.0,11.2
2025-01-26T12:00,12.4,48,0.0,906.9,14.2
2025-01-26T13:00,13.6,43,0.0,906.0,14.5
2025-01-26T14:00,14.8,39,0.0,905.4,14.5
2025-01-26T15:00,15.0,39,0.0,905.0,13.9
2025-01-26T16:00,13.7,48,0.0,904.9,14.5
2025-01-26T17:00,12.9,52,0.0,904.6,13.7
2025-01-26T18:00,11.6,57,0.0,904.8,12.2
2025-01-26T19:00,10.6,62,0.0,905.3,12.6
2025-01-26T20:00,9.7,67,0.0,905.7,12.2
2025-01-26T21:00,8.9,71,0.0,906.0,11.0
2025-01-26T22:00,8.0,77,0.0,905.7,10.1
2025-01-26T23:00,7.3,83,0.0,905.7,7.7
2025-01-27T00:00,6.7,88,0.0,905.5,5.3
2025-01-27T01:00,6.1,92,0.0,905.2,4.7
2025-01-27T02:00,5.3,94,0.0,904.8,3.3
2025-01-27T03:00,4.9,96,0.0,904.4,3.2
2025-01-27T04:00,5.4,97,0.0,904.3,3.1
2025-01-27T05:00,5.0,98,0.0,903.9,0.9
2025-01-27T06:00,4.7,100,0.0,904.2,1.4
2025-01-27T07:00,4.9,100,0.0,905.1,2.3
2025-01-27T08:00,5.2,99,0.0,905.5,5.0
2025-01-27T09:00,6.0,98,0.2,906.0,6.5
2025-01-27T10:00,7.8,91,2.9,906.5,7.0
2025-01-27T11:00,9.6,76,3.8,906.4,8.2
2025-01-27T12:00,10.8,71,0.4,905.5,8.1
2025-01-27T13:00,11.6,64,0.0,904.8,10.2
2025-01-27T14:00,12.4,62,0.3,903.8,7.5
2025-01-27T15:00,12.3,63,0.8,903.8,5.2
2025-01-27T16:00,12.4,61,0.0,904.4,3.6
2025-01-27T17:00,12.1,64,0.0,904.1,5.2
2025-01-27T18:00,10.9,73,0.0,904.0,8.6
2025-01-27T19:00,10.0,78,0.0,904.1,9.7
2025-01-27T20:00,9.2,81,0.0,904.5,7.1
2025-01-27T21:00,8.3,84,0.0,904.3,5.2
2025-01-27T22:00,7.7,85,0.0,904.4,5.2
2025-01-27T23:00,7.1,86,0.0,904.5,4.3
2025-01-28T00:00,6.5,87,0.0,904.3,4.2
2025-01-28T01:00,6.0,89,0.0,904.0,4.3
2025-01-28T02:00,5.6,90,0.0,904.0,3.8
2025-01-28T03:00,5.7,89,0.0,903.9,4.0
2025-01-28T04:00,5.4,93,0.0,904.4,4.3
2025-01-28T05:00,4.9,95,0.0,904.1,3.6
2025-01-28T06:00,4.6,96,0.0,904.0,3.9
2025-01-28T07:00,4.4,97,0.0,904.6,4.7
2025-01-28T08:00,4.7,99,0.0,905.5,7.7
2025-01-28T09:00,6.2,97,0.0,906.7,8.4
2025-01-28T10:00,8.0,87,0.0,907.3,10.7
2025-01-28T11:00,10.9,66,0.0,907.4,12.2
2025-01-28T12:00,12.5,59,0.0,906.7,11.7
2025-01-28T13:00,13.5,54,0.0,906.1,10.1
2025-01-28T14:00,14.2,51,0.0,905.7,8.5
2025-01-28T15:00,14.6,47,0.0,905.6,7.3
2025-01-28T16:00,14.6,44,0.0,905.6,8.1
2025-01-28T17:00,13.9,49,0.0,905.5,6.9
2025-01-28T18:00,12.1,61,0.0,905.0,7.7
2025-01-28T19:00,10.9,67,0.0,905.1,10.0
2025-01-28T20:00,10.1,70,0.0,905.7,11.4
2025-01-28T21:00,9.6,70,0.0,905.7,13.7
2025-01-28T22:00,9.1,71,0.0,905.6,10.6
2025-01-28T23:00,7.9,78,0.0,906.0,9.4
2025-01-29T00:00,7.2,82,0.0,906.0,12.0
2025-01-29T01:00,6.7,87,0.0,905.9,11.8
2025-01-29T02:00,6.3,89,0.0,905.9,10.7
2025-01-29T03:00,6.1,87,0.0,905.8,11.3
2025-01-29T04:00,6.4,83,0.0,906.0,10.4
2025-01-29T05:00,6.2,82,0.0,905.8,9.3
2025-01-29T06:00,5.8,83,0.0,906.1,6.9
2025-01-29T07:00,6.1,80,0.0,906.8,8.0
2025-01-29T08:00,7.2,73,0.0,907.7,11.1
2025-01-29T09:00,8.0,67,0.1,908.2,11.8
2025-01-29T10:00,9.3,59,0.0,909.0,11.9
2025-01-29T11:00,10.5,57,0.0,908.9,12.3
2025-01-29T12:00,10.8,58,0.0,908.3,16.9
2025-01-29T13:00,10.6,59,0.0,907.5,18.2
2025-01-29T14:00,11.2,60,0.0,907.1,18.7
2025-01-29T15:00,10.9,59,0.0,906.7,18.4
2025-01-29T16:00,10.5,63,0.0,907.5,14.7
2025-01-29T17:00,10.2,65,0.0,907.7,12.5
2025-01-29T18:00,9.1,72,0.0,907.8,8.4
2025-01-29T19:00,8.9,75,0.0,908.8,9.9
2025-01-29T20:00,7.6,84,0.0,909.3,6.9
2025-01-29T21:00,6.9,88,0.0,909.8,6.5
2025-01-29T22:00,5.9,93,0.0,909.6,3.6
2025-01-29T23:00,5.3,94,0.0,909.5,1.4
2025-01-30T00:00,4.9,95,0.0,909.4,1.5
2025-01-30T01:00,4.4,95,0.0,909.0,1.7
2025-01-30T02:00,4.3,93,0.0,909.1,0.6
2025-01-30T03:00,4.2,91,0.0,909.0,0.6
2025-01-30T04:00,4.2,93,0.0,909.4,0.7
2025-01-30T05:00,4.0,91,0.0,909.2,0.4
2025-01-30T06:00,3.8,88,0.0,909.5,0.5
2025-01-30T07:00,3.5,87,0.0,910.0,0.6
2025-01-30T08:00,4.6,84,0.0,910.8,1.2
2025-01-30T09:00,7.3,70,0.0,912.3,1.3
2025-01-30T10:00,9.7,57,0.0,913.4,2.7
2025-01-30T11:00,11.6,45,0.0,913.1,6.9
2025-01-30T12:00,12.9,35,0.0,912.3,9.1
2025-01-30T13:00,13.6,32,0.0,911.7,9.3
2025-01-30T14:00,14.1,30,0.0,911.2,9.3
2025-01-30T15:00,14.1,30,0.0,910.8,9.6
2025-01-30T16:00,14.2,30,0.0,910.4,9.8
2025-01-30T17:00,13.4,31,0.0,910.2,9.6
2025-01-30T18:00,11.8,36,0.0,909.9,7.0
2025-01-30T19:00,10.8,40,0.0,910.1,6.9
2025-01-30T20:00,9.5,46,0.0,910.3,7.7
2025-01-30T21:00,7.9,53,0.0,910.0,4.8
2025-01-30T22:00,7.1,58,0.0,909.9,3.3
2025-01-30T23:00,6.7,59,0.0,909.6,2.3
2025-01-31T00:00,6.5,60,0.0,909.4,0.8
2025-01-31T01:00,5.5,61,0.0,908.7,1.5
2025-01-31T02:00,4.5,64,0.0,908.3,3.1
2025-01-31T03:00,3.9,65,0.0,907.8,2.4
2025-01-31T04:00,3.8,67,0.0,907.6,1.9
2025-01-31T05:00,3.3,68,0.0,907.1,3.1
2025-01-31T06:00,2.9,69,0.0,906.8,4.8
2025-01-31T07:00,2.0,73,0.0,907.0,3.8
2025-01-31T08:00,3.6,66,0.0,908.3,4.3
2025-01-31T09:00,7.1,54,0.0,909.7,8.9
2025-01-31T10:00,9.9,45,0.0,910.8,8.4
2025-01-31T11:00,11.8,39,0.0,910.6,9.9
2025-01-31T12:00,13.4,31,0.0,909.8,9.4
2025-01-31T13:00,14.9,26,0.0,908.8,9.6
2025-01-31T14:00,15.9,23,0.0,908.0,9.0
2025-01-31T15:00,16.6,22,0.0,907.6,6.5
2025-01-31T16:00,17.1,18,0.0,907.6,5.1
2025-01-31T17:00,16.5,19,0.0,907.0,5.1
2025-01-31T18:00,14.6,22,0.0,906.1,6.2
2025-01-31T19:00,12.6,27,0.0,906.0,5.1
2025-01-31T20:00,11.1,33,0.0,906.2,1.4
2025-01-31T21:00,9.8,38,0.0,905.7,2.1
2025-01-31T22:00,8.7,43,0.0,905.0,4.3
2025-01-31T23:00,9.1,44,0.0,905.1,10.4
2025-02-01T00:00,8.5,52,0.0,904.4,13.5
2025-02-01T01:00,7.9,56,0.0,904.0,14.1
2025-02-01T02:00,7.8,57,0.0,903.8,12.5
2025-02-01T03:00,7.6,58,0.0,903.3,10.3
2025-02-01T04:00,7.2,59,0.0,903.1,7.7
2025-02-01T05:00,6.8,58,0.0,903.3,7.9
2025-02-01T06:00,6.8,52,0.0,903.8,8.4
2025-02-01T07:00,7.0,47,0.0,904.7,7.7
2025-02-01T08:00,8.4,41,0.0,905.4,9.7
2025-02-01T09:00,11.6,33,0.0,907.0,12.3
2025-02-01T10:00,13.4,30,0.0,908.1,18.2
2025-02-01T11:00,13.6,30,0.0,908.1,18.8
2025-02-01T12:00,14.2,31,0.0,907.6,18.2
2025-02-01T13:00,14.9,32,0.0,907.1,18.4
2025-02-01T14:00,15.2,31,0.0,906.6,18.3
2025-02-01T15:00,15.2,31,0.0,906.4,19.1
2025-02-01T16:00,15.1,31,0.0,906.6,19.2
2025-02-01T17:00,14.1,35,0.0,906.6,19.3
2025-02-01T18:00,12.8,39,0.0,906.4,17.4
2025-02-01T19:00,11.7,43,0.0,906.8,16.6
2025-02-01T20:00,10.7,45,0.0,907.4,16.9
2025-02-01T21:00,9.8,48,0.0,907.5,16.5
2025-02-01T22:00,9.0,53,0.0,907.5,13.7
2025-02-01T23:00,8.2,56,0.0,907.4,13.4
2025-02-02T00:00,7.6,56,0.0,907.1,10.9
2025-02-02T01:00,7.2,56,0.0,907.0,11.3
2025-02-02T02:00,6.6,56,0.0,907.0,10.1
2025-02-02T03:00,6.2,56,0.0,906.9,9.7
2025-02-02T04:00,6.3,52,0.0,907.0,9.7
2025-02-02T05:00,5.8,53,0.0,907.0,11.2
2025-02-02T06:00,5.3,54,0.0,907.3,11.3
2025-02-02T07:00,4.9,56,0.0,908.0,10.0
2025-02-02T08:00,5.7,55,0.0,908.6,9.6
2025-02-02T09:00,7.9,49,0.0,909.8,6.3
2025-02-02T10:00,10.1,41,0.0,910.3,6.9
2025-02-02T11:00,11.6,34,0.0,910.2,10.0
2025-02-02T12:00,12.9,30,0.0,909.6,10.4
2025-02-02T13:00,13.9,27,0.0,909.2,9.7
2025-02-02T14:00,14.6,25,0.0,908.8,8.8
2025-02-02T15:00,14.9,24,0.0,908.7,8.1
2025-02-02T16:00,15.1,23,0.0,908.7,8.3
2025-02-02T17:00,14.3,23,0.0,908.3,7.9
2025-02-02T18:00,12.9,26,0.0,908.3,6.7
2025-02-02T19:00,11.9,28,0.0,908.7,8.2
2025-02-02T20:00,10.6,31,0.0,908.6,5.6
2025-02-02T21:00,9.4,35,0.0,908.4,4.9
2025-02-02T22:00,8.4,38,0.0,908.0,3.3
2025-02-02T23:00,7.7,41,0.0,907.9,1.8
2025-02-03T00:00,6.8,43,0.0,907.8,2.6
2025-02-03T01:00,6.2,45,0.0,907.1,2.9
2025-02-03T02:00,5.7,46,0.0,906.8,3.4
2025-02-03T03:00,5.3,47,0.0,906.4,4.5
2025-02-03T04:00,5.5,49,0.0,906.0,5.6
2025-02-03T05:00,5.4,49,0.0,905.4,8.7
2025-02-03T06:00,5.2,51,0.0,905.4,9.2
2025-02-03T07:00,4.8,54,0.0,905.9,9.6
2025-02-03T08:00,5.7,53,0.0,906.5,12.2
2025-02-03T09:00,8.5,45,0.0,907.9,11.9
2025-02-03T10:00,11.6,37,0.0,908.9,11.2
2025-02-03T11:00,14.1,29,0.0,908.9,12.6
2025-02-03T12:00,16.0,24,0.0,908.2,12.7
2025-02-03T13:00,17.5,19,0.0,907.6,12.1
2025-02-03T14:00,18.5,17,0.0,906.9,11.4
2025-02-03T15:00,19.0,16,0.0,906.7,12.3
2025-02-03T16:00,19.1,14,0.0,906.4,13.2
2025-02-03T17:00,18.4,16,0.0,906.2,13.1
2025-02-03T18:00,16.5,18,0.0,905.5,11.5
2025-02-03T19:00,15.2,20,0.0,905.4,12.3
2025-02-03T20:00,14.0,21,0.0,905.6,12.6
2025-02-03T21:00,12.8,23,0.0,905.5,12.7
2025-02-03T22:00,11.7,24,0.0,905.1,12.8
2025-02-03T23:00,10.9,25,0.0,904.9,13.8
2025-02-04T00:00,10.3,27,0.0,904.3,14.8
2025-02-04T01:00,9.9,28,0.0,903.8,16.0
2025-02-04T02:00,9.7,28,0.0,903.6,15.5
2025-02-04T03:00,9.7,29,0.0,903.3,14.9
2025-02-04T04:00,10.4,29,0.0,903.3,16.7
2025-02-04T05:00,9.9,31,0.0,902.9,18.0
2025-02-04T06:00,9.8,33,0.0,902.7,18.3
2025-02-04T07:00,9.6,34,0.0,903.2,18.1
2025-02-04T08:00,10.9,31,0.0,904.0,18.1
2025-02-04T09:00,14.0,26,0.0,905.6,17.4
2025-02-04T10:00,17.5,21,0.0,906.6,16.2
2025-02-04T11:00,20.6,18,0.0,906.6,18.3
2025-02-04T12:00,22.8,15,0.0,906.1,18.3
2025-02-04T13:00,24.0,12,0.0,905.4,17.0
2025-02-04T14:00,24.5,11,0.0,904.7,16.4
2025-02-04T15:00,24.7,11,0.0,904.4,16.0
2025-02-04T16:00,24.6,10,0.0,904.1,16.0
2025-02-04T17:00,23.6,11,0.0,903.8,15.3
2025-02-04T18:00,21.4,15,0.0,903.0,14.2
2025-02-04T19:00,20.2,16,0.0,903.0,13.2
2025-02-04T20:00,18.3,19,0.0,902.6,11.5
2025-02-04T21:00,16.6,22,0.0,902.2,11.4
2025-02-04T22:00,15.6,24,0.0,901.5,13.6
2025-02-04T23:00,14.8,26,0.0,900.8,13.7
2025-02-05T00:00,14.4,27,0.0,900.6,14.6
2025-02-05T01:00,13.9,28,0.0,900.3,15.9
2025-02-05T02:00,13.4,28,0.0,899.3,14.9
2025-02-05T03:00,14.1,23,0.0,898.8,15.6
2025-02-05T04:00,14.9,21,0.0,898.8,17.0
2025-02-05T05:00,14.9,25,0.0,898.5,18.6
2025-02-05T06:00,15.7,35,0.0,899.0,22.3
2025-02-05T07:00,15.9,43,0.0,899.4,23.8
2025-02-05T08:00,16.7,42,0.0,900.0,23.9
2025-02-05T09:00,18.8,36,0.0,900.9,20.9
2025-02-05T10:00,20.8,33,0.0,901.1,22.5
2025-02-05T11:00,21.8,36,0.0,901.0,28.0
2025-02-05T12:00,22.5,36,0.0,900.5,30.4
2025-02-05T13:00,23.1,33,0.0,899.9,30.7
2025-02-05T14:00,23.5,31,0.0,899.2,29.0
2025-02-05T15:00,23.2,29,0.0,898.9,26.3
2025-02-05T16:00,23.5,35,0.0,898.7,21.7
2025-02-05T17:00,23.0,35,0.0,898.3,18.4
2025-02-05T18:00,21.4,31,0.0,898.0,13.9
2025-02-05T19:00,20.1,17,0.0,898.1,11.9
2025-02-05T20:00,19.2,15,0.0,898.1,7.0
2025-02-05T21:00,18.5,16,0.0,897.9,4.5
2025-02-05T22:00,16.6,18,0.0,897.4,5.5
2025-02-05T23:00,15.2,20,0.0,897.4,6.1
2025-02-06T00:00,13.4,23,0.0,896.6,4.4
2025-02-06T01:00,12.6,24,0.0,896.3,4.3
2025-02-06T02:00,12.5,24,0.0,896.2,6.1
2025-02-06T03:00,12.8,27,0.0,896.3,12.2
2025-02-06T04:00,10.4,32,0.0,896.0,5.5
2025-02-06T05:00,9.6,35,0.0,896.0,8.1
2025-02-06T06:00,8.8,38,0.0,896.1,6.9
2025-02-06T07:00,7.7,41,0.0,896.6,6.3
2025-02-06T08:00,7.8,42,0.0,896.7,6.9
2025-02-06T09:00,11.4,34,0.0,898.2,6.6
2025-02-06T10:00,13.1,37,0.0,899.0,7.9
2025-02-06T11:00,14.5,36,0.0,898.7,13.0
2025-02-06T12:00,15.4,33,0.0,898.2,15.9
2025-02-06T13:00,16.6,29,0.0,897.5,16.8
2025-02-06T14:00,17.4,26,0.0,897.1,17.9
2025-02-06T15:00,17.4,27,0.0,897.0,18.1
2025-02-06T16:00,18.2,24,0.0,897.8,18.7
2025-02-06T17:00,17.8,22,0.0,897.8,17.8
2025-02-06T18:00,16.1,24,0.0,897.9,15.1
2025-02-06T19:00,14.8,27,0.0,898.5,13.0
2025-02-06T20:00,13.4,33,0.0,899.1,13.6
2025-02-06T21:00,12.0,37,0.0,899.5,15.9
2025-02-06T22:00,10.4,38,0.0,899.8,13.1
2025-02-06T23:00,9.9,39,0.0,900.1,13.9
2025-02-07T00:00,9.1,42,0.0,900.7,15.1
2025-02-07T01:00,7.7,48,0.0,901.1,11.9
2025-02-07T02:00,6.9,53,0.0,901.3,9.8
2025-02-07T03:00,6.2,57,0.0,901.4,9.4
2025-02-07T04:00,6.2,56,0.0,901.8,6.5
2025-02-07T05:00,5.6,60,0.0,902.0,5.8
2025-02-07T06:00,5.1,64,0.0,902.4,5.7
2025-02-07T07:00,4.6,68,0.0,903.0,6.2
2025-02-07T08:00,5.3,65,0.0,904.2,8.6
2025-02-07T09:00,6.9,58,0.0,905.3,10.2
2025-02-07T10:00,8.1,49,0.0,905.7,11.2
2025-02-07T11:00,9.4,43,0.0,905.7,12.2
2025-02-07T12:00,10.7,38,0.0,905.0,12.5
2025-02-07T13:00,11.8,34,0.0,904.2,13.0
2025-02-07T14:00,12.6,32,0.0,903.6,13.1
2025-02-07T15:00,12.9,30,0.0,903.2,12.8
2025-02-07T16:00,12.4,31,0.0,903.0,12.1
2025-02-07T17:00,11.9,32,0.0,903.1,10.9
2025-02-07T18:00,10.6,35,0.0,903.0,9.7
2025-02-07T19:00,9.6,38,0.0,903.1,9.3
2025-02-07T20:00,8.7,40,0.0,903.4,7.7
2025-02-07T21:00,7.7,43,0.0,903.2,4.8
2025-02-07T22:00,6.6,46,0.0,902.9,4.2
2025-02-07T23:00,5.8,49,0.0,902.7,3.6
2025-02-08T00:00,5.3,51,0.0,902.5,1.7
2025-02-08T01:00,4.8,52,0.0,902.1,0.9
2025-02-08T02:00,4.3,54,0.0,901.8,1.0
2025-02-08T03:00,3.7,56,0.0,901.2,1.6
2025-02-08T04:00,3.8,55,0.0,901.1,2.4
2025-02-08T05:00,3.5,56,0.0,901.0,2.7
2025-02-08T06:00,3.1,57,0.0,901.3,3.6
2025-02-08T07:00,3.0,56,0.0,901.9,5.4
2025-02-08T08:00,4.2,51,0.0,902.6,8.4
2025-02-08T09:00,8.0,39,0.0,904.4,6.1
2025-02-08T10:00,10.9,33,0.0,904.8,5.6
2025-02-08T11:00,12.9,28,0.0,904.5,4.8
2025-02-08T12:00,14.4,25,0.0,903.8,7.1
2025-02-08T13:00,15.2,24,0.0,903.1,10.2
2025-02-08T14:00,15.4,24,0.0,902.4,12.3
2025-02-08T15:00,14.9,25,0.0,902.2,14.5
2025-02-08T16:00,13.8,29,0.0,902.4,16.9
2025-02-08T17:00,12.4,34,0.0,902.2,16.5
2025-02-08T18:00,11.2,40,0.0,902.2,14.6
2025-02-08T19:00,10.4,44,0.0,902.8,13.6
2025-02-08T20:00,9.6,46,0.0,903.6,13.2
2025-02-08T21:00,8.1,52,0.0,904.2,16.4
2025-02-08T22:00,6.8,55,0.0,904.3,12.9
2025-02-08T23:00,5.9,57,0.0,904.5,12.3
2025-02-09T00:00,5.1,57,0.0,904.2,12.1
2025-02-09T01:00,4.6,54,0.0,903.9,11.7
2025-02-09T02:00,4.1,52,0.0,903.8,10.8
2025-02-09T03:00,3.7,51,0.0,903.3,9.6
2025-02-09T04:00,3.6,48,0.0,903.6,6.5
2025-02-09T05:00,3.0,49,0.0,903.4,5.7
2025-02-09T06:00,2.2,51,0.0,903.7,4.8
2025-02-09T07:00,1.6,54,0.0,903.9,3.3
2025-02-09T08:00,3.3,47,0.0,904.9,2.8
2025-02-09T09:00,5.6,40,0.0,906.1,0.8
2025-02-09T10:00,7.6,35,0.0,906.4,3.8
2025-02-09T11:00,9.4,30,0.0,906.4,5.4
2025-02-09T12:00,11.1,25,0.0,905.6,5.6
2025-02-09T13:00,12.4,22,0.0,904.5,5.6
2025-02-09T14:00,13.5,21,0.0,903.8,6.5
2025-02-09T15:00,14.2,22,0.0,903.4,8.7
2025-02-09T16:00,14.8,21,0.0,903.2,9.3
2025-02-09T17:00,15.1,23,0.0,903.0,7.7
2025-02-09T18:00,13.4,29,0.0,902.3,2.8
2025-02-09T19:00,12.1,34,0.0,902.5,0.3
2025-02-09T20:00,10.8,32,0.0,903.1,6.2
2025-02-09T21:00,9.4,31,0.0,903.1,7.5
2025-02-09T22:00,8.2,33,0.0,902.9,6.5
2025-02-09T23:00,6.9,35,0.0,902.2,4.1
2025-02-10T00:00,6.1,38,0.0,901.6,0.9
2025-02-10T01:00,5.7,39,0.0,900.9,1.3
2025-02-10T02:00,5.8,39,0.0,900.5,4.9
2025-02-10T03:00,6.3,43,0.0,900.3,10.3
2025-02-10T04:00,7.0,43,0.0,900.1,13.3
2025-02-10T05:00,6.8,45,0.0,900.0,14.8
2025-02-10T06:00,6.8,45,0.0,900.0,15.0
2025-02-10T07:00,6.7,46,0.0,900.4,14.8
2025-02-10T08:00,7.8,43,0.0,901.3,13.9
2025-02-10T09:00,10.2,37,0.0,902.4,10.7
2025-02-10T10:00,13.4,30,0.0,902.9,9.7
2025-02-10T11:00,16.5,24,0.0,903.1,8.3
2025-02-10T12:00,18.5,21,0.0,902.6,6.8
2025-02-10T13:00,19.8,18,0.0,901.9,8.8
2025-02-10T14:00,19.8,17,0.0,901.5,11.3
2025-02-10T15:00,19.2,18,0.0,901.6,9.9
2025-02-10T16:00,18.0,20,0.0,901.9,11.7
2025-02-10T17:00,16.3,23,0.0,901.8,18.1
2025-02-10T18:00,14.4,26,0.0,901.6,18.7
2025-02-10T19:00,13.6,28,0.0,902.0,15.3
2025-02-10T20:00,12.5,30,0.0,902.4,11.8
2025-02-10T21:00,11.1,33,0.0,902.5,7.8
2025-02-10T22:00,10.1,36,0.0,902.3,7.3
2025-02-10T23:00,9.3,39,0.0,902.3,5.4
2025-02-11T00:00,8.4,41,0.0,902.4,4.7
2025-02-11T01:00,7.3,45,0.0,902.0,2.7
2025-02-11T02:00,7.3,47,0.0,902.0,0.6
2025-02-11T03:00,6.8,48,0.0,901.5,0.8
2025-02-11T04:00,6.8,43,0.0,901.6,0.6
2025-02-11T05:00,6.7,47,0.0,901.4,0.4
2025-02-11T06:00,5.8,48,0.0,901.6,2.6
2025-02-11T07:00,5.3,50,0.0,901.9,2.7
2025-02-11T08:00,6.2,46,0.0,903.3,4.2
2025-02-11T09:00,7.9,43,0.0,904.3,2.3
2025-02-11T10:00,10.2,39,0.0,904.8,5.4
2025-02-11T11:00,12.6,37,0.0,904.3,6.1
2025-02-11T12:00,14.9,33,0.0,903.7,8.5
2025-02-11T13:00,16.5,31,0.0,903.1,9.6
2025-02-11T14:00,17.9,28,0.0,902.6,10.3
2025-02-11T15:00,18.3,28,0.0,902.4,10.5
2025-02-11T16:00,17.6,28,0.0,902.7,13.0
2025-02-11T17:00,17.1,29,0.0,902.3,14.3
2025-02-11T18:00,15.8,34,0.0,901.9,14.4
2025-02-11T19:00,14.4,39,0.0,902.2,14.4
2025-02-11T20:00,13.4,42,0.0,902.7,13.4
2025-02-11T21:00,12.3,47,0.0,902.5,11.5
2025-02-11T22:00,11.3,54,0.0,902.1,11.8
2025-02-11T23:00,10.4,62,0.0,901.9,8.2
2025-02-12T00:00,9.6,68,0.0,901.6,4.3
2025-02-12T01:00,9.1,71,0.0,901.1,6.0
2025-02-12T02:00,8.1,77,0.0,900.8,3.6
2025-02-12T03:00,8.1,77,0.5,900.2,6.4
2025-02-12T04:00,9.2,73,1.1,900.2,11.6
2025-02-12T05:00,9.4,70,0.0,900.2,11.9
2025-02-12T06:00,9.2,73,0.0,900.3,10.0
2025-02-12T07:00,9.1,77,0.0,900.5,12.2
2025-02-12T08:00,11.0,67,0.0,901.6,13.9
2025-02-12T09:00,14.7,53,0.0,903.2,11.5
2025-02-12T10:00,18.0,38,0.0,904.2,13.2
2025-02-12T11:00,20.1,25,0.0,904.3,14.5
2025-02-12T12:00,21.4,23,0.0,903.8,14.8
2025-02-12T13:00,22.3,18,0.0,903.1,14.9
2025-02-12T14:00,22.2,14,0.0,902.8,16.3
2025-02-12T15:00,21.1,10,0.0,902.4,18.1
2025-02-12T16:00,19.2,32,0.0,902.8,13.0
2025-02-12T17:00,18.1,34,0.0,903.3,13.5
2025-02-12T18:00,16.5,40,0.0,903.5,14.1
2025-02-12T19:00,14.9,47,0.0,903.8,13.4
2025-02-12T20:00,14.1,51,0.0,904.7,14.4
2025-02-12T21:00,13.2,55,0.0,904.9,11.1
2025-02-12T22:00,12.4,60,0.0,905.0,10.3
2025-02-12T23:00,11.4,65,0.0,905.1,11.4
2025-02-13T00:00,10.6,69,0.0,904.9,9.1
2025-02-13T01:00,9.9,70,0.0,904.7,6.9
2025-02-13T02:00,9.2,72,0.0,904.3,6.5
2025-02-13T03:00,8.7,74,0.0,904.0,5.1
2025-02-13T04:00,8.9,64,0.0,904.7,3.6
2025-02-13T05:00,8.2,67,0.0,904.5,3.0
2025-02-13T06:00,8.1,68,0.0,904.9,1.6
2025-02-13T07:00,7.8,70,0.0,905.4,0.8
2025-02-13T08:00,8.9,65,0.0,906.1,2.3
2025-02-13T09:00,10.6,61,0.0,907.1,2.2
2025-02-13T10:00,12.8,54,0.0,907.8,5.1
2025-02-13T11:00,14.6,40,0.0,907.9,7.9
2025-02-13T12:00,15.6,30,0.0,907.6,10.5
2025-02-13T13:00,16.4,25,0.0,906.8,11.2
2025-02-13T14:00,16.6,24,0.0,906.1,11.9
2025-02-13T15:00,17.0,23,0.0,905.9,11.0
2025-02-13T16:00,17.2,22,0.0,906.4,12.4
2025-02-13T17:00,16.5,24,0.0,906.4,11.4
2025-02-13T18:00,15.4,26,0.0,906.3,8.6
2025-02-13T19:00,14.1,29,0.0,906.1,9.9
2025-02-13T20:00,12.9,33,0.0,906.2,9.9
2025-02-13T21:00,12.0,38,0.0,906.2,9.5
2025-02-13T22:00,11.2,43,0.0,906.0,9.2
2025-02-13T23:00,10.4,51,0.0,905.7,7.9
2025-02-14T00:00,9.6,59,0.0,905.6,7.8
2025-02-14T01:00,9.1,63,0.0,905.2,8.2
2025-02-14T02:00,8.6,66,0.0,905.0,9.6
2025-02-14T03:00,8.1,73,0.0,904.5,9.6
2025-02-14T04:00,7.3,54,0.0,904.6,10.3
2025-02-14T05:00,6.8,61,0.0,904.4,10.7
2025-02-14T06:00,6.7,68,0.0,904.4,8.7
2025-02-14T07:00,6.3,73,0.0,904.9,6.9
2025-02-14T08:00,7.7,67,0.0,905.7,7.3
2025-02-14T09:00,11.2,54,0.0,907.6,4.7
2025-02-14T10:00,13.9,44,0.0,908.6,2.8
2025-02-14T11:00,16.0,34,0.0,908.4,5.7
2025-02-14T12:00,17.6,28,0.0,908.0,9.0
2025-02-14T13:00,18.7,27,0.0,907.4,10.7
2025-02-14T14:00,19.2,29,0.0,906.6,11.6
2025-02-14T15:00,19.2,29,0.0,906.5,12.7
2025-02-14T16:00,18.2,34,0.0,906.3,16.2
2025-02-14T17:00,17.5,35,0.0,905.8,17.6
2025-02-14T18:00,16.3,38,0.0,905.7,17.8
2025-02-14T19:00,15.4,40,0.0,905.5,20.2
2025-02-14T20:00,14.4,41,0.0,906.2,19.5
2025-02-14T21:00,12.9,58,0.0,906.3,19.4
2025-02-14T22:00,11.9,64,0.0,906.1,18.9
2025-02-14T23:00,11.2,68,0.0,906.0,18.4
2025-02-15T00:00,10.8,74,0.0,905.8,15.0
2025-02-15T01:00,10.8,75,0.0,905.4,13.4
2025-02-15T02:00,10.8,71,0.0,904.8,14.7
2025-02-15T03:00,10.0,72,0.0,904.3,14.7
2025-02-15T04:00,9.1,69,0.8,904.6,13.5
2025-02-15T05:00,8.5,79,1.6,904.3,8.1
2025-02-15T06:00,8.8,81,0.5,904.3,8.0
2025-02-15T07:00,8.6,85,2.0,904.8,8.9
2025-02-15T08:00,8.5,83,0.1,905.1,13.1
2025-02-15T09:00,8.8,78,0.0,905.3,16.8
2025-02-15T10:00,9.4,76,0.0,905.5,19.6
2025-02-15T11:00,10.2,74,0.0,905.1,22.7
2025-02-15T12:00,10.6,73,0.0,904.5,20.6
2025-02-15T13:00,10.6,74,0.1,903.7,19.4
2025-02-15T14:00,11.2,74,0.0,902.7,18.9
2025-02-15T15:00,11.4,73,0.0,902.4,17.4
2025-02-15T16:00,10.4,74,0.2,903.0,16.8
2025-02-15T17:00,9.9,78,0.0,902.7,19.7
2025-02-15T18:00,9.6,82,0.0,902.6,18.6
2025-02-15T19:00,9.4,83,0.0,902.6,16.9
2025-02-15T20:00,9.1,85,0.0,902.8,15.5
2025-02-15T21:00,8.9,86,0.0,902.7,15.4
2025-02-15T22:00,8.9,88,0.0,902.7,15.8
2025-02-15T23:00,9.0,89,0.0,902.5,13.8
2025-02-16T00:00,9.1,89,0.0,902.1,11.8
2025-02-16T01:00,9.2,90,0.0,901.6,9.6
2025-02-16T02:00,9.6,89,0.0,901.1,12.5
2025-02-16T03:00,10.1,89,0.0,900.2,11.7
2025-02-16T04:00,9.6,92,0.0,900.4,9.0
2025-02-16T05:00,10.1,91,0.0,899.9,11.0
2025-02-16T06:00,10.1,94,0.0,899.7,12.2
2025-02-16T07:00,9.6,96,0.0,899.9,12.9
2025-02-16T08:00,10.9,92,0.0,900.2,14.7
2025-02-16T09:00,14.1,73,0.0,901.2,19.9
2025-02-16T10:00,15.6,61,0.0,901.7,19.5
2025-02-16T11:00,17.5,38,0.0,901.9,18.2
2025-02-16T12:00,18.5,25,0.0,901.4,18.1
2025-02-16T13:00,19.1,17,0.0,900.6,18.8
2025-02-16T14:00,19.2,15,0.0,900.1,19.1
2025-02-16T15:00,19.0,15,0.0,899.9,18.7
2025-02-16T16:00,18.5,15,0.0,900.5,17.3
2025-02-16T17:00,17.5,15,0.0,900.8,17.6
2025-02-16T18:00,15.7,19,0.0,900.8,13.9
2025-02-16T19:00,14.4,21,0.0,901.2,12.7
2025-02-16T20:00,13.4,23,0.0,901.6,11.3
2025-02-16T21:00,12.6,26,0.0,901.6,8.5
2025-02-16T22:00,11.8,31,0.0,901.2,8.2
2025-02-16T23:00,10.9,33,0.0,901.5,16.3
2025-02-17T00:00,9.1,58,0.0,901.8,12.4
2025-02-17T01:00,8.1,78,0.0,902.2,9.7
2025-02-17T02:00,7.4,93,0.0,902.3,10.0
2025-02-17T03:00,7.6,100,0.0,902.7,9.1
2025-02-17T04:00,8.5,99,0.0,903.2,7.2
2025-02-17T05:00,7.9,99,0.0,903.5,5.6
2025-02-17T06:00,7.5,99,0.0,904.1,5.0
2025-02-17T07:00,7.0,100,0.0,904.8,3.4
2025-02-17T08:00,7.2,98,0.0,905.6,3.9
2025-02-17T09:00,8.0,88,0.0,906.5,4.8
2025-02-17T10:00,10.6,69,0.0,907.0,6.3
2025-02-17T11:00,13.2,53,0.0,906.9,6.2
2025-02-17T12:00,15.6,39,0.0,906.6,9.0
2025-02-17T13:00,17.1,30,0.0,906.1,10.2
2025-02-17T14:00,18.0,26,0.0,905.5,9.6
2025-02-17T15:00,18.4,25,0.0,905.2,9.1
2025-02-17T16:00,17.9,29,0.0,905.3,13.0
2025-02-17T17:00,17.1,30,0.0,905.2,13.5
2025-02-17T18:00,15.9,35,0.0,905.3,16.3
2025-02-17T19:00,14.4,45,0.0,905.5,17.7
2025-02-17T20:00,13.2,55,0.0,906.0,17.9
2025-02-17T21:00,12.6,57,0.0,906.1,17.8
2025-02-17T22:00,11.7,63,0.0,905.9,18.4
2025-02-17T23:00,10.8,74,0.0,905.7,17.0
2025-02-18T00:00,10.0,83,0.0,905.5,13.9
2025-02-18T01:00,9.4,90,0.0,905.3,11.4
2025-02-18T02:00,8.9,94,0.0,905.2,9.8
2025-02-18T03:00,8.4,95,0.0,905.0,9.4
2025-02-18T04:00,8.1,92,0.0,905.0,8.1
2025-02-18T05:00,7.7,94,0.0,905.2,8.9
2025-02-18T06:00,7.4,95,0.0,905.3,10.6
2025-02-18T07:00,7.1,96,0.0,905.9,12.1
2025-02-18T08:00,8.1,94,0.0,906.8,12.0
2025-02-18T09:00,10.2,82,0.0,907.6,13.3
2025-02-18T10:00,12.4,72,0.0,907.8,11.9
2025-02-18T11:00,14.7,62,0.0,908.0,10.9
2025-02-18T12:00,17.0,54,0.0,907.6,11.7
2025-02-18T13:00,18.7,45,0.0,907.0,11.8
2025-02-18T14:00,19.9,37,0.0,906.2,10.1
2025-02-18T15:00,20.2,33,0.0,905.6,11.2
2025-02-18T16:00,20.0,31,0.0,905.7,10.1
2025-02-18T17:00,19.9,29,0.0,905.5,8.5
2025-02-18T18:00,18.9,32,0.0,905.5,8.0
2025-02-18T19:00,17.2,42,0.0,905.7,17.8
2025-02-18T20:00,15.5,57,0.0,905.9,19.3
2025-02-18T21:00,14.2,68,0.0,906.3,18.6
2025-02-18T22:00,13.2,74,0.0,906.4,14.7
2025-02-18T23:00,12.6,77,0.0,906.3,13.9
2025-02-19T00:00,12.1,81,0.0,905.8,13.2
2025-02-19T01:00,11.1,87,0.0,905.3,13.7
2025-02-19T02:00,10.2,93,0.0,905.0,12.8
2025-02-19T03:00,10.1,94,0.0,904.7,13.7
2025-02-19T04:00,9.6,92,0.0,904.6,12.5
2025-02-19T05:00,9.5,92,0.0,904.2,13.2
2025-02-19T06:00,9.4,91,0.0,904.2,13.5
2025-02-19T07:00,9.5,89,0.0,904.2,14.2
2025-02-19T08:00,10.8,81,0.0,904.8,15.5
2025-02-19T09:00,13.1,69,0.0,905.5,14.4
2025-02-19T10:00,15.6,59,0.0,905.6,16.5
2025-02-19T11:00,16.9,56,0.0,905.3,18.0
2025-02-19T12:00,18.7,53,0.0,904.4,23.4
2025-02-19T13:00,18.8,53,0.0,902.7,21.8
2025-02-19T14:00,20.1,48,0.0,902.0,25.6
2025-02-19T15:00,20.7,47,0.0,901.2,24.6
2025-02-19T16:00,21.5,42,0.0,900.6,16.5
2025-02-19T17:00,20.4,44,0.0,900.3,19.7
2025-02-19T18:00,16.6,65,1.8,899.9,8.5
2025-02-19T19:00,15.4,76,1.2,899.8,3.1
2025-02-19T20:00,14.8,83,0.0,898.8,7.5
2025-02-19T21:00,13.6,87,0.0,898.9,6.5
2025-02-19T22:00,13.2,86,0.1,899.0,0.7
2025-02-19T23:00,12.4,90,0.0,898.7,4.5
2025-02-20T00:00,11.6,94,0.0,897.5,5.8
2025-02-20T01:00,10.9,96,0.0,896.7,11.7
2025-02-20T02:00,11.4,81,0.0,896.3,14.7
2025-02-20T03:00,12.2,30,0.0,896.4,23.6
2025-02-20T04:00,11.2,42,0.0,896.1,21.4
2025-02-20T05:00,10.8,41,0.0,896.5,27.0
2025-02-20T06:00,10.1,51,0.0,897.1,24.2
2025-02-20T07:00,9.6,53,0.0,898.0,20.6
2025-02-20T08:00,10.3,50,0.0,899.1,21.0
2025-02-20T09:00,11.6,47,0.0,900.4,20.8
2025-02-20T10:00,12.8,45,0.0,900.9,22.8
2025-02-20T11:00,14.0,44,0.0,901.4,22.4
2025-02-20T12:00,14.9,42,0.0,901.2,22.9
2025-02-20T13:00,15.8,43,0.0,901.0,22.3
2025-02-20T14:00,16.5,37,0.0,900.6,22.3
2025-02-20T15:00,16.7,34,0.0,900.7,21.8
2025-02-20T16:00,17.0,29,0.0,901.3,19.5
2025-02-20T17:00,16.4,31,0.0,901.7,18.5
2025-02-20T18:00,14.9,37,0.0,902.0,14.0
2025-02-20T19:00,13.6,42,0.0,902.4,12.2
2025-02-20T20:00,12.9,45,0.0,902.9,9.6
2025-02-20T21:00,12.1,49,0.0,902.8,7.1
2025-02-20T22:00,11.1,54,0.0,902.6,5.6
2025-02-20T23:00,9.8,61,0.0,902.3,3.8
2025-02-21T00:00,9.1,64,0.0,902.0,5.2
2025-02-21T01:00,7.9,69,0.0,901.4,8.2
2025-02-21T02:00,7.8,69,0.0,901.1,9.3
2025-02-21T03:00,7.7,69,0.0,900.8,9.4
2025-02-21T04:00,8.3,62,0.0,901.0,9.1
2025-02-21T05:00,8.0,62,0.0,901.2,8.5
2025-02-21T06:00,7.3,64,0.0,901.3,4.4
2025-02-21T07:00,7.0,64,0.0,902.4,5.8
2025-02-21T08:00,9.1,57,0.0,904.0,8.0
2025-02-21T09:00,11.6,50,0.0,905.5,8.6
2025-02-21T10:00,13.1,47,0.0,905.9,8.0
2025-02-21T11:00,14.6,42,0.0,905.9,6.8
2025-02-21T12:00,16.2,37,0.0,905.4,5.5
2025-02-21T13:00,17.8,31,0.0,904.6,7.3
2025-02-21T14:00,20.4,21,0.0,903.8,9.9
2025-02-21T15:00,20.9,18,0.0,903.3,22.0
2025-02-21T16:00,20.5,19,0.0,903.5,21.9
2025-02-21T17:00,20.2,19,0.0,903.1,16.3
2025-02-21T18:00,19.3,20,0.0,902.7,16.6
2025-02-21T19:00,17.8,24,0.0,902.2,11.8
2025-02-21T20:00,15.8,29,0.0,902.4,7.2
2025-02-21T21:00,14.1,40,0.0,902.2,7.1
2025-02-21T22:00,13.0,45,0.0,901.3,0.4
2025-02-21T23:00,12.7,44,0.0,901.1,7.5
2025-02-22T00:00,11.9,42,0.0,900.4,11.0
2025-02-22T01:00,11.8,40,0.0,900.0,11.6
2025-02-22T02:00,12.1,38,0.0,900.0,13.1
2025-02-22T03:00,11.9,37,0.0,899.9,16.6
2025-02-22T04:00,11.1,38,0.0,899.7,11.7
2025-02-22T05:00,10.8,36,0.0,899.7,9.3
2025-02-22T06:00,9.7,39,0.0,899.8,5.8
2025-02-22T07:00,8.4,44,0.0,900.2,4.3
2025-02-22T08:00,9.8,42,0.0,901.3,7.3
2025-02-22T09:00,11.9,39,0.0,902.7,8.9
2025-02-22T10:00,12.9,39,0.0,903.0,13.3
2025-02-22T11:00,13.6,39,0.0,903.0,14.0
2025-02-22T12:00,14.9,36,0.0,903.1,13.7
2025-02-22T13:00,16.2,32,0.0,902.6,13.1
2025-02-22T14:00,16.9,30,0.0,902.2,13.3
2025-02-22T15:00,17.1,29,0.0,902.1,13.0
2025-02-22T16:00,17.2,28,0.0,902.5,10.5
2025-02-22T17:00,16.5,29,0.0,902.5,10.1
2025-02-22T18:00,14.9,33,0.0,902.5,11.3
2025-02-22T19:00,13.5,38,0.0,902.6,10.9
2025-02-22T20:00,12.5,41,0.0,903.2,10.9
2025-02-22T21:00,11.6,44,0.0,903.3,9.7
2025-02-22T22:00,10.8,46,0.0,903.1,8.8
2025-02-22T23:00,10.0,49,0.0,902.8,6.2
2025-02-23T00:00,9.0,52,0.0,902.4,4.2
2025-02-23T01:00,8.6,53,0.0,902.2,3.6
2025-02-23T02:00,8.1,55,0.0,902.1,2.6
2025-02-23T03:00,7.7,57,0.0,901.9,1.9
2025-02-23T04:00,8.2,52,0.0,902.3,2.3
2025-02-23T05:00,8.0,53,0.0,902.5,0.8
2025-02-23T06:00,7.9,60,0.0,902.9,0.0
2025-02-23T07:00,7.7,55,0.0,903.5,0.6
2025-02-23T08:00,8.9,50,0.0,904.7,0.4
2025-02-23T09:00,10.2,44,0.0,905.8,5.2
2025-02-23T10:00,11.8,38,0.0,906.2,8.7
2025-02-23T11:00,12.9,34,0.0,906.0,11.5
2025-02-23T12:00,13.4,31,0.0,905.7,13.5
2025-02-23T13:00,13.9,30,0.0,905.1,11.5
2025-02-23T14:00,14.6,30,0.0,904.7,10.4
2025-02-23T15:00,15.2,30,0.0,904.3,10.1
2025-02-23T16:00,14.9,32,0.0,904.7,10.3
2025-02-23T17:00,14.1,34,0.0,904.5,11.4
2025-02-23T18:00,13.2,36,0.0,904.3,10.6
2025-02-23T19:00,12.4,39,0.0,904.2,12.1
2025-02-23T20:00,11.5,42,0.0,904.8,9.7
2025-02-23T21:00,10.6,44,0.0,904.8,10.5
2025-02-23T22:00,9.6,47,0.0,904.9,9.8
2025-02-23T23:00,8.9,48,0.0,904.8,9.8
2025-02-24T00:00,9.0,46,0.0,905.0,9.5
2025-02-24T01:00,8.5,46,0.0,904.8,8.8
2025-02-24T02:00,8.0,47,0.0,904.4,7.6
2025-02-24T03:00,7.6,47,0.0,904.1,6.3
2025-02-24T04:00,7.6,44,0.0,904.2,5.6
2025-02-24T05:00,6.8,46,0.0,904.1,5.8
2025-02-24T06:00,5.9,48,0.0,904.2,5.4
2025-02-24T07:00,4.9,51,0.0,904.5,3.4
2025-02-24T08:00,6.3,45,0.0,905.8,3.1
2025-02-24T09:00,8.1,41,0.0,906.6,5.2
2025-02-24T10:00,10.2,39,0.0,906.5,7.4
2025-02-24T11:00,12.3,37,0.0,906.2,7.8
2025-02-24T12:00,14.1,34,0.0,905.6,5.2
2025-02-24T13:00,15.8,31,0.0,905.0,1.8
2025-02-24T14:00,16.8,28,0.0,904.4,7.1
2025-02-24T15:00,15.6,30,0.0,904.5,18.3
2025-02-24T16:00,13.5,28,0.0,905.6,18.3
2025-02-24T17:00,11.7,32,0.0,905.6,20.9
2025-02-24T18:00,10.4,35,0.0,906.0,20.8
2025-02-24T19:00,9.2,37,0.0,906.7,18.7
2025-02-24T20:00,8.2,40,0.0,907.7,17.6
2025-02-24T21:00,7.7,41,0.0,908.3,16.0
2025-02-24T22:00,6.8,43,0.0,908.4,14.6
2025-02-24T23:00,6.1,43,0.0,908.4,14.7
2025-02-25T00:00,5.3,36,0.0,908.5,16.7
2025-02-25T01:00,4.4,28,0.0,908.4,16.3
2025-02-25T02:00,3.5,28,0.0,908.6,15.4
2025-02-25T03:00,2.3,32,0.0,908.3,12.2
2025-02-25T04:00,1.9,40,0.0,908.6,9.0
2025-02-25T05:00,1.0,41,0.0,908.8,8.7
2025-02-25T06:00,0.3,40,0.0,909.4,7.4
2025-02-25T07:00,-0.2,40,0.0,910.0,5.7
2025-02-25T08:00,0.9,37,0.0,911.2,5.8
2025-02-25T09:00,2.8,32,0.0,911.8,9.2
2025-02-25T10:00,5.0,30,0.0,912.1,13.6
2025-02-25T11:00,6.9,29,0.0,911.7,15.1
2025-02-25T12:00,8.5,26,0.0,911.2,15.0
2025-02-25T13:00,9.8,23,0.0,910.0,15.0
2025-02-25T14:00,10.6,21,0.0,908.8,15.2
2025-02-25T15:00,11.1,20,0.0,908.4,15.0
2025-02-25T16:00,11.0,18,0.0,908.6,14.0
2025-02-25T17:00,10.3,19,0.0,907.9,15.0
2025-02-25T18:00,9.4,21,0.0,907.4,16.3
2025-02-25T19:00,8.9,22,0.0,907.6,16.2
2025-02-25T20:00,8.2,23,0.0,908.0,16.7
2025-02-25T21:00,7.4,25,0.0,908.1,16.7
2025-02-25T22:00,6.9,26,0.0,908.2,15.8
2025-02-25T23:00,6.2,27,0.0,907.7,15.8
2025-02-26T00:00,5.9,28,0.0,907.2,16.1
2025-02-26T01:00,5.6,29,0.0,906.7,14.9
2025-02-26T02:00,5.3,30,0.0,906.4,14.0
2025-02-26T03:00,4.9,32,0.0,905.8,16.1
2025-02-26T04:00,5.3,32,0.0,905.6,19.6
2025-02-26T05:00,5.2,34,0.0,905.6,20.9
2025-02-26T06:00,5.2,34,0.0,905.7,21.3
2025-02-26T07:00,5.2,35,0.0,905.8,21.2
2025-02-26T08:00,6.1,32,0.0,906.3,19.5
2025-02-26T09:00,7.9,28,0.0,906.8,19.8
2025-02-26T10:00,10.4,24,0.0,906.9,19.7
2025-02-26T11:00,12.6,22,0.0,906.5,19.6
2025-02-26T12:00,14.1,21,0.0,906.1,18.0
2025-02-26T13:00,14.9,21,0.0,905.4,17.0
2025-02-26T14:00,15.4,21,0.0,905.0,15.3
2025-02-26T15:00,16.1,22,0.0,904.5,11.4
2025-02-26T16:00,17.5,20,0.0,905.1,8.3
2025-02-26T17:00,16.8,21,0.0,904.9,8.5
2025-02-26T18:00,15.9,22,0.0,904.9,7.1
2025-02-26T19:00,15.4,23,0.0,904.9,8.2
2025-02-26T20:00,14.4,25,0.0,905.6,8.1
2025-02-26T21:00,13.6,26,0.0,905.6,7.0
2025-02-26T22:00,12.6,29,0.0,905.4,2.2
2025-02-26T23:00,11.9,31,0.0,905.1,1.9
2025-02-27T00:00,12.1,30,0.0,905.1,5.9
2025-02-27T01:00,11.6,33,0.0,905.0,12.2
2025-02-27T02:00,11.1,36,0.0,904.6,10.2
2025-02-27T03:00,10.1,39,0.0,904.1,5.4
2025-02-27T04:00,9.9,43,0.0,904.4,10.2
2025-02-27T05:00,9.2,50,0.0,904.7,9.3
2025-02-27T06:00,8.6,55,0.0,904.9,12.9
2025-02-27T07:00,7.9,60,0.0,905.3,11.1
2025-02-27T08:00,9.4,56,0.0,905.9,7.5
2025-02-27T09:00,12.2,49,0.0,907.5,4.3
2025-02-27T10:00,13.4,46,0.0,908.1,6.1
2025-02-27T11:00,14.1,42,0.0,908.0,10.6
2025-02-27T12:00,15.5,34,0.0,907.7,12.6
2025-02-27T13:00,16.5,28,0.0,906.7,12.4
2025-02-27T14:00,17.2,25,0.0,906.5,10.6
2025-02-27T15:00,17.5,25,0.0,906.1,9.7
2025-02-27T16:00,16.4,27,0.0,906.4,13.9
2025-02-27T17:00,15.4,30,0.0,906.0,15.2
2025-02-27T18:00,14.4,33,0.0,905.7,14.8
2025-02-27T19:00,13.0,38,0.0,906.0,18.1
2025-02-27T20:00,11.8,42,0.0,906.7,16.1
2025-02-27T21:00,10.6,46,0.0,907.1,15.1
2025-02-27T22:00,9.4,51,0.0,907.3,13.5
2025-02-27T23:00,8.4,54,0.0,907.4,11.5
2025-02-28T00:00,7.6,55,0.0,907.0,10.0
2025-02-28T01:00,6.8,54,0.0,906.7,8.0
2025-02-28T02:00,6.1,54,0.0,906.2,5.5
2025-02-28T03:00,5.4,54,0.0,905.7,5.0
2025-02-28T04:00,5.4,31,0.0,906.0,6.4
2025-02-28T05:00,5.2,33,0.0,905.8,6.0
2025-02-28T06:00,4.8,35,0.0,905.8,4.9
2025-02-28T07:00,4.7,35,0.0,906.2,5.6
2025-02-28T08:00,6.2,31,0.0,907.1,6.6
2025-02-28T09:00,8.4,24,0.0,907.6,9.5
2025-02-28T10:00,10.6,19,0.0,907.6,13.6
2025-02-28T11:00,12.4,20,0.0,907.3,15.7
2025-02-28T12:00,14.3,22,0.0,906.2,16.8
2025-02-28T13:00,16.0,20,0.0,905.3,17.7
2025-02-28T14:00,17.2,18,0.0,904.4,16.8
2025-02-28T15:00,17.9,17,0.0,903.7,16.7
2025-02-28T16:00,17.8,18,0.0,903.7,17.5
2025-02-28T17:00,17.3,19,0.0,903.3,17.3
2025-02-28T18:00,16.1,21,0.0,902.9,15.3
2025-02-28T19:00,14.6,22,0.0,902.9,15.2
2025-02-28T20:00,13.2,22,0.0,903.2,15.9
2025-02-28T21:00,11.9,23,0.0,903.2,15.0
2025-02-28T22:00,10.8,24,0.0,902.9,13.4
2025-02-28T23:00,9.9,25,0.0,902.7,11.2
2025-03-01T00:00,9.3,27,0.0,902.5,9.8
2025-03-01T01:00,8.7,29,0.0,901.9,10.0
2025-03-01T02:00,8.1,31,0.0,901.3,8.7
2025-03-01T03:00,7.6,34,0.0,900.9,8.4
2025-03-01T04:00,7.7,36,0.0,900.5,10.4
2025-03-01T05:00,7.1,40,0.0,900.1,10.6
2025-03-01T06:00,6.7,43,0.0,900.1,11.7
2025-03-01T07:00,6.5,45,0.0,900.2,13.5
2025-03-01T08:00,8.4,40,0.0,901.3,14.2
2025-03-01T09:00,11.4,31,0.0,902.4,12.9
2025-03-01T10:00,15.1,26,0.0,902.8,11.6
2025-03-01T11:00,18.8,22,0.0,903.2,9.7
2025-03-01T12:00,20.7,18,0.0,902.6,14.3
2025-03-01T13:00,20.6,18,0.0,902.2,19.4
2025-03-01T14:00,20.2,19,0.0,902.0,21.1
2025-03-01T15:00,19.9,19,0.0,902.1,22.1
2025-03-01T16:00,19.0,19,0.0,903.2,23.2
2025-03-01T17:00,17.7,18,0.0,903.6,23.4
2025-03-01T18:00,16.4,18,0.0,903.8,20.7
2025-03-01T19:00,15.0,20,0.0,904.3,18.0
2025-03-01T20:00,14.0,21,0.0,905.1,15.4
2025-03-01T21:00,12.9,22,0.0,905.8,13.9
2025-03-01T22:00,11.8,24,0.0,905.7,13.8
2025-03-01T23:00,10.9,27,0.0,905.7,12.9
2025-03-02T00:00,10.2,29,0.0,905.5,13.4
2025-03-02T01:00,9.6,29,0.0,905.3,14.6
2025-03-02T02:00,9.1,28,0.0,905.0,14.3
2025-03-02T03:00,8.8,27,0.0,905.0,14.0
2025-03-02T04:00,8.6,25,0.0,905.2,13.1
2025-03-02T05:00,8.2,28,0.0,905.5,11.2
2025-03-02T06:00,7.6,30,0.0,906.1,11.1
2025-03-02T07:00,7.3,30,0.0,906.7,11.1
2025-03-02T08:00,9.1,26,0.0,908.0,12.6
2025-03-02T09:00,11.5,22,0.0,909.4,12.7
2025-03-02T10:00,13.4,20,0.0,910.1,13.3
2025-03-02T11:00,14.9,18,0.0,910.1,14.3
2025-03-02T12:00,16.0,16,0.0,909.7,14.1
2025-03-02T13:00,16.8,15,0.0,909.2,13.6
2025-03-02T14:00,17.2,14,0.0,908.7,13.1
2025-03-02T15:00,17.3,14,0.0,908.1,12.6
2025-03-02T16:00,17.0,14,0.0,908.3,13.0
2025-03-02T17:00,16.2,15,0.0,908.2,12.9
2025-03-02T18:00,15.0,17,0.0,908.0,11.8
2025-03-02T19:00,13.6,19,0.0,908.0,11.4
2025-03-02T20:00,12.5,21,0.0,908.3,11.2
2025-03-02T21:00,11.4,23,0.0,908.5,10.7
2025-03-02T22:00,10.2,25,0.0,908.2,9.5
2025-03-02T23:00,9.2,27,0.0,908.0,7.3
2025-03-03T00:00,8.2,29,0.0,907.6,6.0
2025-03-03T01:00,7.3,30,0.0,907.0,5.9
2025-03-03T02:00,6.8,31,0.0,906.4,6.4
2025-03-03T03:00,6.5,31,0.0,906.0,7.7
2025-03-03T04:00,6.4,32,0.0,905.8,7.2
2025-03-03T05:00,6.1,33,0.0,905.9,7.3
2025-03-03T06:00,5.8,35,0.0,906.2,7.4
2025-03-03T07:00,5.8,35,0.0,906.4,8.7
2025-03-03T08:00,7.7,31,0.0,907.2,10.3
2025-03-03T09:00,10.7,26,0.0,908.2,9.8
2025-03-03T10:00,13.4,22,0.0,908.4,15.2
2025-03-03T11:00,15.7,19,0.0,908.2,21.3
2025-03-03T12:00,17.5,16,0.0,907.2,22.2
2025-03-03T13:00,19.0,14,0.0,906.5,21.5
2025-03-03T14:00,20.0,12,0.0,905.6,21.1
2025-03-03T15:00,20.5,11,0.0,904.5,20.2
2025-03-03T16:00,20.5,12,0.0,904.0,19.6
2025-03-03T17:00,19.9,13,0.0,903.1,20.0
2025-03-03T18:00,18.7,15,0.0,902.5,16.9
2025-03-03T19:00,17.2,16,0.0,902.3,15.4
2025-03-03T20:00,16.1,18,0.0,902.4,16.1
2025-03-03T21:00,15.4,18,0.0,902.2,18.2
2025-03-03T22:00,14.4,19,0.0,901.9,16.8
2025-03-03T23:00,13.4,20,0.0,901.9,15.6
2025-03-04T00:00,12.8,21,0.0,901.5,16.9
2025-03-04T01:00,12.3,22,0.0,900.7,15.1
2025-03-04T02:00,12.3,21,0.0,899.6,15.9
2025-03-04T03:00,12.1,22,0.0,899.0,16.0
2025-03-04T04:00,13.1,21,0.0,898.9,16.7
2025-03-04T05:00,13.2,22,0.0,898.7,18.4
2025-03-04T06:00,12.9,24,0.0,899.0,18.9
2025-03-04T07:00,12.9,26,0.0,899.2,23.9
2025-03-04T08:00,12.9,31,0.0,899.5,24.3
2025-03-04T09:00,12.6,38,0.0,899.1,28.3
2025-03-04T10:00,12.9,50,0.0,899.4,29.0
2025-03-04T11:00,13.1,48,0.1,899.3,27.0
2025-03-04T12:00,14.1,39,0.0,899.1,27.4
2025-03-04T13:00,13.2,52,1.8,898.4,24.8
2025-03-04T14:00,14.3,51,1.4,897.9,22.8
2025-03-04T15:00,14.1,54,0.7,897.7,24.1
2025-03-04T16:00,15.4,52,0.1,898.3,14.6
2025-03-04T17:00,14.8,55,0.0,897.9,12.7
2025-03-04T18:00,13.2,67,1.0,898.2,11.2
2025-03-04T19:00,12.9,70,0.0,898.5,13.5
2025-03-04T20:00,11.9,69,0.0,898.6,17.4
2025-03-04T21:00,10.4,73,0.0,898.0,13.8
2025-03-04T22:00,9.9,77,0.0,898.0,15.5
2025-03-04T23:00,9.6,80,0.0,897.9,17.9
2025-03-05T00:00,9.6,80,0.0,897.6,18.2
2025-03-05T01:00,9.3,79,0.0,897.3,18.0
2025-03-05T02:00,8.9,77,0.0,897.3,18.0
2025-03-05T03:00,8.8,79,0.0,897.2,17.3
2025-03-05T04:00,9.6,78,0.0,897.6,17.9
2025-03-05T05:00,9.7,81,0.0,897.7,18.2
2025-03-05T06:00,9.9,82,0.0,898.1,17.3
2025-03-05T07:00,10.1,82,0.0,898.8,17.5
2025-03-05T08:00,11.7,76,0.0,900.0,16.8
2025-03-05T09:00,14.4,66,0.0,901.4,14.4
2025-03-05T10:00,17.2,47,0.0,902.2,15.6
2025-03-05T11:00,18.9,28,0.0,902.4,15.6
2025-03-05T12:00,19.8,23,0.0,902.6,16.5
2025-03-05T13:00,19.8,22,0.0,901.9,15.2
2025-03-05T14:00,20.5,20,0.0,901.6,14.7
2025-03-05T15:00,20.6,20,0.0,901.5,14.0
2025-03-05T16:00,20.0,20,0.0,901.9,12.2
2025-03-05T17:00,19.5,23,0.0,902.2,10.3
2025-03-05T18:00,18.0,44,0.0,901.8,0.8
2025-03-05T19:00,16.9,45,0.0,901.6,2.1
2025-03-05T20:00,16.2,44,0.0,901.8,4.0
2025-03-05T21:00,15.0,47,0.0,901.7,4.7
2025-03-05T22:00,14.4,55,0.0,901.3,3.1
2025-03-05T23:00,13.7,55,0.0,901.1,4.3
2025-03-06T00:00,13.2,58,0.0,900.8,4.7
2025-03-06T01:00,13.1,58,0.0,900.7,1.3
2025-03-06T02:00,11.9,59,0.0,899.7,2.3
2025-03-06T03:00,11.8,57,0.0,899.1,1.2
2025-03-06T04:00,13.4,36,0.0,900.0,14.1
2025-03-06T05:00,12.9,48,0.0,899.7,7.6
2025-03-06T06:00,12.6,52,0.0,900.1,6.6
2025-03-06T07:00,12.2,62,0.0,900.5,12.3
2025-03-06T08:00,13.4,69,0.0,901.1,12.2
2025-03-06T09:00,15.5,70,0.0,902.2,11.7
2025-03-06T10:00,18.5,60,0.0,902.8,15.0
2025-03-06T11:00,20.0,53,0.1,902.7,27.6
2025-03-06T12:00,21.2,49,0.1,902.3,31.7
2025-03-06T13:00,21.3,47,0.0,901.8,28.3
2025-03-06T14:00,21.5,47,0.0,901.3,23.6
2025-03-06T15:00,21.9,44,0.0,901.1,23.9
2025-03-06T16:00,16.5,71,1.3,901.3,15.9
2025-03-06T17:00,15.9,74,0.2,900.7,13.8
2025-03-06T18:00,14.4,82,0.1,901.0,16.3
2025-03-06T19:00,13.6,90,0.0,900.8,16.7
2025-03-06T20:00,13.4,91,0.0,900.8,17.7
2025-03-06T21:00,13.1,92,0.0,901.1,15.2
2025-03-06T22:00,12.9,94,0.1,900.3,15.2
2025-03-06T23:00,12.8,98,0.0,899.8,9.6
2025-03-07T00:00,13.7,93,0.0,899.5,12.4
2025-03-07T01:00,13.4,97,0.1,899.1,18.3
2025-03-07T02:00,12.9,97,0.2,898.7,17.2
2025-03-07T03:00,13.4,97,0.2,898.6,21.5
2025-03-07T04:00,12.3,87,0.4,899.5,9.8
2025-03-07T05:00,12.1,90,0.0,899.0,7.9
2025-03-07T06:00,12.0,92,0.2,899.0,6.2
2025-03-07T07:00,12.1,96,0.1,899.2,10.1
2025-03-07T08:00,12.8,85,0.0,899.6,7.3
2025-03-07T09:00,14.8,58,0.0,900.5,10.0
2025-03-07T10:00,15.9,45,0.0,900.7,15.5
2025-03-07T11:00,16.6,42,0.0,900.9,17.2
2025-03-07T12:00,17.0,39,0.0,900.5,18.7
2025-03-07T13:00,17.4,37,0.0,899.8,18.7
2025-03-07T14:00,17.4,36,0.0,899.4,20.6
2025-03-07T15:00,17.4,32,0.0,899.1,21.6
2025-03-07T16:00,17.5,34,0.0,899.2,20.8
2025-03-07T17:00,16.6,38,0.0,898.9,14.8
2025-03-07T18:00,14.8,55,0.0,898.0,4.8
2025-03-07T19:00,13.6,60,0.0,898.0,4.7
2025-03-07T20:00,12.8,59,0.0,898.6,5.2
2025-03-07T21:00,12.2,54,0.0,899.5,19.4
2025-03-07T22:00,11.9,53,0.0,899.1,17.4
2025-03-07T23:00,11.4,55,0.0,898.9,14.4
2025-03-08T00:00,10.7,59,0.0,898.5,12.8
2025-03-08T01:00,10.1,62,0.0,898.2,12.6
2025-03-08T02:00,10.0,62,0.0,898.1,14.9
2025-03-08T03:00,9.3,65,0.0,898.0,13.7
2025-03-08T04:00,8.6,76,0.0,897.7,8.2
2025-03-08T05:00,8.5,73,0.0,897.9,9.6
2025-03-08T06:00,8.1,74,0.0,898.4,9.6
2025-03-08T07:00,8.1,74,0.0,898.7,10.2
2025-03-08T08:00,9.8,69,0.0,899.8,9.8
2025-03-08T09:00,11.8,61,0.0,900.7,12.0
2025-03-08T10:00,13.1,57,0.0,900.9,16.4
2025-03-08T11:00,14.1,52,0.0,900.9,19.3
2025-03-08T12:00,14.9,47,0.0,900.3,20.9
2025-03-08T13:00,15.9,42,0.0,899.7,22.0
2025-03-08T14:00,16.5,39,0.0,899.2,20.9
2025-03-08T15:00,16.7,38,0.0,898.8,21.3
2025-03-08T16:00,16.4,40,0.0,899.1,20.6
2025-03-08T17:00,16.2,38,0.0,898.9,20.0
2025-03-08T18:00,15.1,43,0.0,898.9,17.0
2025-03-08T19:00,14.2,46,0.0,898.6,12.4
2025-03-08T20:00,13.6,50,0.0,898.8,11.2
2025-03-08T21:00,12.9,52,0.0,899.5,15.1
2025-03-08T22:00,11.9,62,0.0,899.3,11.0
2025-03-08T23:00,11.4,65,0.0,899.2,10.8
2025-03-09T00:00,10.6,72,0.0,899.1,6.2
2025-03-09T01:00,9.9,77,0.0,898.9,5.5
2025-03-09T02:00,9.0,82,0.0,898.4,4.6
2025-03-09T03:00,8.2,86,0.0,898.0,3.8
2025-03-09T04:00,9.6,79,0.0,898.5,4.7
2025-03-09T05:00,9.1,80,0.0,898.7,5.3
2025-03-09T06:00,8.2,85,0.0,898.7,5.6
2025-03-09T07:00,8.1,85,0.0,899.1,6.4
2025-03-09T08:00,10.9,72,0.0,900.9,7.0
2025-03-09T09:00,14.1,58,0.0,902.8,5.5
2025-03-09T10:00,16.0,49,0.0,903.5,7.2
2025-03-09T11:00,17.5,44,0.0,903.6,7.1
2025-03-09T12:00,18.9,37,0.0,903.5,9.0
2025-03-09T13:00,19.4,35,0.0,902.9,11.6
2025-03-09T14:00,19.8,33,0.0,902.2,11.4
2025-03-09T15:00,19.9,32,0.0,901.8,12.7
2025-03-09T16:00,20.0,30,0.0,901.9,13.3
2025-03-09T17:00,19.5,31,0.0,901.7,12.6
2025-03-09T18:00,17.6,38,0.0,901.8,11.9
2025-03-09T19:00,15.6,48,0.0,901.9,15.2
2025-03-09T20:00,15.0,49,0.0,902.3,11.4
2025-03-09T21:00,13.8,55,0.0,902.6,8.0
2025-03-09T22:00,12.9,57,0.0,902.4,6.2
2025-03-09T23:00,12.1,61,0.0,902.1,5.3
2025-03-10T00:00,11.0,67,0.0,901.9,4.1
2025-03-10T01:00,10.4,72,0.0,901.7,3.4
2025-03-10T02:00,9.8,77,0.0,901.6,2.2
2025-03-10T03:00,9.6,79,0.0,901.6,1.3
2025-03-10T04:00,10.4,73,0.0,901.9,5.9
2025-03-10T05:00,10.2,74,0.0,902.1,6.6
2025-03-10T06:00,10.0,74,0.0,902.1,6.9
2025-03-10T07:00,10.2,72,0.0,902.5,8.1
2025-03-10T08:00,12.2,63,0.0,903.6,8.5
2025-03-10T09:00,15.1,52,0.0,904.7,9.1
2025-03-10T10:00,17.5,42,0.0,905.1,13.3
2025-03-10T11:00,19.1,38,0.0,905.4,16.0
2025-03-10T12:00,20.3,34,0.2,905.2,11.2
2025-03-10T13:00,20.9,33,0.0,904.4,10.1
2025-03-10T14:00,21.8,31,0.0,903.8,8.1
2025-03-10T15:00,21.6,31,0.0,903.3,6.0
2025-03-10T16:00,21.8,30,0.0,903.2,2.5
2025-03-10T17:00,21.3,30,0.0,903.2,6.4
2025-03-10T18:00,17.3,52,0.1,903.3,20.9
2025-03-10T19:00,15.2,59,0.0,902.9,11.2
2025-03-10T20:00,14.1,66,0.0,903.9,16.9
2025-03-10T21:00,12.9,72,0.0,904.6,19.1
2025-03-10T22:00,12.4,75,0.0,905.2,18.0
2025-03-10T23:00,11.8,79,0.1,905.3,17.6
2025-03-11T00:00,11.1,84,0.0,905.3,15.8
2025-03-11T01:00,10.4,90,0.0,905.3,14.5
2025-03-11T02:00,10.4,90,0.0,905.2,14.4
2025-03-11T03:00,10.2,91,0.0,905.0,14.5
2025-03-11T04:00,11.2,85,0.0,905.6,12.6
2025-03-11T05:00,11.0,86,0.0,905.9,9.7
2025-03-11T06:00,10.2,91,0.0,905.9,8.1
2025-03-11T07:00,9.6,95,0.0,906.3,8.9
2025-03-11T08:00,10.8,87,0.0,907.5,10.8
2025-03-11T09:00,12.6,78,0.0,908.1,11.7
2025-03-11T10:00,15.2,61,0.0,908.5,13.2
2025-03-11T11:00,16.8,55,0.0,908.4,12.9
2025-03-11T12:00,18.5,48,0.0,908.2,12.8
2025-03-11T13:00,19.6,42,0.0,907.6,12.0
2025-03-11T14:00,20.4,38,0.0,907.1,11.6
2025-03-11T15:00,20.9,34,0.0,906.8,10.5
2025-03-11T16:00,19.9,36,0.0,907.2,14.8
2025-03-11T17:00,19.0,40,0.0,907.2,15.4
2025-03-11T18:00,17.8,48,0.0,907.4,18.7
2025-03-11T19:00,16.4,56,0.0,907.6,17.9
2025-03-11T20:00,15.3,61,0.0,907.7,14.1
2025-03-11T21:00,14.6,65,0.0,908.0,13.0
2025-03-11T22:00,13.8,68,0.0,907.9,12.6
2025-03-11T23:00,13.1,72,0.0,907.8,10.8
2025-03-12T00:00,12.5,75,0.0,907.9,9.7
2025-03-12T01:00,11.9,78,0.0,907.7,9.3
2025-03-12T02:00,11.2,82,0.0,907.2,8.0
2025-03-12T03:00,10.7,85,0.0,906.8,6.5
2025-03-12T04:00,12.1,78,0.0,907.1,7.8
2025-03-12T05:00,11.6,81,0.0,907.1,6.3
2025-03-12T06:00,10.9,85,0.0,907.3,5.5
2025-03-12T07:00,10.9,85,0.0,908.1,6.2
2025-03-12T08:00,12.4,77,0.0,908.9,5.2
2025-03-12T09:00,14.6,67,0.0,909.6,7.6
2025-03-12T10:00,17.0,55,0.0,910.1,11.8
2025-03-12T11:00,18.9,48,0.0,910.2,12.8
2025-03-12T12:00,20.4,43,0.0,909.6,12.6
2025-03-12T13:00,21.8,36,0.0,909.0,9.9
2025-03-12T14:00,22.1,33,0.0,908.1,9.4
2025-03-12T15:00,22.5,30,0.0,907.6,8.8
2025-03-12T16:00,22.2,30,0.0,907.5,9.0
2025-03-12T17:00,21.8,30,0.0,907.4,10.0
2025-03-12T18:00,21.0,31,0.0,907.4,12.1
2025-03-12T19:00,19.7,35,0.0,907.3,17.6
2025-03-12T20:00,17.1,47,0.0,908.0,21.4
2025-03-12T21:00,16.1,50,0.0,908.5,17.5
2025-03-12T22:00,15.2,52,0.0,908.3,14.8
2025-03-12T23:00,14.2,56,0.0,908.2,12.8
2025-03-13T00:00,13.4,59,0.0,908.2,11.7
2025-03-13T01:00,12.7,63,0.0,907.9,9.9
2025-03-13T02:00,12.0,66,0.0,907.4,8.2
2025-03-13T03:00,11.2,69,0.0,907.1,5.9
2025-03-13T04:00,11.6,63,0.0,907.1,5.4
2025-03-13T05:00,10.9,67,0.0,906.9,4.8
2025-03-13T06:00,10.3,69,0.0,906.9,5.2
2025-03-13T07:00,10.6,68,0.0,907.5,6.8
2025-03-13T08:00,12.6,60,0.0,908.8,6.1
2025-03-13T09:00,15.1,52,0.0,909.9,8.9
2025-03-13T10:00,17.6,43,0.0,910.1,12.0
2025-03-13T11:00,19.9,36,0.0,910.0,12.6
2025-03-13T12:00,21.9,32,0.0,909.5,11.5
2025-03-13T13:00,23.4,29,0.0,908.9,10.7
2025-03-13T14:00,24.4,27,0.0,908.1,10.5
2025-03-13T15:00,24.8,26,0.0,907.4,10.7
2025-03-13T16:00,24.2,27,0.0,907.4,11.2
2025-03-13T17:00,23.6,28,0.0,907.0,12.1
2025-03-13T18:00,22.6,30,0.0,906.9,13.7
2025-03-13T19:00,21.6,33,0.0,907.3,13.9
2025-03-13T20:00,20.4,36,0.0,907.9,15.7
2025-03-13T21:00,19.4,37,0.0,908.3,15.5
2025-03-13T22:00,18.3,39,0.0,908.0,13.4
2025-03-13T23:00,17.4,41,0.0,907.8,12.2
2025-03-14T00:00,16.5,44,0.0,907.4,9.8
2025-03-14T01:00,15.6,46,0.0,906.8,7.4
2025-03-14T02:00,14.6,49,0.0,906.1,5.8
2025-03-14T03:00,13.8,52,0.0,905.7,5.2
2025-03-14T04:00,14.4,50,0.0,905.7,7.8
2025-03-14T05:00,14.0,52,0.0,906.0,8.7
2025-03-14T06:00,13.6,54,0.0,906.2,10.0
2025-03-14T07:00,13.8,53,0.0,906.9,12.2
2025-03-14T08:00,15.9,46,0.0,908.3,12.2
2025-03-14T09:00,18.6,39,0.0,909.4,11.0
2025-03-14T10:00,21.5,33,0.0,909.7,11.7
2025-03-14T11:00,23.7,29,0.0,909.5,12.9
2025-03-14T12:00,25.2,26,0.0,909.0,13.4
2025-03-14T13:00,26.4,24,0.0,908.3,11.9
2025-03-14T14:00,27.3,23,0.0,907.6,7.1
2025-03-14T15:00,27.0,23,0.0,906.9,3.4
2025-03-14T16:00,27.1,22,0.0,907.1,3.5
2025-03-14T17:00,26.7,22,0.0,906.7,4.0
2025-03-14T18:00,26.2,23,0.0,906.5,6.3
2025-03-14T19:00,25.1,25,0.0,906.6,16.8
2025-03-14T20:00,23.6,29,0.0,907.1,19.3
2025-03-14T21:00,22.3,32,0.0,907.3,16.2
2025-03-14T22:00,21.0,34,0.0,907.0,18.2
2025-03-14T23:00,19.8,36,0.0,906.8,16.6
2025-03-15T00:00,18.9,38,0.0,906.5,12.6
2025-03-15T01:00,17.9,41,0.0,906.0,9.4
2025-03-15T02:00,17.1,43,0.0,905.7,8.9
2025-03-15T03:00,16.5,47,0.1,905.9,4.9
2025-03-15T04:00,15.0,69,1.1,905.4,10.4
2025-03-15T05:00,14.7,73,0.7,905.3,11.9
2025-03-15T06:00,14.6,72,0.9,905.9,12.7
2025-03-15T07:00,14.0,82,3.7,906.9,10.4
2025-03-15T08:00,14.4,85,4.0,908.3,10.7
2025-03-15T09:00,15.1,87,2.6,908.8,5.5
2025-03-15T10:00,16.2,80,1.1,909.1,9.5
2025-03-15T11:00,17.6,74,0.0,909.5,3.8
2025-03-15T12:00,18.6,67,0.0,909.6,9.9
2025-03-15T13:00,18.9,62,0.8,909.3,11.8
2025-03-15T14:00,19.2,54,0.0,908.5,10.2
2025-03-15T15:00,19.8,52,0.0,908.0,5.7
2025-03-15T16:00,19.3,49,0.0,907.9,15.7
2025-03-15T17:00,18.5,53,0.0,907.8,14.6
2025-03-15T18:00,17.5,59,0.0,907.8,10.8
2025-03-15T19:00,16.4,66,0.0,907.5,8.5
2025-03-15T20:00,15.6,79,0.0,907.6,1.2
2025-03-15T21:00,14.6,79,0.0,907.3,3.2
2025-03-15T22:00,14.1,81,0.0,907.4,7.1
2025-03-15T23:00,13.0,86,0.0,907.3,4.0
2025-03-16T00:00,12.4,86,0.0,907.0,3.0
2025-03-16T01:00,11.6,86,0.0,906.7,1.5
2025-03-16T02:00,11.4,87,0.0,906.8,9.9
2025-03-16T03:00,11.2,88,0.0,906.0,8.4
2025-03-16T04:00,12.1,78,0.0,906.4,3.1
2025-03-16T05:00,11.8,78,0.0,906.2,6.9
2025-03-16T06:00,11.9,74,0.0,906.3,10.5
2025-03-16T07:00,12.2,73,0.0,906.4,8.8
2025-03-16T08:00,14.6,66,0.0,907.6,7.9
2025-03-16T09:00,18.0,49,0.0,909.0,6.4
2025-03-16T10:00,19.9,39,0.0,909.5,1.7
2025-03-16T11:00,21.0,36,0.0,909.3,6.9
2025-03-16T12:00,21.8,34,0.0,909.0,7.6
2025-03-16T13:00,22.3,33,0.0,908.4,7.6
2025-03-16T14:00,22.6,32,0.0,907.8,9.0
2025-03-16T15:00,22.6,31,0.0,907.3,11.6
2025-03-16T16:00,23.0,24,0.0,907.2,11.8
2025-03-16T17:00,22.3,27,0.0,906.9,12.6
2025-03-16T18:00,20.5,34,0.0,906.7,14.8
2025-03-16T19:00,18.6,39,0.0,906.6,15.8
2025-03-16T20:00,17.6,43,0.0,907.0,13.2
2025-03-16T21:00,16.9,45,0.0,907.0,8.0
2025-03-16T22:00,15.6,51,0.0,906.4,3.4
2025-03-16T23:00,15.1,53,0.0,905.9,1.4
2025-03-17T00:00,14.6,49,0.0,905.7,2.7
2025-03-17T01:00,13.5,53,0.0,905.2,6.5
2025-03-17T02:00,12.9,54,0.0,904.4,6.0
2025-03-17T03:00,12.7,54,0.0,903.9,4.7
2025-03-17T04:00,12.7,54,0.0,903.9,5.5
2025-03-17T05:00,12.1,55,0.0,903.7,7.3
2025-03-17T06:00,11.9,54,0.0,903.9,5.3
2025-03-17T07:00,12.5,51,0.0,904.6,3.6
2025-03-17T08:00,15.4,42,0.0,906.0,4.3
2025-03-17T09:00,18.7,34,0.0,907.3,3.2
2025-03-17T10:00,21.2,29,0.0,907.8,5.7
2025-03-17T11:00,22.7,23,0.0,907.7,7.0
2025-03-17T12:00,23.8,21,0.0,907.2,6.7
2025-03-17T13:00,24.5,19,0.0,906.6,5.6
2025-03-17T14:00,25.0,18,0.0,905.9,5.4
2025-03-17T15:00,25.3,18,0.0,905.5,7.3
2025-03-17T16:00,25.1,18,0.0,905.2,7.0
2025-03-17T17:00,24.5,19,0.0,905.1,9.0
2025-03-17T18:00,23.1,21,0.0,904.7,10.7
2025-03-17T19:00,21.2,24,0.0,904.3,13.7
2025-03-17T20:00,20.0,23,0.0,904.5,11.0
2025-03-17T21:00,18.5,25,0.0,904.4,3.2
2025-03-17T22:00,17.8,28,0.0,904.3,0.4
2025-03-17T23:00,16.8,30,0.0,904.1,0.4
2025-03-18T00:00,16.5,30,0.0,903.8,0.6
2025-03-18T01:00,15.9,31,0.0,903.4,0.6
2025-03-18T02:00,15.0,32,0.0,902.8,2.0
2025-03-18T03:00,13.8,36,0.0,902.0,3.7
2025-03-18T04:00,14.1,39,0.0,902.3,4.7
2025-03-18T05:00,13.7,40,0.0,902.3,10.8
2025-03-18T06:00,13.2,42,0.0,902.3,12.5
2025-03-18T07:00,13.7,42,0.0,902.9,14.0
2025-03-18T08:00,16.4,36,0.0,903.9,14.3
2025-03-18T09:00,19.9,31,0.0,905.3,14.7
2025-03-18T10:00,23.1,28,0.0,905.8,18.0
2025-03-18T11:00,26.3,24,0.0,905.9,22.8
2025-03-18T12:00,28.4,20,0.0,905.4,22.7
2025-03-18T13:00,29.5,17,0.0,904.9,19.2
2025-03-18T14:00,30.1,15,0.0,904.2,16.3
2025-03-18T15:00,30.4,14,0.0,903.7,14.5
2025-03-18T16:00,30.0,15,0.0,903.7,12.1
2025-03-18T17:00,29.5,15,0.0,903.4,10.5
2025-03-18T18:00,28.1,17,0.0,903.0,5.7
2025-03-18T19:00,25.4,21,0.0,902.3,4.0
2025-03-18T20:00,24.2,23,0.0,902.5,4.0
2025-03-18T21:00,23.6,24,0.0,902.7,8.3
2025-03-18T22:00,23.1,24,0.0,902.2,7.2
2025-03-18T23:00,22.0,26,0.0,902.1,6.0
2025-03-19T00:00,21.2,28,0.0,902.5,8.4
2025-03-19T01:00,20.6,29,0.0,902.1,11.8
2025-03-19T02:00,20.3,31,0.0,901.8,14.5
2025-03-19T03:00,19.9,32,0.0,901.1,14.8
2025-03-19T04:00,18.8,35,0.0,901.1,14.7
2025-03-19T05:00,18.0,37,0.0,901.2,15.7
2025-03-19T06:00,17.2,40,0.0,901.3,14.3
2025-03-19T07:00,17.6,38,0.0,901.6,16.0
2025-03-19T08:00,21.1,29,0.0,903.4,13.8
2025-03-19T09:00,25.1,22,0.0,904.6,11.3
2025-03-19T10:00,28.0,15,0.0,905.2,10.7
2025-03-19T11:00,29.7,12,0.0,905.4,12.2
2025-03-19T12:00,30.5,12,0.0,905.1,13.9
2025-03-19T13:00,31.4,12,0.0,904.6,15.5
2025-03-19T14:00,31.6,12,0.0,903.9,17.2
2025-03-19T15:00,31.5,14,0.0,903.4,18.9
2025-03-19T16:00,30.9,13,0.0,903.5,15.1
2025-03-19T17:00,30.0,15,0.0,902.8,17.3
2025-03-19T18:00,29.3,17,0.0,902.5,11.4
2025-03-19T19:00,28.2,19,0.0,902.0,9.0
2025-03-19T20:00,27.3,19,0.0,902.3,11.0
2025-03-19T21:00,27.0,19,0.0,902.7,18.9
2025-03-19T22:00,25.1,21,0.0,902.4,9.7
2025-03-19T23:00,23.4,23,0.0,901.8,11.1
2025-03-20T00:00,23.5,21,0.0,902.3,22.2
2025-03-20T01:00,22.8,17,0.0,902.6,21.1
2025-03-20T02:00,21.8,19,0.0,902.0,21.8
2025-03-20T03:00,21.1,21,0.0,901.7,24.1
2025-03-20T04:00,20.4,21,0.0,901.9,12.1
2025-03-20T05:00,20.1,22,0.0,902.0,13.6
2025-03-20T06:00,19.5,24,0.0,902.1,13.3
2025-03-20T07:00,19.4,24,0.0,902.2,10.8
2025-03-20T08:00,21.2,22,0.0,903.2,5.8
2025-03-20T09:00,23.6,18,0.0,904.4,3.4
2025-03-20T10:00,25.0,17,0.0,905.0,6.1
2025-03-20T11:00,27.0,14,0.0,905.0,5.0
2025-03-20T12:00,28.9,14,0.0,904.4,11.5
2025-03-20T13:00,29.9,13,0.0,903.7,20.7
2025-03-20T14:00,29.9,13,0.0,902.9,21.3
2025-03-20T15:00,29.5,13,0.0,901.6,20.8
2025-03-20T16:00,25.6,19,0.0,901.8,22.4
2025-03-20T17:00,24.9,19,0.0,901.8,17.3
2025-03-20T18:00,24.5,20,0.0,902.1,12.8
2025-03-20T19:00,24.0,20,0.0,901.8,9.5
2025-03-20T20:00,23.1,22,0.0,902.4,11.5
2025-03-20T21:00,21.6,24,0.0,902.8,9.3
2025-03-20T22:00,20.7,25,0.0,902.5,9.9
2025-03-20T23:00,19.2,28,0.0,902.1,3.5
2025-03-21T00:00,19.1,27,0.0,902.3,6.9
2025-03-21T01:00,19.0,27,0.0,901.6,6.8
2025-03-21T02:00,18.8,21,0.0,901.5,15.1
2025-03-21T03:00,17.0,20,0.0,901.2,15.9
2025-03-21T04:00,16.5,23,0.0,900.8,12.8
2025-03-21T05:00,14.2,33,0.0,901.3,21.7
2025-03-21T06:00,11.7,42,0.0,901.8,26.0
2025-03-21T07:00,11.2,37,0.0,902.5,21.4
2025-03-21T08:00,12.1,35,0.0,903.7,20.8
2025-03-21T09:00,13.4,33,0.0,904.4,19.5
2025-03-21T10:00,14.9,30,0.0,904.9,17.5
2025-03-21T11:00,16.6,27,0.0,905.1,15.3
2025-03-21T12:00,18.1,24,0.0,904.9,13.3
2025-03-21T13:00,19.3,22,0.0,904.4,11.3
2025-03-21T14:00,20.1,21,0.0,904.1,8.9
2025-03-21T15:00,20.6,20,0.0,903.6,8.2
2025-03-21T16:00,20.0,22,0.0,903.7,10.8
2025-03-21T17:00,19.0,23,0.0,903.3,13.0
2025-03-21T18:00,18.2,24,0.0,903.0,14.8
2025-03-21T19:00,16.9,26,0.0,903.4,18.2
2025-03-21T20:00,16.0,27,0.0,903.6,14.9
2025-03-21T21:00,15.0,29,0.0,903.8,13.6
2025-03-21T22:00,14.0,31,0.0,903.5,12.2
2025-03-21T23:00,13.2,32,0.0,903.3,11.3
2025-03-22T00:00,12.3,34,0.0,903.3,9.3
2025-03-22T01:00,11.5,36,0.0,903.0,8.3
2025-03-22T02:00,10.6,39,0.0,902.4,7.2
2025-03-22T03:00,9.9,40,0.0,902.0,8.1
2025-03-22T04:00,9.8,41,0.0,902.7,9.1
2025-03-22T05:00,9.2,42,0.0,902.4,7.7
2025-03-22T06:00,8.6,44,0.0,902.6,7.3
2025-03-22T07:00,8.7,44,0.0,903.1,7.2
2025-03-22T08:00,10.6,38,0.0,904.3,6.5
2025-03-22T09:00,12.6,33,0.0,905.0,11.7
2025-03-22T10:00,14.6,29,0.0,905.4,15.7
2025-03-22T11:00,16.1,26,0.0,905.3,16.1
2025-03-22T12:00,17.8,23,0.0,905.1,15.6
2025-03-22T13:00,19.1,22,0.0,904.8,14.6
2025-03-22T14:00,20.0,20,0.0,904.4,11.1
2025-03-22T15:00,20.8,18,0.0,904.2,2.2
2025-03-22T16:00,20.1,19,0.0,904.8,4.4
2025-03-22T17:00,20.0,19,0.0,904.2,8.5
2025-03-22T18:00,18.9,21,0.0,904.1,17.4
2025-03-22T19:00,17.2,26,0.0,904.6,21.6
2025-03-22T20:00,16.1,28,0.0,905.1,21.6
2025-03-22T21:00,14.7,27,0.0,905.6,21.8
2025-03-22T22:00,13.6,28,0.0,905.7,19.2
2025-03-22T23:00,12.7,30,0.0,905.8,16.5
2025-03-23T00:00,11.7,32,0.0,906.0,16.5
2025-03-23T01:00,10.8,34,0.0,905.9,15.7
2025-03-23T02:00,9.9,37,0.0,906.0,14.7
2025-03-23T03:00,9.2,39,0.0,906.0,13.8
2025-03-23T04:00,9.2,40,0.0,906.5,12.7
2025-03-23T05:00,8.8,42,0.0,906.9,11.6
2025-03-23T06:00,8.2,44,0.0,907.4,9.6
2025-03-23T07:00,8.3,44,0.0,908.0,9.4
2025-03-23T08:00,10.1,40,0.0,909.2,7.9
2025-03-23T09:00,12.4,34,0.0,909.9,12.3
2025-03-23T10:00,14.4,29,0.0,910.3,16.2
2025-03-23T11:00,15.9,26,0.0,910.5,16.7
2025-03-23T12:00,17.2,24,0.0,910.2,15.9
2025-03-23T13:00,18.3,23,0.0,910.0,14.7
2025-03-23T14:00,19.0,22,0.0,909.6,13.2
2025-03-23T15:00,19.3,23,0.0,909.3,11.5
2025-03-23T16:00,19.2,22,0.0,909.7,9.9
2025-03-23T17:00,18.6,22,0.0,909.8,11.3
2025-03-23T18:00,17.5,24,0.0,909.8,13.3
2025-03-23T19:00,16.5,25,0.0,910.3,14.1
2025-03-23T20:00,15.6,26,0.0,910.8,14.8
2025-03-23T21:00,14.5,28,0.0,910.9,13.2
2025-03-23T22:00,13.5,29,0.0,910.8,12.2
2025-03-23T23:00,12.4,31,0.0,911.0,12.8
2025-03-24T00:00,11.3,32,0.0,910.9,10.5
2025-03-24T01:00,10.4,33,0.0,910.8,7.3
2025-03-24T02:00,9.2,37,0.0,910.5,4.3
2025-03-24T03:00,8.8,38,0.0,910.2,2.2
2025-03-24T04:00,8.8,39,0.0,910.5,3.7
2025-03-24T05:00,8.5,39,0.0,911.0,2.4
2025-03-24T06:00,8.3,41,0.0,911.3,1.3
2025-03-24T07:00,8.8,39,0.0,911.8,1.6
2025-03-24T08:00,11.1,32,0.0,912.9,3.4
2025-03-24T09:00,13.4,27,0.0,913.8,2.8
2025-03-24T10:00,15.4,23,0.0,914.0,3.0
2025-03-24T11:00,17.2,18,0.0,914.0,5.9
2025-03-24T12:00,18.7,15,0.0,913.6,8.5
2025-03-24T13:00,19.9,12,0.0,913.0,10.7
2025-03-24T14:00,20.6,11,0.0,912.4,12.3
2025-03-24T15:00,20.8,11,0.0,912.3,16.0
2025-03-24T16:00,20.4,11,0.0,912.5,15.9
2025-03-24T17:00,19.5,12,0.0,912.4,15.5
2025-03-24T18:00,18.5,13,0.0,912.2,14.8
2025-03-24T19:00,17.3,15,0.0,912.4,13.4
2025-03-24T20:00,16.2,17,0.0,912.5,11.0
2025-03-24T21:00,15.1,19,0.0,912.2,6.8
2025-03-24T22:00,13.5,22,0.0,911.2,3.8
2025-03-24T23:00,12.8,23,0.0,911.1,4.4
2025-03-25T00:00,12.4,23,0.0,911.1,8.6
2025-03-25T01:00,10.7,27,0.0,910.3,4.1
2025-03-25T02:00,10.1,29,0.0,909.5,2.8
2025-03-25T03:00,9.8,30,0.0,909.3,3.5
2025-03-25T04:00,9.9,31,0.0,909.6,4.6
2025-03-25T05:00,9.6,32,0.0,909.6,4.8
2025-03-25T06:00,9.4,33,0.0,909.6,2.8
2025-03-25T07:00,10.1,32,0.0,910.2,2.4
2025-03-25T08:00,13.1,26,0.0,911.7,2.9
2025-03-25T09:00,15.9,21,0.0,912.8,3.8
2025-03-25T10:00,17.6,17,0.0,913.2,9.5
2025-03-25T11:00,18.9,16,0.0,913.0,11.1
2025-03-25T12:00,20.1,15,0.0,912.5,11.6
2025-03-25T13:00,21.1,14,0.0,911.6,12.3
2025-03-25T14:00,21.8,13,0.0,910.7,13.4
2025-03-25T15:00,22.0,13,0.0,909.9,14.4
2025-03-25T16:00,21.6,14,0.0,910.0,16.2
2025-03-25T17:00,20.8,14,0.0,909.8,15.8
2025-03-25T18:00,19.8,15,0.0,909.8,14.6
2025-03-25T19:00,18.5,17,0.0,909.7,11.0
2025-03-25T20:00,17.5,18,0.0,909.7,8.7
2025-03-25T21:00,16.5,20,0.0,909.5,7.5
2025-03-25T22:00,15.2,22,0.0,908.9,5.1
2025-03-25T23:00,14.5,23,0.0,908.5,5.1
2025-03-26T00:00,13.9,25,0.0,908.1,6.0
2025-03-26T01:00,12.6,28,0.0,907.3,4.3
2025-03-26T02:00,12.1,29,0.0,906.6,2.0
2025-03-26T03:00,11.7,30,0.0,906.0,2.1
2025-03-26T04:00,11.6,30,0.0,905.7,1.7
2025-03-26T05:00,11.1,31,0.0,905.8,2.3
2025-03-26T06:00,10.8,32,0.0,906.0,2.2
2025-03-26T07:00,11.5,30,0.0,906.5,2.0
2025-03-26T08:00,14.5,24,0.0,907.7,2.7
2025-03-26T09:00,17.0,19,0.0,908.5,1.3
2025-03-26T10:00,18.9,19,0.0,908.9,4.3
2025-03-26T11:00,20.4,19,0.0,908.8,6.9
2025-03-26T12:00,21.6,17,0.0,908.4,6.4
2025-03-26T13:00,22.6,16,0.0,907.5,6.3
2025-03-26T14:00,23.2,15,0.0,906.8,8.0
2025-03-26T15:00,23.5,15,0.0,906.1,9.1
2025-03-26T16:00,23.5,14,0.0,905.9,5.1
2025-03-26T17:00,23.0,15,0.0,905.6,4.5
2025-03-26T18:00,22.3,16,0.0,905.5,6.2
2025-03-26T19:00,21.1,17,0.0,905.5,7.9
2025-03-26T20:00,20.2,19,0.0,905.9,11.1
2025-03-26T21:00,18.9,22,0.0,906.0,10.7
2025-03-26T22:00,17.7,24,0.0,905.7,6.3
2025-03-26T23:00,16.2,27,0.0,905.1,4.5
2025-03-27T00:00,15.9,28,0.0,905.0,1.9
2025-03-27T01:00,14.6,30,0.0,904.4,3.2
2025-03-27T02:00,14.4,31,0.0,903.9,1.8
2025-03-27T03:00,14.1,31,0.0,903.6,1.7
2025-03-27T04:00,13.4,33,0.0,903.7,2.3
2025-03-27T05:00,12.9,34,0.0,903.5,3.5
2025-03-27T06:00,12.5,34,0.0,903.7,4.4
2025-03-27T07:00,13.2,33,0.0,904.2,6.9
2025-03-27T08:00,16.0,27,0.0,905.6,7.8
2025-03-27T09:00,19.3,22,0.0,907.1,7.7
2025-03-27T10:00,21.5,18,0.0,907.2,10.8
2025-03-27T11:00,23.5,15,0.0,907.2,10.8
2025-03-27T12:00,25.0,13,0.0,906.9,9.5
2025-03-27T13:00,26.1,12,0.0,906.3,9.5
2025-03-27T14:00,27.0,11,0.0,905.6,10.3
2025-03-27T15:00,27.5,10,0.0,904.7,10.5
2025-03-27T16:00,27.5,10,0.0,904.4,9.1
2025-03-27T17:00,27.2,10,0.0,904.0,7.5
2025-03-27T18:00,26.0,11,0.0,903.9,6.1
2025-03-27T19:00,24.0,13,0.0,903.9,8.0
2025-03-27T20:00,22.8,15,0.0,904.2,11.5
2025-03-27T21:00,21.9,16,0.0,904.5,10.2
2025-03-27T22:00,20.4,19,0.0,904.5,9.4
2025-03-27T23:00,19.0,21,0.0,904.2,9.0
2025-03-28T00:00,18.0,22,0.0,903.8,8.5
2025-03-28T01:00,16.9,24,0.0,903.1,6.9
2025-03-28T02:00,16.1,26,0.0,902.7,6.0
2025-03-28T03:00,15.5,27,0.0,902.0,7.1
2025-03-28T04:00,15.5,27,0.0,902.3,10.5
2025-03-28T05:00,15.5,26,0.0,902.5,14.8
2025-03-28T06:00,15.4,26,0.0,902.9,16.3
2025-03-28T07:00,15.4,26,0.0,903.3,16.7
2025-03-28T08:00,17.8,23,0.0,904.4,16.6
2025-03-28T09:00,21.0,18,0.0,905.5,15.6
2025-03-28T10:00,24.3,14,0.0,905.7,16.7
2025-03-28T11:00,27.0,12,0.0,905.7,20.0
2025-03-28T12:00,28.8,10,0.0,905.2,19.1
2025-03-28T13:00,30.1,10,0.0,904.6,14.1
2025-03-28T14:00,30.6,9,0.0,903.9,12.4
2025-03-28T15:00,30.5,9,0.0,903.0,13.2
2025-03-28T16:00,30.6,9,0.0,902.6,18.6
2025-03-28T17:00,30.2,9,0.0,902.4,17.2
2025-03-28T18:00,29.3,9,0.0,902.1,14.1
2025-03-28T19:00,28.0,10,0.0,901.9,10.5
2025-03-28T20:00,27.1,11,0.0,901.8,8.0
2025-03-28T21:00,25.7,13,0.0,901.8,8.1
2025-03-28T22:00,24.5,14,0.0,902.3,19.2
2025-03-28T23:00,23.8,14,0.0,902.4,22.2
2025-03-29T00:00,22.5,16,0.0,902.1,10.7
2025-03-29T01:00,21.1,17,0.0,901.3,10.0
2025-03-29T02:00,22.8,21,0.0,901.5,23.4
2025-03-29T03:00,24.1,19,0.0,901.3,18.7
2025-03-29T04:00,21.3,17,0.0,900.3,14.3
2025-03-29T05:00,19.2,20,0.0,899.9,5.4
2025-03-29T06:00,18.0,22,0.0,899.9,3.9
2025-03-29T07:00,19.0,20,0.0,900.3,9.4
2025-03-29T08:00,21.4,17,0.0,901.8,12.9
2025-03-29T09:00,24.1,14,0.0,903.3,14.2
2025-03-29T10:00,25.0,16,0.0,903.5,12.2
2025-03-29T11:00,20.2,40,0.1,903.8,24.1
2025-03-29T12:00,21.4,40,0.0,902.9,9.4
2025-03-29T13:00,23.4,31,0.0,902.7,14.2
2025-03-29T14:00,24.7,29,0.0,901.7,19.0
2025-03-29T15:00,26.4,24,0.0,901.3,14.5
2025-03-29T16:00,28.6,21,0.0,900.7,20.1
2025-03-29T17:00,27.6,20,0.0,900.8,21.0
2025-03-29T18:00,27.5,19,0.0,900.7,15.3
2025-03-29T19:00,25.8,20,0.0,901.0,5.0
2025-03-29T20:00,22.9,36,0.0,901.2,15.3
2025-03-29T21:00,21.5,40,0.0,901.0,10.6
2025-03-29T22:00,21.7,35,0.0,900.6,5.9
2025-03-29T23:00,21.5,36,0.0,900.4,8.1
2025-03-30T00:00,21.0,37,0.0,900.4,10.4
2025-03-30T01:00,20.4,38,0.0,900.0,9.0
2025-03-30T02:00,19.4,42,0.0,899.5,11.8
2025-03-30T03:00,18.7,44,0.0,899.0,12.3
2025-03-30T04:00,17.6,57,0.0,899.5,18.5
2025-03-30T05:00,17.2,59,0.0,899.6,20.3
2025-03-30T06:00,16.9,60,0.0,899.6,19.0
2025-03-30T07:00,17.3,59,0.0,900.1,19.5
2025-03-30T08:00,19.6,52,0.0,901.1,19.5
2025-03-30T09:00,22.3,44,0.0,901.8,19.8
2025-03-30T10:00,25.2,34,0.0,902.2,22.3
2025-03-30T11:00,27.3,27,0.0,902.2,25.6
2025-03-30T12:00,28.4,25,0.0,901.8,26.2
2025-03-30T13:00,29.7,23,0.0,901.9,27.2
2025-03-30T14:00,26.0,30,0.3,900.8,30.4
2025-03-30T15:00,22.6,46,0.1,900.6,21.6
2025-03-30T16:00,24.5,40,0.4,900.5,26.4
2025-03-30T17:00,25.3,37,0.2,900.5,23.8
2025-03-30T18:00,24.8,37,0.0,900.4,21.1
2025-03-30T19:00,23.4,43,0.0,900.2,17.9
2025-03-30T20:00,22.2,49,0.0,900.3,13.4
2025-03-30T21:00,21.0,56,0.0,900.5,11.7
2025-03-30T22:00,20.5,58,0.0,900.7,11.9
2025-03-30T23:00,20.2,59,0.0,901.0,11.5
2025-03-31T00:00,19.5,64,0.0,900.8,13.8
2025-03-31T01:00,19.1,69,0.0,900.5,15.4
2025-03-31T02:00,18.6,72,0.0,900.3,14.3
2025-03-31T03:00,18.9,72,0.0,900.3,13.2
2025-03-31T04:00,18.7,64,0.0,900.0,9.7
2025-03-31T05:00,18.9,62,0.0,900.6,9.0
2025-03-31T06:00,18.8,63,0.0,900.7,5.2
2025-03-31T07:00,18.4,64,0.0,901.4,8.8
2025-03-31T08:00,19.0,61,0.0,902.7,9.8
2025-03-31T09:00,20.2,56,0.0,903.8,9.7
2025-03-31T10:00,21.9,51,0.0,904.5,12.1
2025-03-31T11:00,23.7,45,0.0,904.6,10.4
2025-03-31T12:00,25.2,42,0.0,904.3,5.4
2025-03-31T13:00,26.8,38,0.0,904.0,0.5
2025-03-31T14:00,28.0,33,0.0,903.3,7.2
2025-03-31T15:00,28.0,32,0.0,902.7,9.2
2025-03-31T16:00,25.5,41,0.0,902.8,15.8
2025-03-31T17:00,25.2,42,0.0,902.8,14.6
2025-03-31T18:00,24.0,46,0.0,902.3,18.4
2025-03-31T19:00,22.4,54,0.0,902.4,18.3
2025-03-31T20:00,21.8,58,0.0,903.3,10.8
2025-03-31T21:00,20.8,61,0.0,903.3,11.7
2025-03-31T22:00,20.2,64,0.0,903.6,5.1
2025-03-31T23:00,19.9,66,0.0,903.6,5.3
2025-04-01T00:00,19.5,67,0.0,903.6,6.8
2025-04-01T01:00,19.1,69,0.0,903.1,6.1
2025-04-01T02:00,18.5,72,0.0,903.0,2.6
2025-04-01T03:00,18.3,74,0.0,902.7,3.1
2025-04-01T04:00,18.5,68,0.0,903.0,4.5
2025-04-01T05:00,17.9,70,0.0,902.7,9.7
2025-04-01T06:00,16.6,77,0.0,902.7,2.6
2025-04-01T07:00,17.8,72,0.0,903.6,3.8
2025-04-01T08:00,19.4,65,0.0,904.6,2.1
2025-04-01T09:00,21.9,52,0.0,905.3,5.8
2025-04-01T10:00,24.6,39,0.0,905.9,8.7
2025-04-01T11:00,27.4,29,0.0,905.9,11.1
2025-04-01T12:00,29.6,23,0.0,905.7,11.8
2025-04-01T13:00,31.3,17,0.0,905.2,9.5
2025-04-01T14:00,32.2,15,0.0,904.6,8.7
2025-04-01T15:00,32.2,15,0.0,903.9,6.6
2025-04-01T16:00,32.3,16,0.0,904.3,10.0
2025-04-01T17:00,33.2,13,0.0,903.6,6.0
2025-04-01T18:00,32.0,15,0.0,903.5,20.6
2025-04-01T19:00,31.2,15,0.0,903.2,13.0
2025-04-01T20:00,30.0,18,0.0,903.3,11.9
2025-04-01T21:00,27.9,21,0.0,902.9,7.9
2025-04-01T22:00,26.4,23,0.0,903.1,13.5
2025-04-01T23:00,25.6,24,0.0,903.0,10.9
2025-04-02T00:00,25.1,24,0.0,902.7,10.9
2025-04-02T01:00,24.2,26,0.0,902.2,9.0
2025-04-02T02:00,23.2,29,0.0,901.7,4.8
2025-04-02T03:00,24.6,26,0.0,902.1,8.8
2025-04-02T04:00,23.2,28,0.0,901.3,7.9
2025-04-02T05:00,21.1,32,0.0,901.2,3.8
2025-04-02T06:00,20.6,34,0.0,901.5,2.2
2025-04-02T07:00,21.8,33,0.0,902.0,3.4
2025-04-02T08:00,24.7,27,0.0,903.6,7.3
2025-04-02T09:00,27.7,23,0.0,905.0,6.6
2025-04-02T10:00,29.8,21,0.0,905.2,10.1
2025-04-02T11:00,32.3,16,0.0,904.9,11.9
2025-04-02T12:00,34.0,15,0.0,904.9,19.2
2025-04-02T13:00,34.2,15,0.0,904.7,16.9
2025-04-02T14:00,35.1,12,0.0,904.0,19.2
2025-04-02T15:00,34.9,12,0.0,903.3,18.2
2025-04-02T16:00,34.5,12,0.0,903.5,24.6
2025-04-02T17:00,33.8,13,0.0,903.4,21.8
2025-04-02T18:00,28.7,26,0.0,904.7,17.7
2025-04-02T19:00,25.9,35,0.1,903.9,6.2
2025-04-02T20:00,28.0,27,0.0,904.3,23.2
2025-04-02T21:00,26.6,31,0.0,904.3,10.3
2025-04-02T22:00,25.4,33,0.0,904.5,6.9
2025-04-02T23:00,23.3,42,0.0,903.3,2.5
2025-04-03T00:00,22.5,44,0.0,903.2,0.8
2025-04-03T01:00,21.1,51,0.1,902.9,2.9
2025-04-03T02:00,20.0,54,0.0,902.1,3.4
2025-04-03T03:00,19.8,54,0.0,901.8,4.8
2025-04-03T04:00,19.9,58,0.0,902.5,10.9
2025-04-03T05:00,18.8,66,0.1,902.2,10.4
2025-04-03T06:00,18.7,65,0.0,902.1,4.8
2025-04-03T07:00,19.4,61,0.0,903.0,5.5
2025-04-03T08:00,21.5,53,0.0,903.4,6.2
2025-04-03T09:00,24.0,43,0.0,904.5,14.7
2025-04-03T10:00,27.4,33,0.0,904.6,14.6
2025-04-03T11:00,31.0,21,0.0,904.4,22.3
2025-04-03T12:00,27.6,33,1.5,905.1,22.6
2025-04-03T13:00,28.0,32,0.2,903.2,6.1
2025-04-03T14:00,29.0,25,0.0,903.3,37.1
2025-04-03T15:00,27.8,30,0.0,902.8,14.6
2025-04-03T16:00,30.8,20,0.0,903.1,24.5
2025-04-03T17:00,28.0,26,0.0,902.9,21.0
2025-04-03T18:00,27.5,29,0.0,902.1,16.0
2025-04-03T19:00,25.6,34,0.0,901.6,5.6
2025-04-03T20:00,24.6,38,0.0,902.2,10.6
2025-04-03T21:00,23.1,47,0.0,901.5,3.6
2025-04-03T22:00,22.0,50,0.0,901.3,5.4
2025-04-03T23:00,21.4,52,0.1,901.1,6.4
2025-04-04T00:00,21.4,51,0.0,900.5,4.4
2025-04-04T01:00,20.7,52,0.0,901.1,13.9
2025-04-04T02:00,20.0,55,0.0,900.9,10.8
2025-04-04T03:00,18.8,63,0.2,901.3,16.9
2025-04-04T04:00,21.0,51,0.0,900.6,14.6
2025-04-04T05:00,20.2,56,0.0,900.2,12.1
2025-04-04T06:00,19.9,57,0.0,900.6,6.4
2025-04-04T07:00,18.7,66,0.2,900.9,13.9
2025-04-04T08:00,19.8,62,0.0,901.4,11.3
2025-04-04T09:00,21.8,54,0.0,902.2,12.1
2025-04-04T10:00,25.3,40,0.0,902.4,11.9
2025-04-04T11:00,28.7,28,0.0,902.7,23.0
2025-04-04T12:00,28.5,27,0.0,902.7,27.3
2025-04-04T13:00,29.6,25,0.0,902.0,27.5
2025-04-04T14:00,30.0,20,0.0,901.1,29.0
2025-04-04T15:00,28.0,29,0.0,901.3,36.8
2025-04-04T16:00,24.2,41,0.8,900.3,6.7
2025-04-04T17:00,26.9,32,0.0,900.5,13.4
2025-04-04T18:00,26.0,34,0.0,900.3,9.4
2025-04-04T19:00,24.0,41,0.0,900.2,5.4
2025-04-04T20:00,23.0,43,0.0,900.3,7.6
2025-04-04T21:00,22.3,42,0.0,901.0,13.8
2025-04-04T22:00,20.8,49,0.0,901.6,18.8
2025-04-04T23:00,19.6,56,0.3,901.4,23.7
2025-04-05T00:00,20.5,46,0.0,900.8,24.3
2025-04-05T01:00,18.9,56,0.0,899.9,18.4
2025-04-05T02:00,19.3,53,0.0,899.2,19.5
2025-04-05T03:00,19.5,47,0.0,899.1,20.3
2025-04-05T04:00,19.4,52,0.3,899.0,13.7
2025-04-05T05:00,18.2,57,0.0,899.4,8.9
2025-04-05T06:00,17.5,61,0.0,899.7,9.7
2025-04-05T07:00,17.6,57,0.0,900.5,12.6
2025-04-05T08:00,19.2,49,0.0,901.6,12.8
2025-04-05T09:00,22.1,27,0.0,902.9,14.9
2025-04-05T10:00,23.5,20,0.0,903.6,15.4
2025-04-05T11:00,25.2,17,0.0,903.5,14.1
2025-04-05T12:00,26.6,13,0.0,903.6,13.8
2025-04-05T13:00,27.1,12,0.0,903.4,14.6
2025-04-05T14:00,27.4,11,0.0,902.9,13.9
2025-04-05T15:00,27.5,11,0.0,902.4,13.9
2025-04-05T16:00,28.1,8,0.0,903.3,15.5
2025-04-05T17:00,27.3,9,0.0,903.2,13.9
2025-04-05T18:00,26.1,11,0.0,903.0,9.2
2025-04-05T19:00,24.2,14,0.0,902.9,7.4
2025-04-05T20:00,23.3,16,0.0,903.5,13.9
2025-04-05T21:00,22.3,18,0.0,903.9,14.2
2025-04-05T22:00,20.8,20,0.0,904.1,14.1
2025-04-05T23:00,20.0,20,0.0,904.2,12.1
2025-04-06T00:00,19.4,21,0.0,904.3,8.5
2025-04-06T01:00,18.6,22,0.0,904.0,5.9
2025-04-06T02:00,18.2,23,0.0,903.4,7.6
2025-04-06T03:00,17.4,25,0.0,902.9,5.7
2025-04-06T04:00,17.0,23,0.0,903.1,4.1
2025-04-06T05:00,16.8,23,0.0,903.1,4.1
2025-04-06T06:00,16.4,23,0.0,903.1,3.8
2025-04-06T07:00,17.2,20,0.0,904.2,5.5
2025-04-06T08:00,18.5,16,0.0,905.2,5.8
2025-04-06T09:00,20.1,13,0.0,906.1,9.9
2025-04-06T10:00,22.5,16,0.0,907.0,17.8
2025-04-06T11:00,21.9,39,0.0,906.2,14.6
2025-04-06T12:00,22.9,37,0.0,906.0,9.0
2025-04-06T13:00,24.6,31,0.0,905.8,11.2
2025-04-06T14:00,20.8,51,0.1,904.9,19.1
2025-04-06T15:00,23.4,43,0.0,904.2,15.4
2025-04-06T16:00,24.6,37,0.0,904.9,15.6
2025-04-06T17:00,23.7,42,0.0,905.0,21.9
2025-04-06T18:00,22.9,42,0.1,904.5,20.9
2025-04-06T19:00,20.1,58,0.0,904.5,19.4
2025-04-06T20:00,19.3,63,0.0,905.3,18.7
2025-04-06T21:00,18.7,67,0.0,906.0,21.1
2025-04-06T22:00,17.7,72,0.0,906.1,22.9
2025-04-06T23:00,17.4,72,0.0,905.8,21.4
2025-04-07T00:00,18.0,68,0.0,905.6,22.3
2025-04-07T01:00,17.6,72,0.0,905.4,24.4
2025-04-07T02:00,16.9,77,0.0,904.7,23.8
2025-04-07T03:00,16.5,76,0.0,904.2,26.5
2025-04-07T04:00,16.5,65,0.3,905.0,21.6
2025-04-07T05:00,15.3,77,3.9,905.9,11.8
2025-04-07T06:00,15.4,68,0.0,905.7,5.1
2025-04-07T07:00,16.0,65,0.0,905.9,5.3
2025-04-07T08:00,16.7,70,0.4,906.7,9.6
2025-04-07T09:00,18.5,66,0.4,907.0,16.6
2025-04-07T10:00,20.2,58,0.0,908.3,22.4
2025-04-07T11:00,21.4,56,0.0,908.6,28.6
2025-04-07T12:00,23.0,51,0.0,908.0,26.5
2025-04-07T13:00,24.6,45,0.0,907.6,27.5
2025-04-07T14:00,25.4,42,0.1,907.0,27.8
2025-04-07T15:00,25.7,39,0.0,906.6,25.5
2025-04-07T16:00,24.6,48,0.0,906.7,17.6
2025-04-07T17:00,24.1,50,0.0,906.4,15.0
2025-04-07T18:00,22.6,61,0.0,906.3,10.5
2025-04-07T19:00,21.1,69,0.0,906.6,8.0
2025-04-07T20:00,20.2,72,0.0,906.7,7.4
2025-04-07T21:00,19.4,74,0.0,907.0,8.7
2025-04-07T22:00,18.5,78,0.0,906.9,10.2
2025-04-07T23:00,18.0,79,0.0,906.6,10.9
2025-04-08T00:00,17.5,80,0.0,906.4,11.3
2025-04-08T01:00,17.3,79,0.0,906.0,12.6
2025-04-08T02:00,17.2,77,0.0,905.6,13.3
2025-04-08T03:00,17.4,74,0.0,905.1,13.4
2025-04-08T04:00,17.9,74,0.0,905.6,9.0
2025-04-08T05:00,17.7,73,0.0,905.7,5.8
2025-04-08T06:00,17.2,74,0.0,905.7,3.6
2025-04-08T07:00,18.2,71,0.0,906.6,6.5
2025-04-08T08:00,21.0,62,0.0,908.0,8.5
2025-04-08T09:00,23.6,50,0.0,909.0,11.2
2025-04-08T10:00,25.9,42,0.0,909.7,13.5
2025-04-08T11:00,27.9,35,0.0,909.8,14.3
2025-04-08T12:00,29.6,27,0.0,909.4,12.9
2025-04-08T13:00,30.5,22,0.0,908.9,11.8
2025-04-08T14:00,31.0,21,0.0,908.5,12.7
2025-04-08T15:00,31.1,20,0.0,907.8,14.2
2025-04-08T16:00,32.0,16,0.0,907.8,14.3
2025-04-08T17:00,31.2,17,0.0,907.4,16.0
2025-04-08T18:00,29.6,20,0.0,907.1,14.5
2025-04-08T19:00,27.8,25,0.0,906.8,14.6
2025-04-08T20:00,27.0,28,0.0,906.9,12.9
2025-04-08T21:00,25.5,33,0.0,906.4,10.0
2025-04-08T22:00,23.7,39,0.0,905.7,9.5
2025-04-08T23:00,23.2,39,0.0,905.3,9.4
2025-04-09T00:00,22.2,42,0.0,905.1,11.2
2025-04-09T01:00,21.8,43,0.0,904.8,12.4
2025-04-09T02:00,21.2,44,0.0,904.5,12.6
2025-04-09T03:00,20.7,45,0.0,904.2,14.9
2025-04-09T04:00,21.8,40,0.0,904.3,12.0
2025-04-09T05:00,21.0,42,0.0,904.0,12.6
2025-04-09T06:00,20.4,44,0.0,904.0,13.6
2025-04-09T07:00,21.5,40,0.0,904.8,15.5
2025-04-09T08:00,24.4,34,0.0,905.8,14.0
2025-04-09T09:00,27.5,26,0.0,906.7,12.4
2025-04-09T10:00,30.3,21,0.0,907.2,13.1
2025-04-09T11:00,32.8,16,0.0,907.0,8.4
2025-04-09T12:00,34.0,14,0.0,906.6,10.3
2025-04-09T13:00,34.7,14,0.0,906.0,13.1
2025-04-09T14:00,35.1,13,0.0,905.2,16.1
2025-04-09T15:00,35.0,13,0.0,904.3,20.7
2025-04-09T16:00,34.5,13,0.0,903.8,22.5
2025-04-09T17:00,33.5,14,0.0,903.4,19.9
2025-04-09T18:00,32.3,15,0.0,903.0,15.8
2025-04-09T19:00,30.5,17,0.0,902.5,16.2
2025-04-09T20:00,29.6,17,0.0,902.9,8.9
2025-04-09T21:00,28.5,19,0.0,902.9,7.3
2025-04-09T22:00,27.1,20,0.0,902.2,3.6
2025-04-09T23:00,26.2,21,0.0,901.6,3.9
2025-04-10T00:00,25.1,22,0.0,900.9,4.0
2025-04-10T01:00,24.9,21,0.0,900.2,4.0
2025-04-10T02:00,24.5,20,0.0,899.8,7.3
2025-04-10T03:00,24.0,18,0.0,899.3,9.8
2025-04-10T04:00,24.7,14,0.0,900.7,21.3
2025-04-10T05:00,23.8,21,0.0,900.1,15.5
2025-04-10T06:00,23.5,18,0.0,899.9,14.1
2025-04-10T07:00,22.5,18,0.0,899.4,9.7
2025-04-10T08:00,26.2,14,0.0,901.4,13.0
2025-04-10T09:00,29.2,11,0.0,902.2,12.3
2025-04-10T10:00,29.8,11,0.0,902.5,16.2
2025-04-10T11:00,30.8,10,0.0,902.5,15.5
2025-04-10T12:00,32.2,12,0.0,902.0,14.6
2025-04-10T13:00,32.6,14,0.0,901.5,19.6
2025-04-10T14:00,32.3,15,0.0,900.7,21.6
2025-04-10T15:00,32.5,15,0.0,900.0,17.7
2025-04-10T16:00,32.8,15,0.0,899.6,21.1
2025-04-10T17:00,28.8,26,0.3,900.0,24.7
2025-04-10T18:00,28.4,23,0.1,899.8,15.1
2025-04-10T19:00,28.4,21,0.0,899.5,21.2
2025-04-10T20:00,27.5,25,0.0,899.8,20.4
2025-04-10T21:00,26.2,29,0.0,900.1,18.2
2025-04-10T22:00,25.3,31,0.0,900.2,10.3
2025-04-10T23:00,22.8,26,0.0,900.6,17.8
2025-04-11T00:00,21.5,29,0.0,900.4,17.5
2025-04-11T01:00,20.1,34,0.0,900.0,17.6
2025-04-11T02:00,18.9,37,0.0,899.6,16.4
2025-04-11T03:00,18.0,40,0.0,899.4,17.3
2025-04-11T04:00,16.6,35,0.0,899.7,17.9
2025-04-11T05:00,15.7,37,0.0,899.4,17.0
2025-04-11T06:00,14.9,39,0.0,899.6,17.7
2025-04-11T07:00,15.0,36,0.0,900.1,16.5
2025-04-11T08:00,16.0,32,0.0,900.9,17.0
2025-04-11T09:00,17.6,30,0.0,901.1,18.0
2025-04-11T10:00,19.4,30,0.0,901.4,16.2
2025-04-11T11:00,21.2,29,0.0,901.4,14.3
2025-04-11T12:00,23.0,27,0.0,900.7,12.6
2025-04-11T13:00,24.5,26,0.0,900.1,10.7
2025-04-11T14:00,25.6,25,0.0,899.1,8.0
2025-04-11T15:00,26.7,23,0.0,898.6,6.5
2025-04-11T16:00,25.9,24,0.0,899.0,5.9
2025-04-11T17:00,26.5,23,0.0,897.9,12.8
2025-04-11T18:00,25.5,27,0.0,897.3,19.5
2025-04-11T19:00,24.2,29,0.0,896.3,16.8
2025-04-11T20:00,22.8,33,0.0,896.0,20.4
2025-04-11T21:00,21.5,43,0.0,896.7,0.7
2025-04-11T22:00,20.5,42,0.0,896.6,2.9
2025-04-11T23:00,19.7,43,0.0,896.7,6.6
2025-04-12T00:00,18.6,38,0.0,896.3,11.2
2025-04-12T01:00,17.8,36,0.0,895.9,8.8
2025-04-12T02:00,16.9,38,0.0,895.3,3.1
2025-04-12T03:00,16.4,41,0.0,895.4,11.0
2025-04-12T04:00,17.2,29,0.0,896.9,20.7
2025-04-12T05:00,16.2,24,0.0,897.2,21.1
2025-04-12T06:00,14.6,28,0.0,897.7,25.8
2025-04-12T07:00,12.9,39,0.0,898.7,30.3
2025-04-12T08:00,12.9,44,0.0,899.8,31.1
2025-04-12T09:00,14.4,39,0.0,900.9,29.0
2025-04-12T10:00,16.1,34,0.0,901.5,25.4
2025-04-12T11:00,18.0,29,0.0,902.0,22.2
2025-04-12T12:00,19.5,26,0.0,901.9,19.1
2025-04-12T13:00,20.8,24,0.0,901.7,16.4
2025-04-12T14:00,21.5,22,0.0,901.6,14.0
2025-04-12T15:00,21.8,21,0.0,901.2,13.2
2025-04-12T16:00,21.5,20,0.0,901.5,11.8
2025-04-12T17:00,20.9,21,0.0,901.3,10.2
2025-04-12T18:00,20.0,22,0.0,901.3,9.1
2025-04-12T19:00,19.0,24,0.0,901.2,8.5
2025-04-12T20:00,18.2,25,0.0,901.6,10.1
2025-04-12T21:00,17.4,27,0.0,902.0,11.6
2025-04-12T22:00,16.5,29,0.0,901.6,10.5
2025-04-12T23:00,15.8,30,0.0,901.4,8.7
2025-04-13T00:00,15.2,31,0.0,900.9,8.0
2025-04-13T01:00,14.6,32,0.0,900.4,7.7
2025-04-13T02:00,14.0,33,0.0,900.1,5.7
2025-04-13T03:00,13.2,35,0.0,900.0,5.2
2025-04-13T04:00,12.5,39,0.0,899.9,3.6
2025-04-13T05:00,11.8,40,0.0,900.0,4.9
2025-04-13T06:00,11.6,41,0.0,900.5,3.7
2025-04-13T07:00,13.1,37,0.0,901.5,6.7
2025-04-13T08:00,15.6,32,0.0,902.9,6.1
2025-04-13T09:00,18.2,25,0.0,903.8,13.4
2025-04-13T10:00,20.5,21,0.0,904.3,16.7
2025-04-13T11:00,22.5,19,0.0,904.4,16.7
2025-04-13T12:00,24.4,17,0.0,904.0,17.4
2025-04-13T13:00,25.8,15,0.0,903.5,19.0
2025-04-13T14:00,26.9,13,0.0,902.6,21.0
2025-04-13T15:00,27.5,12,0.0,901.8,22.3
2025-04-13T16:00,27.4,12,0.0,901.9,19.8
2025-04-13T17:00,27.1,11,0.0,901.1,20.2
2025-04-13T18:00,26.4,10,0.0,900.8,18.6
2025-04-13T19:00,24.8,12,0.0,900.4,12.1
2025-04-13T20:00,23.0,13,0.0,900.1,5.8
2025-04-13T21:00,21.5,15,0.0,899.8,5.2
2025-04-13T22:00,20.8,17,0.0,900.1,9.6
2025-04-13T23:00,20.5,15,0.0,900.6,16.6
2025-04-14T00:00,19.5,15,0.0,900.3,6.8
2025-04-14T01:00,17.5,18,0.0,899.5,4.8
2025-04-14T02:00,16.3,21,0.0,898.7,0.8
2025-04-14T03:00,16.4,16,0.0,898.8,12.8
2025-04-14T04:00,16.9,17,0.0,898.9,14.5
2025-04-14T05:00,15.2,24,0.0,898.7,14.1
2025-04-14T06:00,14.4,32,0.0,899.0,17.1
2025-04-14T07:00,15.0,29,0.0,899.7,17.4
2025-04-14T08:00,17.1,25,0.0,901.1,18.6
2025-04-14T09:00,18.5,24,0.0,902.0,22.9
2025-04-14T10:00,19.6,23,0.0,902.9,27.1
2025-04-14T11:00,19.8,24,0.0,903.2,27.1
2025-04-14T12:00,20.4,24,0.0,903.5,26.9
2025-04-14T13:00,20.7,25,0.0,903.3,28.1
2025-04-14T14:00,20.8,24,0.0,903.3,27.9
2025-04-14T15:00,20.8,23,0.0,902.9,25.4
2025-04-14T16:00,20.8,24,0.0,903.5,22.5
2025-04-14T17:00,20.2,26,0.0,903.5,19.5
2025-04-14T18:00,19.1,28,0.0,903.5,16.9
2025-04-14T19:00,18.4,29,0.0,903.8,14.3
2025-04-14T20:00,17.8,29,0.0,904.4,16.1
2025-04-14T21:00,16.7,30,0.0,904.6,14.0
2025-04-14T22:00,15.4,33,0.0,904.3,11.4
2025-04-14T23:00,14.6,35,0.0,903.8,6.8
2025-04-15T00:00,13.6,39,0.0,903.6,1.5
2025-04-15T01:00,13.1,40,0.0,903.5,0.8
2025-04-15T02:00,12.0,43,0.0,903.0,2.0
2025-04-15T03:00,11.4,44,0.0,903.0,2.6
2025-04-15T04:00,11.8,42,0.0,903.3,3.8
2025-04-15T05:00,11.4,43,0.0,903.3,4.8
2025-04-15T06:00,10.4,44,0.0,903.1,3.6
2025-04-15T07:00,11.8,40,0.0,904.2,4.2
2025-04-15T08:00,14.8,32,0.0,905.9,3.1
2025-04-15T09:00,17.0,27,0.0,906.8,8.8
2025-04-15T10:00,18.4,24,0.0,907.3,7.9
2025-04-15T11:00,20.0,22,0.0,907.6,4.3
2025-04-15T12:00,21.9,19,0.0,907.4,2.3
2025-04-15T13:00,23.5,16,0.0,907.0,5.4
2025-04-15T14:00,24.5,13,0.0,906.4,9.2
2025-04-15T15:00,24.8,13,0.0,905.8,10.9
2025-04-15T16:00,25.0,15,0.0,905.7,7.8
2025-04-15T17:00,25.0,14,0.0,905.3,8.1
2025-04-15T18:00,23.9,15,0.0,905.4,10.4
2025-04-15T19:00,22.1,17,0.0,905.4,10.0
2025-04-15T20:00,20.9,18,0.0,905.7,13.5
2025-04-15T21:00,19.8,20,0.0,905.9,15.1
2025-04-15T22:00,18.7,23,0.0,905.9,10.1
2025-04-15T23:00,17.5,26,0.0,905.7,6.3
2025-04-16T00:00,16.4,28,0.0,905.6,6.1
2025-04-16T01:00,15.3,30,0.0,905.6,5.8
2025-04-16T02:00,14.8,31,0.0,905.4,8.0
2025-04-16T03:00,13.8,30,0.0,905.3,10.6
2025-04-16T04:00,13.1,29,0.0,905.6,9.0
2025-04-16T05:00,12.4,31,0.0,905.3,7.6
2025-04-16T06:00,11.9,31,0.0,905.7,6.0
2025-04-16T07:00,12.9,30,0.0,906.8,8.5
2025-04-16T08:00,14.6,26,0.0,907.8,8.1
2025-04-16T09:00,16.7,23,0.0,908.7,11.6
2025-04-16T10:00,18.8,20,0.0,909.1,14.2
2025-04-16T11:00,20.8,17,0.0,909.1,14.2
2025-04-16T12:00,22.6,16,0.0,908.6,14.1
2025-04-16T13:00,24.1,14,0.0,908.0,12.8
2025-04-16T14:00,25.2,13,0.0,907.4,10.3
2025-04-16T15:00,25.8,13,0.0,906.8,7.9
2025-04-16T16:00,25.9,12,0.0,906.5,5.6
2025-04-16T17:00,25.7,12,0.0,906.1,5.0
2025-04-16T18:00,25.0,13,0.0,905.8,5.2
2025-04-16T19:00,23.5,14,0.0,905.4,10.5
2025-04-16T20:00,22.0,16,0.0,905.5,14.5
2025-04-16T21:00,20.8,18,0.0,905.7,13.2
2025-04-16T22:00,19.4,20,0.0,905.7,13.9
2025-04-16T23:00,18.2,22,0.0,905.6,12.2
2025-04-17T00:00,17.3,24,0.0,905.2,10.1
2025-04-17T01:00,16.5,25,0.0,904.9,9.4
2025-04-17T02:00,15.4,27,0.0,904.5,8.2
2025-04-17T03:00,14.5,29,0.0,904.1,8.0
2025-04-17T04:00,14.2,31,0.0,904.2,9.1
2025-04-17T05:00,13.2,34,0.0,904.3,8.1
2025-04-17T06:00,12.6,35,0.0,904.4,7.0
2025-04-17T07:00,13.4,34,0.0,905.5,8.7
2025-04-17T08:00,15.4,30,0.0,906.4,10.2
2025-04-17T09:00,17.1,25,0.0,907.0,14.1
2025-04-17T10:00,19.4,21,0.0,907.3,16.0
2025-04-17T11:00,21.6,18,0.0,907.5,17.9
2025-04-17T12:00,23.3,17,0.0,907.3,18.2
2025-04-17T13:00,24.6,16,0.0,906.7,17.5
2025-04-17T14:00,25.5,15,0.0,906.0,17.0
2025-04-17T15:00,25.8,15,0.0,905.4,16.7
2025-04-17T16:00,25.6,15,0.0,905.5,16.7
2025-04-17T17:00,25.0,15,0.0,905.3,16.2
2025-04-17T18:00,23.9,16,0.0,905.1,16.3
2025-04-17T19:00,22.5,18,0.0,905.0,15.1
2025-04-17T20:00,21.3,19,0.0,905.2,15.1
2025-04-17T21:00,20.2,21,0.0,905.6,16.6
2025-04-17T22:00,19.1,22,0.0,905.4,16.5
2025-04-17T23:00,18.1,24,0.0,905.4,14.7
2025-04-18T00:00,16.9,26,0.0,905.0,10.5
2025-04-18T01:00,15.6,28,0.0,904.7,9.4
2025-04-18T02:00,14.6,30,0.0,904.5,9.7
2025-04-18T03:00,13.7,33,0.0,904.5,10.0
2025-04-18T04:00,13.7,35,0.0,904.6,9.9
2025-04-18T05:00,13.0,39,0.0,904.5,9.6
2025-04-18T06:00,12.3,43,0.0,904.4,8.2
2025-04-18T07:00,13.2,42,0.0,905.2,7.5
2025-04-18T08:00,15.1,38,0.0,906.0,7.5
2025-04-18T09:00,17.4,32,0.0,906.4,10.3
2025-04-18T10:00,19.7,27,0.0,906.6,12.6
2025-04-18T11:00,21.5,23,0.0,906.5,13.1
2025-04-18T12:00,23.3,21,0.0,906.0,13.1
2025-04-18T13:00,24.6,19,0.0,905.4,13.4
2025-04-18T14:00,25.5,18,0.0,904.9,13.1
2025-04-18T15:00,25.9,17,0.0,904.5,12.8
2025-04-18T16:00,25.9,17,0.0,904.3,13.5
2025-04-18T17:00,25.3,17,0.0,904.0,13.1
2025-04-18T18:00,24.4,18,0.0,903.9,12.7
2025-04-18T19:00,23.1,19,0.0,903.7,13.0
2025-04-18T20:00,21.9,21,0.0,904.2,13.6
2025-04-18T21:00,20.6,24,0.0,904.4,12.9
2025-04-18T22:00,19.5,26,0.0,904.3,12.0
2025-04-18T23:00,18.4,28,0.0,904.1,12.5
2025-04-19T00:00,17.5,30,0.0,904.0,13.0
2025-04-19T01:00,16.5,32,0.0,903.6,10.2
2025-04-19T02:00,15.6,34,0.0,903.3,7.6
2025-04-19T03:00,14.8,36,0.0,903.0,5.9
2025-04-19T04:00,14.9,36,0.0,903.2,5.1
2025-04-19T05:00,14.0,38,0.0,903.0,4.5
2025-04-19T06:00,13.8,39,0.0,903.2,3.1
2025-04-19T07:00,15.5,34,0.0,904.0,5.0
2025-04-19T08:00,18.0,28,0.0,904.9,4.1
2025-04-19T09:00,20.7,23,0.0,905.6,8.3
2025-04-19T10:00,23.0,20,0.0,906.0,12.2
2025-04-19T11:00,24.9,18,0.0,906.0,13.9
2025-04-19T12:00,26.5,17,0.0,905.8,14.5
2025-04-19T13:00,27.8,16,0.0,905.3,14.4
2025-04-19T14:00,28.5,15,0.0,904.6,14.4
2025-04-19T15:00,28.8,15,0.0,904.1,13.7
2025-04-19T16:00,29.0,15,0.0,904.0,12.9
2025-04-19T17:00,28.5,15,0.0,903.8,12.2
2025-04-19T18:00,27.5,16,0.0,903.7,13.5
2025-04-19T19:00,25.9,17,0.0,903.3,18.5
2025-04-19T20:00,24.6,19,0.0,903.7,18.8
2025-04-19T21:00,23.4,21,0.0,904.0,17.4
2025-04-19T22:00,22.0,23,0.0,904.2,14.3
2025-04-19T23:00,21.0,25,0.0,904.0,12.5
2025-04-20T00:00,20.1,26,0.0,903.7,11.7
2025-04-20T01:00,19.5,25,0.0,903.0,13.1
2025-04-20T02:00,18.8,25,0.0,902.5,10.2
2025-04-20T03:00,17.8,26,0.0,902.2,6.0
2025-04-20T04:00,18.1,26,0.0,902.2,6.2
2025-04-20T05:00,17.4,27,0.0,902.1,5.3
2025-04-20T06:00,16.6,29,0.0,902.3,4.5
2025-04-20T07:00,18.3,25,0.0,903.3,6.0
2025-04-20T08:00,20.6,22,0.0,904.4,6.4
2025-04-20T09:00,23.5,19,0.0,905.0,11.6
2025-04-20T10:00,26.0,19,0.0,905.2,12.8
2025-04-20T11:00,28.1,20,0.0,905.0,13.1
2025-04-20T12:00,29.8,20,0.0,904.7,12.7
2025-04-20T13:00,31.5,17,0.0,904.0,8.5
2025-04-20T14:00,32.5,15,0.0,903.4,10.3
2025-04-20T15:00,33.1,13,0.0,902.6,12.9
2025-04-20T16:00,32.8,12,0.0,902.1,15.5
2025-04-20T17:00,32.2,13,0.0,901.7,16.8
2025-04-20T18:00,31.4,14,0.0,901.5,15.7
2025-04-20T19:00,30.1,16,0.0,901.5,18.1
2025-04-20T20:00,28.1,22,0.0,901.5,22.4
2025-04-20T21:00,27.4,23,0.0,901.4,23.6
2025-04-20T22:00,26.2,30,0.0,901.6,22.3
2025-04-20T23:00,25.1,33,0.0,901.3,18.4
2025-04-21T00:00,23.5,36,0.0,901.5,9.6
2025-04-21T01:00,22.1,39,0.0,901.2,10.7
2025-04-21T02:00,21.7,38,0.0,900.8,12.7
2025-04-21T03:00,20.9,43,0.0,900.2,12.7
2025-04-21T04:00,19.9,55,0.0,900.3,15.4
2025-04-21T05:00,19.4,57,0.0,900.1,15.2
2025-04-21T06:00,18.6,60,0.0,900.0,15.9
2025-04-21T07:00,19.5,57,0.0,901.0,14.6
2025-04-21T08:00,22.6,43,0.0,902.5,12.1
2025-04-21T09:00,26.5,24,0.0,903.6,15.3
2025-04-21T10:00,28.2,11,0.0,904.0,19.8
2025-04-21T11:00,29.6,7,0.0,903.9,21.4
2025-04-21T12:00,30.6,6,0.0,903.6,23.3
2025-04-21T13:00,31.4,6,0.0,903.4,23.8
2025-04-21T14:00,31.8,7,0.0,902.9,23.4
2025-04-21T15:00,31.9,7,0.0,902.3,22.0
2025-04-21T16:00,31.5,9,0.0,902.4,21.9
2025-04-21T17:00,30.5,10,0.0,902.6,23.1
2025-04-21T18:00,29.4,10,0.0,902.8,21.7
2025-04-21T19:00,28.0,10,0.0,903.0,18.0
2025-04-21T20:00,26.9,11,0.0,903.5,14.7
2025-04-21T21:00,25.7,13,0.0,903.8,11.0
2025-04-21T22:00,24.5,13,0.0,903.7,8.8
2025-04-21T23:00,23.5,13,0.0,903.6,8.4
2025-04-22T00:00,22.0,13,0.0,903.1,5.2
2025-04-22T01:00,20.7,14,0.0,902.4,4.9
2025-04-22T02:00,19.7,15,0.0,902.2,5.6
2025-04-22T03:00,18.5,15,0.0,901.9,5.9
2025-04-22T04:00,18.8,14,0.0,902.7,5.6
2025-04-22T05:00,18.2,13,0.0,902.9,5.7
2025-04-22T06:00,17.8,13,0.0,903.2,7.1
2025-04-22T07:00,19.5,12,0.0,904.5,9.7
2025-04-22T08:00,23.8,9,0.0,906.6,6.8
2025-04-22T09:00,27.8,6,0.0,907.9,6.0
2025-04-22T10:00,29.9,6,0.0,908.2,13.8
2025-04-22T11:00,31.0,7,0.0,908.2,17.2
2025-04-22T12:00,31.9,8,0.0,908.3,17.7
2025-04-22T13:00,32.5,8,0.0,907.8,18.7
2025-04-22T14:00,32.8,7,0.0,907.6,18.9
2025-04-22T15:00,32.8,7,0.0,907.1,19.1
2025-04-22T16:00,32.7,7,0.0,907.5,16.2
2025-04-22T17:00,32.0,8,0.0,907.3,15.5
2025-04-22T18:00,31.0,9,0.0,907.4,13.9
2025-04-22T19:00,29.2,9,0.0,907.3,10.7
2025-04-22T20:00,28.0,10,0.0,907.5,9.5
2025-04-22T21:00,26.8,11,0.0,908.0,5.8
2025-04-22T22:00,25.5,13,0.0,907.8,4.1
2025-04-22T23:00,24.9,13,0.0,907.4,4.0
2025-04-23T00:00,24.1,15,0.0,907.0,1.7
2025-04-23T01:00,23.4,14,0.0,906.4,4.1
2025-04-23T02:00,22.5,15,0.0,906.1,4.9
2025-04-23T03:00,21.8,16,0.0,905.9,6.1
2025-04-23T04:00,20.9,17,0.0,905.4,4.8
2025-04-23T05:00,21.2,17,0.0,905.6,6.2
2025-04-23T06:00,21.4,17,0.0,906.2,11.5
2025-04-23T07:00,22.9,16,0.0,907.0,10.8
2025-04-23T08:00,26.0,13,0.0,908.4,9.7
2025-04-23T09:00,30.0,10,0.0,909.5,8.4
2025-04-23T10:00,32.6,9,0.0,910.0,4.3
2025-04-23T11:00,33.8,8,0.0,910.0,4.4
2025-04-23T12:00,34.6,8,0.0,909.8,4.2
2025-04-23T13:00,34.8,8,0.0,909.0,2.6
2025-04-23T14:00,34.6,8,0.0,908.5,4.6
2025-04-23T15:00,33.8,9,0.0,908.2,4.0
2025-04-23T16:00,34.7,7,0.0,907.6,0.9
2025-04-23T17:00,35.3,6,0.0,906.8,3.8
2025-04-23T18:00,34.6,6,0.0,906.2,4.9
2025-04-23T19:00,32.0,9,0.0,905.5,3.8
2025-04-23T20:00,30.6,11,0.0,905.6,3.7
2025-04-23T21:00,30.5,11,0.0,906.5,5.9
2025-04-23T22:00,29.0,13,0.0,906.2,5.1
2025-04-23T23:00,28.5,12,0.0,906.0,7.1
2025-04-24T00:00,27.9,12,0.0,905.3,17.2
2025-04-24T01:00,27.2,12,0.0,905.1,17.7
2025-04-24T02:00,26.1,13,0.0,904.7,11.9
2025-04-24T03:00,24.5,15,0.0,904.3,11.8
2025-04-24T04:00,23.8,15,0.0,904.0,14.1
2025-04-24T05:00,23.2,16,0.0,903.9,16.3
2025-04-24T06:00,22.8,17,0.0,904.1,18.4
2025-04-24T07:00,24.2,16,0.0,905.3,21.8
2025-04-24T08:00,26.8,14,0.0,906.3,19.3
2025-04-24T09:00,29.6,11,0.0,906.8,23.8
2025-04-24T10:00,32.5,9,0.0,907.1,31.0
2025-04-24T11:00,34.4,8,0.0,907.1,33.4
2025-04-24T12:00,35.6,7,0.0,906.7,32.8
2025-04-24T13:00,36.5,7,0.0,906.1,27.9
2025-04-24T14:00,37.0,6,0.0,905.2,23.7
2025-04-24T15:00,36.9,7,0.0,904.5,21.6
2025-04-24T16:00,36.8,7,0.0,903.9,17.4
2025-04-24T17:00,36.5,7,0.0,903.3,16.4
2025-04-24T18:00,35.4,8,0.0,902.9,16.1
2025-04-24T19:00,33.7,9,0.0,902.8,16.1
2025-04-24T20:00,32.7,10,0.0,902.9,19.1
2025-04-24T21:00,31.9,10,0.0,903.0,17.8
2025-04-24T22:00,30.8,11,0.0,902.9,14.8
2025-04-24T23:00,29.7,12,0.0,902.5,14.4
2025-04-25T00:00,29.5,12,0.0,902.5,14.4
2025-04-25T01:00,28.6,13,0.0,902.0,16.0
2025-04-25T02:00,27.7,13,0.0,902.1,16.4
2025-04-25T03:00,27.1,14,0.0,901.7,11.3
2025-04-25T04:00,28.1,13,0.0,901.5,15.2
2025-04-25T05:00,27.8,14,0.0,901.7,13.5
2025-04-25T06:00,27.5,15,0.0,901.9,9.0
2025-04-25T07:00,28.0,15,0.0,902.9,9.2
2025-04-25T08:00,30.1,13,0.0,904.0,9.2
2025-04-25T09:00,33.2,11,0.0,904.9,10.8
2025-04-25T10:00,35.3,9,0.0,905.4,13.4
2025-04-25T11:00,36.0,9,0.0,905.3,14.3
2025-04-25T12:00,36.7,8,0.0,904.8,13.8
2025-04-25T13:00,37.0,8,0.0,904.1,18.7
2025-04-25T14:00,37.0,8,0.0,903.3,24.6
2025-04-25T15:00,37.0,7,0.0,902.7,26.5
2025-04-25T16:00,35.9,8,0.0,902.5,22.5
2025-04-25T17:00,35.7,8,0.0,902.1,19.2
2025-04-25T18:00,34.8,9,0.0,902.0,16.4
2025-04-25T19:00,33.8,9,0.0,901.5,12.8
2025-04-25T20:00,33.3,10,0.0,901.9,16.8
2025-04-25T21:00,32.1,11,0.0,902.4,9.2
2025-04-25T22:00,30.4,16,0.0,903.1,22.5
2025-04-25T23:00,30.5,16,0.1,903.0,14.9
2025-04-26T00:00,29.2,16,0.0,902.2,25.1
2025-04-26T01:00,27.1,23,0.0,901.7,20.5
2025-04-26T02:00,26.1,24,0.0,900.7,7.3
2025-04-26T03:00,24.5,26,0.0,900.5,11.7
2025-04-26T04:00,25.7,16,0.0,898.8,3.8
2025-04-26T05:00,24.3,19,0.0,898.7,3.1
2025-04-26T06:00,23.4,21,0.0,899.3,3.2
2025-04-26T07:00,25.2,20,0.0,901.0,8.7
2025-04-26T08:00,28.7,18,0.0,902.1,7.5
2025-04-26T09:00,31.9,13,0.0,903.1,9.9
2025-04-26T10:00,33.1,12,0.0,903.3,6.0
2025-04-26T11:00,34.2,11,0.0,903.2,1.1
2025-04-26T12:00,35.0,12,0.0,902.7,11.0
2025-04-26T13:00,35.5,11,0.0,902.3,14.5
2025-04-26T14:00,32.3,18,0.0,901.9,37.4
2025-04-26T15:00,33.2,13,0.0,901.4,24.1
2025-04-26T16:00,34.6,11,0.0,900.7,27.1
2025-04-26T17:00,33.5,13,0.0,900.9,30.2
2025-04-26T18:00,32.5,13,0.0,900.9,22.7
2025-04-26T19:00,30.4,17,0.0,901.1,20.7
2025-04-26T20:00,29.1,19,0.0,901.0,8.9
2025-04-26T21:00,28.6,20,0.0,900.7,6.2
2025-04-26T22:00,27.0,23,0.0,900.0,2.7
2025-04-26T23:00,25.8,24,0.0,899.9,3.7
2025-04-27T00:00,25.5,23,0.0,899.6,10.0
2025-04-27T01:00,25.1,22,0.0,899.2,9.8
2025-04-27T02:00,24.4,23,0.0,899.0,9.2
2025-04-27T03:00,24.2,23,0.0,899.2,8.9
2025-04-27T04:00,22.7,28,0.0,900.0,11.9
2025-04-27T05:00,22.0,28,0.0,900.4,12.8
2025-04-27T06:00,21.5,25,0.0,900.7,15.6
2025-04-27T07:00,22.4,21,0.0,901.7,15.5
2025-04-27T08:00,24.0,18,0.0,902.8,13.7
2025-04-27T09:00,25.5,16,0.0,903.2,13.3
2025-04-27T10:00,27.5,16,0.0,903.5,13.1
2025-04-27T11:00,29.6,15,0.0,903.3,12.7
2025-04-27T12:00,31.5,14,0.0,903.4,12.4
2025-04-27T13:00,33.0,14,0.0,903.0,12.7
2025-04-27T14:00,34.2,12,0.0,902.5,10.0
2025-04-27T15:00,35.7,11,0.0,901.6,9.6
2025-04-27T16:00,30.1,21,0.0,901.4,30.9
2025-04-27T17:00,33.5,12,0.0,900.9,16.9
2025-04-27T18:00,33.3,11,0.0,900.9,17.8
2025-04-27T19:00,31.5,14,0.0,900.8,25.0
2025-04-27T20:00,31.1,14,0.0,901.5,21.1
2025-04-27T21:00,29.0,17,0.0,901.5,7.5
2025-04-27T22:00,27.2,20,0.0,900.9,7.1
2025-04-27T23:00,26.0,22,0.0,900.3,4.8
2025-04-28T00:00,24.8,24,0.0,900.8,9.3
2025-04-28T01:00,23.7,26,0.0,900.6,10.5
2025-04-28T02:00,22.6,28,0.0,900.2,10.3
2025-04-28T03:00,21.8,30,0.0,899.5,5.4
2025-04-28T04:00,22.9,31,0.0,899.7,10.7
2025-04-28T05:00,21.5,36,0.0,899.4,5.1
2025-04-28T06:00,21.1,38,0.0,899.5,2.7
2025-04-28T07:00,22.2,35,0.0,900.3,3.4
2025-04-28T08:00,24.1,31,0.0,901.0,4.8
2025-04-28T09:00,27.1,25,0.0,901.4,6.7
2025-04-28T10:00,30.5,19,0.0,902.0,12.4
2025-04-28T11:00,33.2,15,0.0,902.1,16.6
2025-04-28T12:00,34.0,13,0.0,901.5,26.2
2025-04-28T13:00,34.8,11,0.0,900.9,32.2
2025-04-28T14:00,35.7,9,0.0,900.6,32.8
2025-04-28T15:00,35.3,10,0.0,900.1,27.2
2025-04-28T16:00,29.8,19,0.0,900.9,12.1
2025-04-28T17:00,28.2,24,0.0,899.8,14.8
2025-04-28T18:00,28.1,22,0.0,899.3,7.3
2025-04-28T19:00,27.4,27,0.0,900.2,2.9
2025-04-28T20:00,26.1,28,0.0,900.3,10.1
2025-04-28T21:00,25.5,34,0.0,900.2,11.1
2025-04-28T22:00,24.4,38,0.0,900.0,13.6
2025-04-28T23:00,23.9,39,0.0,900.0,13.1
2025-04-29T00:00,23.0,39,0.0,899.5,10.8
2025-04-29T01:00,22.4,42,0.0,899.3,9.4
2025-04-29T02:00,22.4,40,0.0,899.4,18.8
2025-04-29T03:00,21.4,40,0.0,899.4,29.8
2025-04-29T04:00,23.2,33,0.0,899.6,17.4
2025-04-29T05:00,22.5,36,0.0,899.5,17.8
2025-04-29T06:00,22.1,37,0.0,899.4,18.6
2025-04-29T07:00,23.6,30,0.0,900.0,20.3
2025-04-29T08:00,27.1,22,0.0,901.1,24.9
2025-04-29T09:00,29.7,18,0.0,901.5,24.4
2025-04-29T10:00,30.9,16,0.0,901.6,23.3
2025-04-29T11:00,32.3,15,0.0,901.6,25.1
2025-04-29T12:00,33.2,13,0.0,901.2,23.1
2025-04-29T13:00,33.8,13,0.0,901.0,22.2
2025-04-29T14:00,32.8,14,0.0,900.4,26.7
2025-04-29T15:00,33.0,12,0.1,899.7,19.6
2025-04-29T16:00,34.0,8,0.0,899.7,19.0
2025-04-29T17:00,33.2,8,0.0,899.3,12.3
2025-04-29T18:00,31.5,10,0.0,899.3,7.7
2025-04-29T19:00,29.0,17,0.0,899.5,14.0
2025-04-29T20:00,27.0,19,0.0,899.8,5.4
2025-04-29T21:00,25.6,23,0.0,900.2,10.2
2025-04-29T22:00,24.1,31,0.0,900.2,0.4
2025-04-29T23:00,23.2,31,0.0,900.3,3.5
2025-04-30T00:00,23.5,29,0.0,899.9,6.8
2025-04-30T01:00,22.1,33,0.0,899.7,6.1
2025-04-30T02:00,21.4,37,0.0,899.5,10.8
2025-04-30T03:00,20.9,38,0.0,899.3,9.6
2025-04-30T04:00,19.8,46,0.0,900.5,9.8
2025-04-30T05:00,19.5,46,0.0,900.3,7.9
2025-04-30T06:00,19.1,48,0.0,900.6,9.7
2025-04-30T07:00,20.5,43,0.0,901.8,7.8
2025-04-30T08:00,23.2,36,0.0,902.9,3.4
2025-04-30T09:00,25.8,30,0.0,903.5,1.3
2025-04-30T10:00,28.5,24,0.0,903.9,8.4
2025-04-30T11:00,30.9,20,0.0,903.9,15.2
2025-04-30T12:00,32.8,14,0.0,903.5,15.8
2025-04-30T13:00,33.8,12,0.0,903.0,15.5
2025-04-30T14:00,34.0,10,0.0,902.3,12.1
2025-04-30T15:00,34.2,9,0.0,901.4,10.8
2025-04-30T16:00,34.2,11,0.0,901.3,10.3
2025-04-30T17:00,33.7,12,0.0,901.0,9.4
2025-04-30T18:00,29.3,21,0.0,901.3,29.5
2025-04-30T19:00,30.4,16,0.0,901.3,15.2
2025-04-30T20:00,29.0,19,0.0,901.3,14.4
2025-04-30T21:00,28.0,24,0.0,901.7,21.9
2025-04-30T22:00,26.6,27,0.0,901.4,16.9
2025-04-30T23:00,26.0,27,0.0,901.3,20.6
2025-05-01T00:00,26.0,26,0.0,900.9,21.0
2025-05-01T01:00,25.5,27,0.0,900.7,17.8
2025-05-01T02:00,24.5,30,0.0,900.4,19.1
2025-05-01T03:00,24.1,32,0.0,900.2,17.3
2025-05-01T04:00,22.7,36,0.0,900.3,4.6
2025-05-01T05:00,22.8,35,0.0,900.4,8.9
2025-05-01T06:00,22.8,36,0.0,900.7,17.5
2025-05-01T07:00,24.3,34,0.0,901.7,24.2
2025-05-01T08:00,26.5,30,0.0,902.8,23.8
2025-05-01T09:00,29.1,26,0.0,903.3,24.9
2025-05-01T10:00,31.1,21,0.0,903.5,30.7
2025-05-01T11:00,32.2,19,0.0,903.5,30.2
2025-05-01T12:00,33.1,18,0.0,903.4,28.7
2025-05-01T13:00,33.5,15,0.0,903.1,31.9
2025-05-01T14:00,32.8,19,0.0,902.2,27.3
2025-05-01T15:00,33.3,15,0.0,901.8,28.3
2025-05-01T16:00,31.6,20,0.0,901.7,32.8
2025-05-01T17:00,31.3,19,0.0,900.9,13.0
2025-05-01T18:00,31.5,18,0.0,900.6,10.5
2025-05-01T19:00,30.2,20,0.0,900.4,8.6
2025-05-01T20:00,29.5,19,0.0,900.4,9.9
2025-05-01T21:00,27.6,24,0.0,900.3,3.3
2025-05-01T22:00,26.2,27,0.0,900.7,1.5
2025-05-01T23:00,25.5,23,0.0,900.6,3.2
2025-05-02T00:00,24.8,20,0.0,900.4,3.6
2025-05-02T01:00,24.0,20,0.0,900.5,2.5
2025-05-02T02:00,23.5,22,0.0,900.6,2.0
2025-05-02T03:00,23.1,21,0.0,900.8,4.8
2025-05-02T04:00,24.2,15,0.0,900.5,11.1
2025-05-02T05:00,22.0,18,0.0,900.1,4.5
2025-05-02T06:00,21.8,19,0.0,900.7,1.5
2025-05-02T07:00,23.9,17,0.0,901.9,4.6
2025-05-02T08:00,27.0,15,0.0,903.1,4.9
2025-05-02T09:00,29.7,13,0.0,904.0,3.2
2025-05-02T10:00,31.5,12,0.0,904.2,3.8
2025-05-02T11:00,32.8,10,0.0,904.1,3.1
2025-05-02T12:00,34.5,8,0.0,903.7,9.9
2025-05-02T13:00,34.8,7,0.0,903.3,16.6
2025-05-02T14:00,37.0,4,0.0,902.3,15.2
2025-05-02T15:00,35.5,5,0.0,901.8,27.8
2025-05-02T16:00,35.8,5,0.0,901.5,26.1
2025-05-02T17:00,34.8,7,0.0,900.9,28.3
2025-05-02T18:00,35.1,6,0.0,900.2,21.4
2025-05-02T19:00,32.9,8,0.0,900.6,14.4
2025-05-02T20:00,31.9,8,0.0,901.5,11.9
2025-05-02T21:00,30.0,9,0.0,901.3,5.0
2025-05-02T22:00,29.7,9,0.0,901.5,12.7
2025-05-02T23:00,28.8,9,0.0,901.4,12.6
2025-05-03T00:00,27.1,11,0.0,900.9,6.8
2025-05-03T01:00,25.0,14,0.0,900.9,3.3
2025-05-03T02:00,24.5,14,0.0,900.9,5.1
2025-05-03T03:00,24.3,15,0.0,900.7,7.3
2025-05-03T04:00,23.5,16,0.0,899.8,5.1
2025-05-03T05:00,23.5,17,0.0,899.9,7.4
2025-05-03T06:00,22.5,19,0.0,899.7,6.9
2025-05-03T07:00,23.5,19,0.0,900.4,7.9
2025-05-03T08:00,27.2,15,0.0,901.5,4.0
2025-05-03T09:00,30.0,13,0.0,902.0,5.1
2025-05-03T10:00,31.8,11,0.0,902.2,6.4
2025-05-03T11:00,33.3,11,0.0,902.5,11.2
2025-05-03T12:00,34.1,11,0.0,902.3,17.1
2025-05-03T13:00,34.8,12,0.0,901.4,24.5
2025-05-03T14:00,35.0,12,0.0,900.9,28.7
2025-05-03T15:00,35.0,12,0.0,900.1,31.0
2025-05-03T16:00,35.0,11,0.0,900.0,30.6
2025-05-03T17:00,34.3,11,0.0,899.5,26.9
2025-05-03T18:00,33.5,11,0.0,899.3,27.1
2025-05-03T19:00,31.9,10,0.0,899.5,20.4
2025-05-03T20:00,30.2,11,0.0,900.0,10.1
2025-05-03T21:00,29.4,12,0.0,900.5,14.9
2025-05-03T22:00,28.3,11,0.0,900.4,12.6
2025-05-03T23:00,26.3,13,0.0,900.2,9.2
2025-05-04T00:00,24.3,15,0.0,899.3,3.8
2025-05-04T01:00,23.2,16,0.0,898.8,2.4
2025-05-04T02:00,22.5,16,0.0,898.7,4.1
2025-05-04T03:00,21.9,15,0.0,898.8,9.9
2025-05-04T04:00,23.0,13,0.0,898.6,17.0
2025-05-04T05:00,22.6,13,0.0,898.7,20.8
2025-05-04T06:00,21.6,15,0.0,898.8,18.1
2025-05-04T07:00,22.0,16,0.0,899.5,14.9
2025-05-04T08:00,23.3,15,0.0,900.2,17.0
2025-05-04T09:00,24.9,13,0.0,900.8,18.7
2025-05-04T10:00,26.9,10,0.0,900.9,21.2
2025-05-04T11:00,28.0,9,0.0,901.0,23.2
2025-05-04T12:00,28.9,8,0.0,900.7,23.0
2025-05-04T13:00,29.0,8,0.0,900.2,22.5
2025-05-04T14:00,29.0,7,0.0,899.9,21.9
2025-05-04T15:00,29.1,6,0.0,899.7,25.3
2025-05-04T16:00,29.0,7,0.0,899.3,23.3
2025-05-04T17:00,29.0,7,0.0,898.6,23.9
2025-05-04T18:00,26.4,9,0.0,898.9,20.8
2025-05-04T19:00,25.2,10,0.0,899.3,16.8
2025-05-04T20:00,24.5,10,0.0,900.0,12.5
2025-05-04T21:00,23.2,11,0.0,900.5,8.6
2025-05-04T22:00,21.9,12,0.0,900.5,6.6
2025-05-04T23:00,20.5,14,0.0,900.1,6.0
2025-05-05T00:00,20.0,14,0.0,899.8,11.7
2025-05-05T01:00,20.0,18,0.0,899.7,17.4
2025-05-05T02:00,19.4,23,0.0,899.6,20.7
2025-05-05T03:00,18.1,26,0.0,899.7,23.9
2025-05-05T04:00,18.6,26,0.0,900.1,20.6
2025-05-05T05:00,17.6,30,0.0,900.0,19.1
2025-05-05T06:00,17.0,33,0.0,900.7,17.0
2025-05-05T07:00,17.8,33,0.0,901.9,15.4
2025-05-05T08:00,19.2,32,0.0,902.7,17.3
2025-05-05T09:00,20.6,30,0.0,903.4,16.3
2025-05-05T10:00,22.0,27,0.0,903.9,14.5
2025-05-05T11:00,23.5,24,0.0,904.3,12.5
2025-05-05T12:00,25.0,21,0.0,904.3,10.8
2025-05-05T13:00,26.4,17,0.0,903.9,11.4
2025-05-05T14:00,27.4,12,0.0,903.6,14.1
2025-05-05T15:00,27.4,10,0.0,903.3,17.1
2025-05-05T16:00,26.2,14,0.0,903.9,17.2
2025-05-05T17:00,25.4,16,0.0,903.8,15.6
2025-05-05T18:00,24.4,17,0.0,903.8,15.4
2025-05-05T19:00,23.1,19,0.0,904.0,14.5
2025-05-05T20:00,22.4,21,0.0,904.6,12.0
2025-05-05T21:00,21.5,23,0.0,904.9,9.4
2025-05-05T22:00,20.6,24,0.0,905.2,11.3
2025-05-05T23:00,20.0,25,0.0,905.1,12.9
2025-05-06T00:00,19.1,27,0.0,904.8,13.1
2025-05-06T01:00,18.2,29,0.0,904.5,11.5
2025-05-06T02:00,17.7,31,0.0,904.2,8.9
2025-05-06T03:00,17.2,32,0.0,904.2,7.7
2025-05-06T04:00,17.3,34,0.0,904.5,8.1
2025-05-06T05:00,16.1,38,0.0,904.6,4.6
2025-05-06T06:00,16.2,40,0.0,905.2,2.2
2025-05-06T07:00,18.0,35,0.0,906.4,3.6
2025-05-06T08:00,20.2,29,0.0,907.7,4.3
2025-05-06T09:00,22.1,25,0.0,908.5,9.5
2025-05-06T10:00,23.5,23,0.0,908.7,10.8
2025-05-06T11:00,24.9,21,0.0,908.7,10.2
2025-05-06T12:00,26.0,19,0.0,908.5,9.0
2025-05-06T13:00,27.0,17,0.0,908.2,7.6
2025-05-06T14:00,27.6,16,0.0,907.6,7.6
2025-05-06T15:00,28.0,15,0.0,907.0,8.9
2025-05-06T16:00,28.1,14,0.0,907.3,10.5
2025-05-06T17:00,27.7,14,0.0,907.0,10.6
2025-05-06T18:00,26.9,14,0.0,906.9,10.3
2025-05-06T19:00,25.5,16,0.0,906.8,13.1
2025-05-06T20:00,24.0,19,0.0,907.2,17.9
2025-05-06T21:00,22.9,22,0.0,907.6,16.2
2025-05-06T22:00,21.9,24,0.0,907.6,12.3
2025-05-06T23:00,21.0,25,0.0,907.3,9.6
2025-05-07T00:00,20.1,27,0.0,906.5,10.6
2025-05-07T01:00,19.4,28,0.0,906.2,7.0
2025-05-07T02:00,18.6,30,0.0,905.9,5.6
2025-05-07T03:00,18.0,31,0.0,905.7,5.8
2025-05-07T04:00,17.5,31,0.0,905.9,4.4
2025-05-07T05:00,17.1,32,0.0,905.7,2.2
2025-05-07T06:00,17.4,32,0.0,906.1,1.2
2025-05-07T07:00,18.8,26,0.0,907.3,3.5
2025-05-07T08:00,21.0,21,0.0,908.4,3.4
2025-05-07T09:00,23.3,17,0.0,908.9,7.3
2025-05-07T10:00,25.1,16,0.0,909.0,8.3
2025-05-07T11:00,26.8,15,0.0,909.2,6.7
2025-05-07T12:00,28.0,14,0.0,908.7,4.9
2025-05-07T13:00,29.0,13,0.0,908.3,4.3
2025-05-07T14:00,29.8,13,0.0,907.6,6.0
2025-05-07T15:00,30.1,12,0.0,906.8,8.4
2025-05-07T16:00,30.5,13,0.0,906.6,9.5
2025-05-07T17:00,30.0,13,0.0,906.1,13.4
2025-05-07T18:00,29.4,13,0.0,905.8,15.0
2025-05-07T19:00,28.1,12,0.0,905.6,17.7
2025-05-07T20:00,26.6,12,0.0,906.0,17.7
2025-05-07T21:00,25.0,13,0.0,905.9,16.1
2025-05-07T22:00,23.9,14,0.0,905.4,14.5
2025-05-07T23:00,22.9,14,0.0,904.7,12.7
2025-05-08T00:00,21.8,15,0.0,904.3,7.3
2025-05-08T01:00,20.3,19,0.0,903.5,4.2
2025-05-08T02:00,20.0,18,0.0,903.1,4.8
2025-05-08T03:00,19.6,19,0.0,903.2,2.1
2025-05-08T04:00,18.8,22,0.0,903.2,3.1
2025-05-08T05:00,18.5,23,0.0,903.1,3.3
2025-05-08T06:00,18.2,24,0.0,903.4,4.4
2025-05-08T07:00,20.3,22,0.0,904.9,7.0
2025-05-08T08:00,22.9,19,0.0,906.2,5.2
2025-05-08T09:00,25.4,17,0.0,907.1,9.3
2025-05-08T10:00,27.5,14,0.0,907.2,11.9
2025-05-08T11:00,29.2,12,0.0,907.0,12.4
2025-05-08T12:00,30.6,11,0.0,906.9,11.5
2025-05-08T13:00,31.8,11,0.0,906.4,10.4
2025-05-08T14:00,32.4,11,0.0,905.8,8.7
2025-05-08T15:00,32.7,10,0.0,905.2,7.6
2025-05-08T16:00,33.0,10,0.0,905.0,9.4
2025-05-08T17:00,32.7,10,0.0,904.1,10.9
2025-05-08T18:00,32.0,10,0.0,903.4,17.2
2025-05-08T19:00,30.0,12,0.0,903.3,24.1
2025-05-08T20:00,28.5,12,0.0,904.0,21.9
2025-05-08T21:00,27.1,13,0.0,904.6,17.2
2025-05-08T22:00,26.1,14,0.0,904.7,14.1
2025-05-08T23:00,25.0,16,0.0,904.4,11.4
2025-05-09T00:00,24.0,17,0.0,903.8,6.7
2025-05-09T01:00,22.6,19,0.0,903.4,4.8
2025-05-09T02:00,22.2,19,0.0,902.9,5.4
2025-05-09T03:00,22.0,20,0.0,902.7,6.9
2025-05-09T04:00,21.5,21,0.0,902.5,5.7
2025-05-09T05:00,20.9,22,0.0,902.6,5.2
2025-05-09T06:00,21.2,21,0.0,903.2,7.6
2025-05-09T07:00,22.8,19,0.0,904.4,9.5
2025-05-09T08:00,25.9,16,0.0,905.7,6.9
2025-05-09T09:00,28.5,13,0.0,906.7,11.9
2025-05-09T10:00,30.6,11,0.0,906.7,14.1
2025-05-09T11:00,32.5,11,0.0,906.7,13.3
2025-05-09T12:00,34.0,10,0.0,906.5,10.5
2025-05-09T13:00,35.1,9,0.0,906.0,8.5
2025-05-09T14:00,36.2,9,0.0,905.3,12.3
2025-05-09T15:00,36.0,8,0.0,904.5,9.9
2025-05-09T16:00,36.9,6,0.0,904.3,8.6
2025-05-09T17:00,35.7,7,0.0,904.0,22.7
2025-05-09T18:00,34.2,8,0.0,903.7,20.0
2025-05-09T19:00,33.6,9,0.0,903.7,8.9
2025-05-09T20:00,32.7,9,0.0,904.0,13.3
2025-05-09T21:00,30.6,11,0.0,905.0,13.1
2025-05-09T22:00,29.2,12,0.0,905.1,15.5
2025-05-09T23:00,28.0,14,0.0,904.8,8.3
2025-05-10T00:00,27.2,15,0.0,904.2,9.9
2025-05-10T01:00,25.5,18,0.0,903.5,6.9
2025-05-10T02:00,23.9,21,0.0,903.2,2.4
2025-05-10T03:00,23.2,21,0.0,902.9,4.4
2025-05-10T04:00,24.0,19,0.0,903.3,7.7
2025-05-10T05:00,22.9,21,0.0,903.2,9.2
2025-05-10T06:00,22.8,21,0.0,903.4,10.1
2025-05-10T07:00,24.0,20,0.0,904.5,9.8
2025-05-10T08:00,26.5,18,0.0,905.8,8.3
2025-05-10T09:00,29.0,15,0.0,906.7,8.6
2025-05-10T10:00,31.5,12,0.0,907.0,7.1
2025-05-10T11:00,33.6,9,0.0,906.9,4.7
2025-05-10T12:00,35.2,7,0.0,906.3,5.9
2025-05-10T13:00,36.3,6,0.0,905.6,10.6
2025-05-10T14:00,36.8,6,0.0,905.0,12.5
2025-05-10T15:00,37.4,5,0.0,904.2,7.1
2025-05-10T16:00,37.3,5,0.0,903.8,7.5
2025-05-10T17:00,36.5,5,0.0,903.1,9.1
2025-05-10T18:00,35.2,7,0.0,902.8,13.7
2025-05-10T19:00,33.8,8,0.0,902.8,17.9
2025-05-10T20:00,33.0,6,0.0,903.3,20.3
2025-05-10T21:00,31.3,4,0.0,903.7,25.4
2025-05-10T22:00,30.1,5,0.0,903.8,14.5
2025-05-10T23:00,27.9,6,0.0,903.2,5.5
2025-05-11T00:00,26.6,8,0.0,902.6,3.8
2025-05-11T01:00,26.2,9,0.0,902.2,1.4
2025-05-11T02:00,25.0,9,0.0,901.5,4.5
2025-05-11T03:00,24.0,10,0.0,901.2,4.2
2025-05-11T04:00,24.1,10,0.0,901.4,7.0
2025-05-11T05:00,22.9,11,0.0,900.8,7.5
2025-05-11T06:00,23.2,12,0.0,901.0,8.8
2025-05-11T07:00,25.1,11,0.0,902.0,9.6
2025-05-11T08:00,29.1,8,0.0,903.5,5.2
2025-05-11T09:00,32.3,6,0.0,904.3,1.8
2025-05-11T10:00,34.1,6,0.0,904.3,4.0
2025-05-11T11:00,35.7,7,0.0,904.3,12.2
2025-05-11T12:00,36.1,7,0.0,904.1,21.6
2025-05-11T13:00,36.2,6,0.0,903.8,23.9
2025-05-11T14:00,36.5,6,0.0,903.1,22.8
2025-05-11T15:00,35.8,7,0.0,902.6,30.3
2025-05-11T16:00,35.7,7,0.0,902.5,28.2
2025-05-11T17:00,34.8,7,0.0,902.1,27.2
2025-05-11T18:00,33.8,8,0.0,901.9,22.7
2025-05-11T19:00,32.2,9,0.0,901.7,16.2
2025-05-11T20:00,31.1,10,0.0,901.9,16.5
2025-05-11T21:00,30.2,10,0.0,901.9,15.5
2025-05-11T22:00,29.0,12,0.0,901.1,6.0
2025-05-11T23:00,27.1,14,0.0,900.4,3.1
2025-05-12T00:00,26.3,15,0.0,899.8,5.2
2025-05-12T01:00,25.1,17,0.0,899.2,8.6
2025-05-12T02:00,24.9,16,0.0,899.2,11.6
2025-05-12T03:00,25.6,15,0.0,899.4,13.5
2025-05-12T04:00,25.3,15,0.0,899.2,14.4
2025-05-12T05:00,24.5,15,0.0,899.0,12.9
2025-05-12T06:00,24.1,16,0.0,899.2,12.5
2025-05-12T07:00,26.1,14,0.0,900.4,14.4
2025-05-12T08:00,28.8,12,0.0,901.6,14.8
2025-05-12T09:00,30.9,10,0.0,902.1,13.7
2025-05-12T10:00,32.0,9,0.0,902.4,13.3
2025-05-12T11:00,33.1,9,0.0,902.2,11.6
2025-05-12T12:00,34.2,9,0.0,902.0,11.3
2025-05-12T13:00,34.8,8,0.0,901.7,13.5
2025-05-12T14:00,35.1,8,0.0,901.2,13.9
2025-05-12T15:00,35.3,8,0.0,900.6,12.6
2025-05-12T16:00,34.8,8,0.0,900.6,14.0
2025-05-12T17:00,34.0,8,0.0,900.3,16.2
2025-05-12T18:00,33.0,9,0.0,900.1,16.3
2025-05-12T19:00,31.8,10,0.0,900.2,11.4
2025-05-12T20:00,30.3,10,0.0,900.2,8.0
2025-05-12T21:00,29.1,11,0.0,900.2,6.4
2025-05-12T22:00,27.7,13,0.0,899.7,4.8
2025-05-12T23:00,26.8,15,0.0,899.3,3.6
2025-05-13T00:00,25.5,15,0.0,898.5,4.0
2025-05-13T01:00,25.3,15,0.0,898.1,5.1
2025-05-13T02:00,23.6,16,0.0,897.6,6.9
2025-05-13T03:00,23.8,16,0.0,897.7,10.6
2025-05-13T04:00,24.7,15,0.0,897.8,10.3
2025-05-13T05:00,24.9,15,0.0,899.0,20.4
2025-05-13T06:00,24.0,20,0.0,899.4,22.1
2025-05-13T07:00,24.6,24,0.0,900.6,18.9
2025-05-13T08:00,26.1,25,0.0,901.5,17.8
2025-05-13T09:00,27.2,22,0.0,902.3,20.7
2025-05-13T10:00,28.5,17,0.0,902.7,20.1
2025-05-13T11:00,29.8,15,0.0,902.9,20.6
2025-05-13T12:00,30.8,13,0.0,902.9,20.3
2025-05-13T13:00,31.9,12,0.0,902.5,17.6
2025-05-13T14:00,32.4,12,0.0,902.1,16.8
2025-05-13T15:00,32.2,12,0.0,901.7,17.3
2025-05-13T16:00,32.0,11,0.0,902.0,16.5
2025-05-13T17:00,31.5,11,0.0,901.7,17.5
2025-05-13T18:00,30.4,11,0.0,901.6,18.5
2025-05-13T19:00,29.1,11,0.0,901.5,14.9
2025-05-13T20:00,28.1,12,0.0,902.0,16.4
2025-05-13T21:00,27.1,11,0.0,902.6,18.5
2025-05-13T22:00,26.0,12,0.0,902.5,14.3
2025-05-13T23:00,24.5,14,0.0,901.6,5.1
2025-05-14T00:00,23.8,17,0.0,901.0,3.0
2025-05-14T01:00,22.9,18,0.0,900.7,1.6
2025-05-14T02:00,22.2,19,0.0,900.1,0.2
2025-05-14T03:00,21.6,18,0.0,900.1,7.7
2025-05-14T04:00,21.0,19,0.0,900.1,8.7
2025-05-14T05:00,20.6,20,0.0,900.3,7.3
2025-05-14T06:00,20.9,21,0.0,900.8,7.9
2025-05-14T07:00,23.4,19,0.0,902.4,8.3
2025-05-14T08:00,26.9,15,0.0,904.1,5.5
2025-05-14T09:00,29.5,12,0.0,904.8,6.3
2025-05-14T10:00,31.4,12,0.0,905.2,8.3
2025-05-14T11:00,32.8,11,0.0,905.2,13.1
2025-05-14T12:00,33.5,10,0.0,904.8,15.4
2025-05-14T13:00,34.2,9,0.0,904.2,13.5
2025-05-14T14:00,34.8,9,0.0,903.6,13.5
2025-05-14T15:00,34.6,11,0.0,903.0,19.5
2025-05-14T16:00,33.7,12,0.0,902.9,20.7
2025-05-14T17:00,33.0,13,0.0,902.5,19.5
2025-05-14T18:00,32.8,13,0.0,902.2,16.9
2025-05-14T19:00,31.8,15,0.0,902.1,16.0
2025-05-14T20:00,31.0,16,0.0,902.3,12.1
2025-05-14T21:00,29.4,18,0.0,901.9,4.7
2025-05-14T22:00,28.1,20,0.0,901.8,4.7
2025-05-14T23:00,27.0,21,0.0,901.7,5.2
2025-05-15T00:00,27.1,20,0.0,901.9,11.2
2025-05-15T01:00,27.0,19,0.0,901.6,19.8
2025-05-15T02:00,26.0,21,0.0,902.0,23.0
2025-05-15T03:00,24.6,21,0.0,902.1,22.3
2025-05-15T04:00,22.6,22,0.0,902.5,25.6
2025-05-15T05:00,21.4,25,0.0,902.9,25.8
2025-05-15T06:00,20.9,26,0.0,903.3,23.3
2025-05-15T07:00,21.4,24,0.0,904.1,21.0
2025-05-15T08:00,22.5,23,0.0,904.8,23.2
2025-05-15T09:00,23.6,23,0.0,905.2,23.1
2025-05-15T10:00,25.5,21,0.0,905.7,20.6
2025-05-15T11:00,27.1,19,0.0,906.2,19.1
2025-05-15T12:00,28.6,18,0.0,906.1,16.9
2025-05-15T13:00,29.9,16,0.0,905.9,15.2
2025-05-15T14:00,30.5,15,0.0,905.6,14.4
2025-05-15T15:00,30.8,15,0.0,905.3,12.7
2025-05-15T16:00,30.4,15,0.0,905.2,8.9
2025-05-15T17:00,30.0,15,0.0,904.7,5.9
2025-05-15T18:00,29.3,15,0.0,904.7,6.0
2025-05-15T19:00,28.3,16,0.0,904.6,8.9
2025-05-15T20:00,27.5,16,0.0,904.9,13.6
2025-05-15T21:00,26.4,16,0.0,905.1,16.5
2025-05-15T22:00,25.3,17,0.0,905.5,17.5
2025-05-15T23:00,24.0,18,0.0,905.6,18.4
2025-05-16T00:00,23.0,18,0.0,905.2,16.2
2025-05-16T01:00,21.8,18,0.0,905.0,13.3
2025-05-16T02:00,21.0,19,0.0,904.5,12.8
2025-05-16T03:00,20.2,19,0.0,904.2,11.3
2025-05-16T04:00,20.2,19,0.0,904.5,11.1
2025-05-16T05:00,19.5,20,0.0,904.5,8.5
2025-05-16T06:00,19.2,21,0.0,904.9,7.2
2025-05-16T07:00,20.6,19,0.0,906.0,7.2
2025-05-16T08:00,22.8,17,0.0,907.3,8.5
2025-05-16T09:00,24.6,16,0.0,908.0,14.0
2025-05-16T10:00,26.2,15,0.0,908.3,16.6
2025-05-16T11:00,27.8,14,0.0,908.5,15.8
2025-05-16T12:00,29.2,12,0.0,908.5,14.8
2025-05-16T13:00,30.4,12,0.0,908.3,14.2
2025-05-16T14:00,31.2,11,0.0,907.8,13.3
2025-05-16T15:00,31.7,11,0.0,907.4,11.1
2025-05-16T16:00,32.0,11,0.0,907.6,11.5
2025-05-16T17:00,31.5,11,0.0,907.1,11.2
2025-05-16T18:00,30.7,11,0.0,907.0,11.1
2025-05-16T19:00,29.3,12,0.0,907.0,11.6
2025-05-16T20:00,28.0,12,0.0,907.1,15.2
2025-05-16T21:00,26.8,13,0.0,907.4,15.4
2025-05-16T22:00,25.5,15,0.0,907.5,14.1
2025-05-16T23:00,24.3,17,0.0,907.3,11.7
2025-05-17T00:00,23.2,19,0.0,907.2,10.5
2025-05-17T01:00,22.2,22,0.0,906.6,9.0
2025-05-17T02:00,21.0,24,0.0,905.7,5.4
2025-05-17T03:00,20.3,26,0.0,905.4,5.1
2025-05-17T04:00,21.0,24,0.0,906.2,7.1
2025-05-17T05:00,20.1,26,0.0,906.2,6.6
2025-05-17T06:00,19.7,27,0.0,906.2,5.0
2025-05-17T07:00,21.2,24,0.0,907.4,1.3
2025-05-17T08:00,23.5,21,0.0,908.4,3.9
2025-05-17T09:00,25.9,18,0.0,908.9,6.7
2025-05-17T10:00,28.0,15,0.0,909.0,7.9
2025-05-17T11:00,29.8,13,0.0,909.3,8.3
2025-05-17T12:00,31.1,11,0.0,909.3,9.7
2025-05-17T13:00,32.0,10,0.0,908.9,11.0
2025-05-17T14:00,32.7,10,0.0,908.6,11.1
2025-05-17T15:00,33.2,9,0.0,908.2,10.7
2025-05-17T16:00,33.5,8,0.0,908.2,14.3
2025-05-17T17:00,32.8,8,0.0,907.9,15.8
2025-05-17T18:00,31.9,8,0.0,907.6,15.8
2025-05-17T19:00,30.3,9,0.0,907.4,13.7
2025-05-17T20:00,28.9,10,0.0,907.3,13.2
2025-05-17T21:00,27.7,11,0.0,907.2,11.7
2025-05-17T22:00,26.9,12,0.0,907.2,8.9
2025-05-17T23:00,25.6,13,0.0,907.1,7.6
2025-05-18T00:00,24.0,15,0.0,906.4,4.6
2025-05-18T01:00,23.4,16,0.0,905.9,3.3
2025-05-18T02:00,22.9,17,0.0,905.6,3.6
2025-05-18T03:00,22.4,17,0.0,905.6,4.8
2025-05-18T04:00,23.0,16,0.0,906.2,9.7
2025-05-18T05:00,22.8,17,0.0,906.3,10.8
2025-05-18T06:00,22.9,17,0.0,906.7,9.6
2025-05-18T07:00,24.6,16,0.0,907.8,9.4
2025-05-18T08:00,27.2,14,0.0,908.8,7.4
2025-05-18T09:00,29.5,14,0.0,909.3,11.1
2025-05-18T10:00,31.4,14,0.0,909.5,15.5
2025-05-18T11:00,32.8,13,0.0,909.6,18.0
2025-05-18T12:00,34.1,12,0.0,909.3,20.5
2025-05-18T13:00,35.2,12,0.0,908.7,24.1
2025-05-18T14:00,35.5,12,0.0,908.0,25.9
2025-05-18T15:00,35.8,12,0.0,907.5,26.4
2025-05-18T16:00,35.8,11,0.0,907.3,26.4
2025-05-18T17:00,35.0,11,0.0,907.0,26.0
2025-05-18T18:00,34.4,12,0.0,906.5,23.6
2025-05-18T19:00,33.0,13,0.0,906.2,19.4
2025-05-18T20:00,31.8,14,0.0,906.4,15.6
2025-05-18T21:00,30.6,15,0.0,906.5,14.8
2025-05-18T22:00,29.5,16,0.0,906.5,13.5
2025-05-18T23:00,28.5,17,0.0,906.4,11.5
2025-05-19T00:00,27.8,18,0.0,905.8,8.1
2025-05-19T01:00,26.5,20,0.0,904.7,4.6
2025-05-19T02:00,26.2,20,0.0,904.1,4.4
2025-05-19T03:00,25.9,20,0.0,904.0,5.1
2025-05-19T04:00,25.2,21,0.0,903.6,4.8
2025-05-19T05:00,25.2,21,0.0,903.9,6.2
2025-05-19T06:00,25.0,21,0.0,904.3,5.8
2025-05-19T07:00,27.5,18,0.0,905.6,6.8
2025-05-19T08:00,30.2,15,0.0,906.8,6.2
2025-05-19T09:00,32.8,14,0.0,907.4,8.7
2025-05-19T10:00,34.8,12,0.0,907.7,14.2
2025-05-19T11:00,36.0,10,0.0,907.5,16.6
2025-05-19T12:00,37.2,9,0.0,907.3,16.7
2025-05-19T13:00,38.0,8,0.0,906.5,18.0
2025-05-19T14:00,38.5,8,0.0,906.0,20.0
2025-05-19T15:00,38.3,8,0.0,905.5,21.6
2025-05-19T16:00,37.9,8,0.0,905.4,21.6
2025-05-19T17:00,37.4,8,0.0,905.0,20.8
2025-05-19T18:00,36.7,8,0.0,904.7,20.3
2025-05-19T19:00,35.2,9,0.0,904.2,17.9
2025-05-19T20:00,33.6,10,0.0,904.4,14.5
2025-05-19T21:00,32.0,11,0.0,904.5,12.2
2025-05-19T22:00,30.8,12,0.0,904.5,9.1
2025-05-19T23:00,29.8,13,0.0,904.1,9.9
2025-05-20T00:00,28.2,15,0.0,903.7,5.2
2025-05-20T01:00,27.0,16,0.0,903.2,4.2
2025-05-20T02:00,26.8,16,0.0,902.9,5.4
2025-05-20T03:00,27.0,16,0.0,903.1,6.4
2025-05-20T04:00,25.5,19,0.0,902.6,5.9
2025-05-20T05:00,25.2,21,0.0,902.7,3.6
2025-05-20T06:00,25.4,21,0.0,903.5,2.6
2025-05-20T07:00,27.2,19,0.0,904.7,3.3
2025-05-20T08:00,29.5,17,0.0,905.9,1.8
2025-05-20T09:00,31.6,15,0.0,906.5,3.5
2025-05-20T10:00,34.6,12,0.0,906.8,10.7
2025-05-20T11:00,36.5,9,0.0,906.9,17.7
2025-05-20T12:00,37.4,8,0.0,906.2,16.5
2025-05-20T13:00,38.2,8,0.0,905.5,14.4
2025-05-20T14:00,38.7,7,0.0,905.0,13.2
2025-05-20T15:00,38.8,6,0.0,904.3,11.7
2025-05-20T16:00,38.4,6,0.0,904.2,12.1
2025-05-20T17:00,37.6,6,0.0,903.8,12.3
2025-05-20T18:00,36.6,7,0.0,903.6,11.1
2025-05-20T19:00,34.2,10,0.0,902.8,2.7
2025-05-20T20:00,33.3,9,0.0,902.8,5.6
2025-05-20T21:00,31.8,10,0.0,903.0,6.6
2025-05-20T22:00,30.8,11,0.0,903.1,7.3
2025-05-20T23:00,29.6,12,0.0,902.6,7.0
2025-05-21T00:00,28.0,13,0.0,901.9,6.5
2025-05-21T01:00,27.1,14,0.0,901.2,6.3
2025-05-21T02:00,27.1,14,0.0,900.9,6.3
2025-05-21T03:00,26.5,14,0.0,900.9,11.2
2025-05-21T04:00,26.8,15,0.0,900.6,6.0
2025-05-21T05:00,26.9,14,0.0,901.1,9.6
2025-05-21T06:00,27.2,14,0.0,901.8,14.9
2025-05-21T07:00,28.9,12,0.0,902.9,14.5
2025-05-21T08:00,32.0,10,0.0,903.8,13.6
2025-05-21T09:00,35.0,9,0.0,904.7,19.6
2025-05-21T10:00,37.0,8,0.0,905.0,25.2
2025-05-21T11:00,38.2,7,0.0,905.0,23.8
2025-05-21T12:00,39.3,6,0.0,904.9,18.6
2025-05-21T13:00,40.1,6,0.0,904.4,14.1
2025-05-21T14:00,40.3,6,0.0,903.9,10.3
2025-05-21T15:00,40.2,5,0.0,903.3,5.8
2025-05-21T16:00,39.5,6,0.0,903.5,5.5
2025-05-21T17:00,39.3,5,0.0,902.8,11.4
2025-05-21T18:00,38.7,5,0.0,902.4,14.9
2025-05-21T19:00,36.6,6,0.0,902.2,6.4
2025-05-21T20:00,34.5,9,0.0,902.2,1.8
2025-05-21T21:00,33.8,8,0.0,902.5,7.7
2025-05-21T22:00,32.5,9,0.0,902.4,1.2
2025-05-21T23:00,31.6,9,0.0,902.1,7.5
2025-05-22T00:00,30.9,9,0.0,901.1,4.8
2025-05-22T01:00,30.0,9,0.0,900.5,9.6
2025-05-22T02:00,28.0,10,0.0,900.1,7.8
2025-05-22T03:00,27.5,11,0.0,900.0,6.1
2025-05-22T04:00,27.1,12,0.0,900.3,9.6
2025-05-22T05:00,27.1,12,0.0,900.4,13.1
2025-05-22T06:00,27.0,12,0.0,900.9,13.2
2025-05-22T07:00,28.1,12,0.0,901.9,14.6
2025-05-22T08:00,30.8,10,0.0,902.8,10.4
2025-05-22T09:00,34.3,8,0.0,903.8,9.7
2025-05-22T10:00,38.1,6,0.0,904.2,13.4
2025-05-22T11:00,39.8,5,0.0,904.2,17.5
2025-05-22T12:00,40.7,5,0.0,904.1,18.0
2025-05-22T13:00,41.3,4,0.0,903.4,17.8
2025-05-22T14:00,41.4,4,0.0,902.8,17.7
2025-05-22T15:00,41.0,5,0.0,902.3,17.5
2025-05-22T16:00,40.5,5,0.0,902.1,13.8
2025-05-22T17:00,40.1,4,0.0,901.7,10.7
2025-05-22T18:00,39.5,5,0.0,901.4,10.5
2025-05-22T19:00,37.2,6,0.0,901.1,10.3
2025-05-22T20:00,36.0,6,0.0,901.2,12.3
2025-05-22T21:00,34.3,7,0.0,901.2,8.7
2025-05-22T22:00,32.5,8,0.0,900.9,6.7
2025-05-22T23:00,32.2,9,0.0,900.9,12.6
2025-05-23T00:00,32.2,9,0.0,900.3,15.1
2025-05-23T01:00,30.8,10,0.0,899.3,12.7
2025-05-23T02:00,29.5,12,0.0,898.7,6.2
2025-05-23T03:00,28.4,13,0.0,898.3,4.6
2025-05-23T04:00,28.0,13,0.0,898.0,5.7
2025-05-23T05:00,26.8,15,0.0,897.4,2.7
2025-05-23T06:00,26.8,14,0.0,898.5,10.7
2025-05-23T07:00,29.4,12,0.0,899.7,12.1
2025-05-23T08:00,32.5,10,0.0,900.7,17.5
2025-05-23T09:00,34.2,8,0.0,901.1,23.7
2025-05-23T10:00,36.1,8,0.0,901.3,24.2
2025-05-23T11:00,37.7,7,0.0,901.3,21.0
2025-05-23T12:00,38.7,6,0.0,901.3,17.6
2025-05-23T13:00,39.5,6,0.0,900.9,14.0
2025-05-23T14:00,40.2,6,0.0,900.2,10.6
2025-05-23T15:00,40.3,6,0.0,899.6,12.5
2025-05-23T16:00,39.5,6,0.0,899.6,19.3
2025-05-23T17:00,38.6,7,0.0,899.5,17.6
2025-05-23T18:00,37.6,7,0.0,899.2,16.9
2025-05-23T19:00,36.0,8,0.0,899.3,12.3
2025-05-23T20:00,34.4,9,0.0,899.2,15.2
2025-05-23T21:00,33.1,9,0.0,899.7,21.3
2025-05-23T22:00,31.9,9,0.0,899.8,22.9
2025-05-23T23:00,29.9,14,0.0,899.5,21.5
2025-05-24T00:00,28.5,17,0.0,899.1,17.3
2025-05-24T01:00,27.4,18,0.0,898.8,16.5
2025-05-24T02:00,26.5,18,0.0,898.7,19.2
2025-05-24T03:00,25.9,18,0.0,898.7,22.2
2025-05-24T04:00,24.6,19,0.0,898.9,24.7
2025-05-24T05:00,23.6,21,0.0,898.9,23.7
2025-05-24T06:00,23.1,24,0.0,899.3,21.9
2025-05-24T07:00,23.9,24,0.0,900.0,18.3
2025-05-24T08:00,25.4,20,0.0,900.7,22.7
2025-05-24T09:00,27.4,15,0.0,901.2,22.9
2025-05-24T10:00,29.5,12,0.0,901.7,21.1
2025-05-24T11:00,31.5,9,0.0,901.6,19.5
2025-05-24T12:00,33.0,8,0.0,901.5,19.6
2025-05-24T13:00,33.9,7,0.0,900.9,19.8
2025-05-24T14:00,34.3,7,0.0,900.2,19.9
2025-05-24T15:00,34.3,7,0.0,899.9,20.1
2025-05-24T16:00,34.2,7,0.0,900.1,18.5
2025-05-24T17:00,33.5,7,0.0,899.8,17.7
2025-05-24T18:00,32.5,7,0.0,899.8,16.5
2025-05-24T19:00,31.0,8,0.0,899.9,11.4
2025-05-24T20:00,29.7,9,0.0,900.0,9.0
2025-05-24T21:00,28.5,10,0.0,899.9,7.5
2025-05-24T22:00,27.3,11,0.0,899.9,6.4
2025-05-24T23:00,26.1,12,0.0,899.4,5.7
2025-05-25T00:00,25.6,12,0.0,898.9,7.4
2025-05-25T01:00,24.5,13,0.0,898.3,8.4
2025-05-25T02:00,23.9,13,0.0,897.8,8.8
2025-05-25T03:00,24.3,13,0.0,897.8,11.7
2025-05-25T04:00,26.0,12,0.0,898.4,17.7
2025-05-25T05:00,25.4,15,0.0,898.7,20.6
2025-05-25T06:00,24.8,18,0.0,899.1,19.9
2025-05-25T07:00,26.1,16,0.0,900.2,17.4
2025-05-25T08:00,28.0,15,0.0,901.3,16.7
2025-05-25T09:00,30.0,13,0.0,902.1,14.2
2025-05-25T10:00,31.3,12,0.0,902.4,13.7
2025-05-25T11:00,33.1,10,0.0,902.8,13.2
2025-05-25T12:00,34.4,9,0.0,902.7,13.5
2025-05-25T13:00,35.2,8,0.0,902.3,11.5
2025-05-25T14:00,35.7,8,0.0,901.8,9.7
2025-05-25T15:00,35.8,8,0.0,901.2,8.9
2025-05-25T16:00,35.5,8,0.0,901.3,8.2
2025-05-25T17:00,35.0,7,0.0,900.9,9.8
2025-05-25T18:00,34.0,8,0.0,900.8,12.3
2025-05-25T19:00,32.5,8,0.0,901.1,10.5
2025-05-25T20:00,32.2,8,0.0,901.3,10.7
2025-05-25T21:00,30.9,10,0.0,901.5,16.2
2025-05-25T22:00,29.5,11,0.0,901.7,14.3
2025-05-25T23:00,28.1,13,0.0,901.7,11.6
2025-05-26T00:00,27.3,14,0.0,901.3,10.0
2025-05-26T01:00,26.6,14,0.0,901.1,9.0
2025-05-26T02:00,25.8,15,0.0,900.9,6.5
2025-05-26T03:00,24.4,17,0.0,900.6,4.5
2025-05-26T04:00,24.2,18,0.0,900.9,2.3
2025-05-26T05:00,24.2,19,0.0,901.0,1.2
2025-05-26T06:00,24.4,19,0.0,901.6,0.4
2025-05-26T07:00,26.0,16,0.0,902.7,3.6
2025-05-26T08:00,28.6,13,0.0,903.9,2.9
2025-05-26T09:00,31.4,11,0.0,904.6,5.6
2025-05-26T10:00,33.5,9,0.0,904.9,10.6
2025-05-26T11:00,34.8,9,0.0,905.2,9.8
2025-05-26T12:00,35.9,8,0.0,904.9,7.4
2025-05-26T13:00,36.7,7,0.0,904.3,5.4
2025-05-26T14:00,37.2,7,0.0,903.6,3.8
2025-05-26T15:00,37.4,7,0.0,902.9,3.0
2025-05-26T16:00,37.3,6,0.0,902.7,8.4
2025-05-26T17:00,36.8,6,0.0,902.1,10.6
2025-05-26T18:00,36.0,6,0.0,901.7,10.2
2025-05-26T19:00,34.2,8,0.0,901.6,4.1
2025-05-26T20:00,32.9,10,0.0,901.5,2.7
2025-05-26T21:00,31.8,9,0.0,902.1,9.5
2025-05-26T22:00,30.2,11,0.0,902.1,12.1
2025-05-26T23:00,29.4,11,0.0,901.8,11.7
2025-05-27T00:00,27.7,12,0.0,901.0,6.4
2025-05-27T01:00,26.9,13,0.0,900.4,6.5
2025-05-27T02:00,26.5,16,0.0,899.9,1.5
2025-05-27T03:00,25.6,15,0.0,899.5,2.7
2025-05-27T04:00,25.4,15,0.0,899.6,3.7
2025-05-27T05:00,24.5,15,0.0,899.4,5.0
2025-05-27T06:00,25.5,14,0.0,900.2,7.3
2025-05-27T07:00,27.1,13,0.0,901.2,9.1
2025-05-27T08:00,30.4,11,0.0,902.6,6.0
2025-05-27T09:00,32.8,9,0.0,903.3,8.5
2025-05-27T10:00,35.0,8,0.0,903.4,11.9
2025-05-27T11:00,36.5,7,0.0,903.4,14.7
2025-05-27T12:00,37.8,6,0.0,903.0,12.4
2025-05-27T13:00,38.7,6,0.0,902.4,8.7
2025-05-27T14:00,39.0,6,0.0,901.7,7.1
2025-05-27T15:00,39.2,5,0.0,900.9,6.5
2025-05-27T16:00,39.3,5,0.0,900.3,12.7
2025-05-27T17:00,38.8,5,0.0,899.7,15.9
2025-05-27T18:00,38.5,5,0.0,899.3,14.7
2025-05-27T19:00,36.1,8,0.0,898.8,1.7
2025-05-27T20:00,34.3,8,0.0,899.1,4.1
2025-05-27T21:00,33.2,8,0.0,899.2,2.6
2025-05-27T22:00,32.6,7,0.0,899.7,12.9
2025-05-27T23:00,31.6,8,0.0,899.3,9.9
2025-05-28T00:00,30.3,9,0.0,898.6,6.7
2025-05-28T01:00,28.8,11,0.0,897.9,4.8
2025-05-28T02:00,27.9,10,0.0,897.9,3.2
2025-05-28T03:00,27.3,11,0.0,897.8,4.3
2025-05-28T04:00,27.1,12,0.0,898.1,5.2
2025-05-28T05:00,28.1,11,0.0,898.7,16.6
2025-05-28T06:00,28.4,14,0.0,898.9,16.9
2025-05-28T07:00,29.0,14,0.0,899.8,14.5
2025-05-28T08:00,30.2,15,0.0,900.8,14.3
2025-05-28T09:00,31.1,18,0.0,901.3,18.8
2025-05-28T10:00,32.0,17,0.0,901.7,18.8
2025-05-28T11:00,33.8,15,0.0,902.0,16.0
2025-05-28T12:00,35.5,13,0.0,902.0,13.5
2025-05-28T13:00,36.8,11,0.0,901.8,11.1
2025-05-28T14:00,37.8,9,0.0,901.3,11.9
2025-05-28T15:00,38.0,7,0.0,900.8,17.8
2025-05-28T16:00,37.2,8,0.0,901.2,18.2
2025-05-28T17:00,36.1,9,0.0,900.8,17.5
2025-05-28T18:00,35.1,9,0.0,900.4,14.1
2025-05-28T19:00,33.5,11,0.0,900.3,16.4
2025-05-28T20:00,32.0,12,0.0,900.5,20.4
2025-05-28T21:00,30.4,13,0.0,900.7,20.8
2025-05-28T22:00,28.9,14,0.0,901.0,19.2
2025-05-28T23:00,27.8,15,0.0,900.8,17.2
2025-05-29T00:00,26.5,16,0.0,900.6,15.8
2025-05-29T01:00,25.2,18,0.0,900.3,17.2
2025-05-29T02:00,24.4,18,0.0,900.0,14.8
2025-05-29T03:00,23.8,17,0.0,899.9,15.2
2025-05-29T04:00,23.9,16,0.0,900.2,17.7
2025-05-29T05:00,22.9,16,0.0,900.3,15.6
2025-05-29T06:00,22.4,16,0.0,900.6,14.6
2025-05-29T07:00,23.5,16,0.0,901.6,13.9
2025-05-29T08:00,25.0,15,0.0,902.4,15.7
2025-05-29T09:00,26.7,15,0.0,902.8,15.5
2025-05-29T10:00,28.5,13,0.0,903.1,15.0
2025-05-29T11:00,30.2,12,0.0,903.3,13.6
2025-05-29T12:00,31.8,11,0.0,903.1,12.4
2025-05-29T13:00,32.9,10,0.0,902.8,9.3
2025-05-29T14:00,33.5,9,0.0,902.3,2.7
2025-05-29T15:00,33.8,9,0.0,902.0,3.4
2025-05-29T16:00,34.5,8,0.0,901.9,6.2
2025-05-29T17:00,34.8,7,0.0,901.0,4.9
2025-05-29T18:00,34.0,7,0.0,900.5,12.9
2025-05-29T19:00,31.1,11,0.0,900.6,24.1
2025-05-29T20:00,30.1,12,0.0,901.2,16.7
2025-05-29T21:00,28.8,13,0.0,901.2,14.3
2025-05-29T22:00,27.8,14,0.0,901.2,16.1
2025-05-29T23:00,26.6,15,0.0,901.0,15.3
2025-05-30T00:00,25.5,15,0.0,900.6,16.2
2025-05-30T01:00,24.5,14,0.0,900.3,16.3
2025-05-30T02:00,24.0,14,0.0,900.3,14.4
2025-05-30T03:00,23.2,15,0.0,900.5,14.2
2025-05-30T04:00,22.6,16,0.0,901.0,13.0
2025-05-30T05:00,22.1,17,0.0,901.2,10.8
2025-05-30T06:00,22.1,17,0.0,901.5,10.1
2025-05-30T07:00,23.5,16,0.0,902.4,9.4
2025-05-30T08:00,25.1,14,0.0,903.3,11.4
2025-05-30T09:00,26.6,12,0.0,904.0,15.1
2025-05-30T10:00,28.0,11,0.0,904.3,18.4
2025-05-30T11:00,29.5,10,0.0,904.3,18.7
2025-05-30T12:00,31.0,9,0.0,903.9,17.8
2025-05-30T13:00,32.1,9,0.0,903.4,16.5
2025-05-30T14:00,32.8,9,0.0,903.2,14.4
2025-05-30T15:00,33.0,9,0.0,902.8,11.9
2025-05-30T16:00,32.5,9,0.0,903.3,9.5
2025-05-30T17:00,32.2,9,0.0,902.8,8.1
2025-05-30T18:00,31.5,10,0.0,902.6,10.3
2025-05-30T19:00,30.4,10,0.0,902.5,11.3
2025-05-30T20:00,29.4,11,0.0,902.4,14.9
2025-05-30T21:00,28.3,12,0.0,902.4,16.4
2025-05-30T22:00,27.2,13,0.0,902.4,16.5
2025-05-30T23:00,26.1,14,0.0,902.3,15.9
2025-05-31T00:00,25.2,15,0.0,901.9,14.9
2025-05-31T01:00,24.2,16,0.0,901.3,12.2
2025-05-31T02:00,23.4,17,0.0,901.3,11.0
2025-05-31T03:00,22.7,18,0.0,901.4,9.6
2025-05-31T04:00,22.8,18,0.0,901.3,7.2
2025-05-31T05:00,22.2,19,0.0,901.2,7.8
2025-05-31T06:00,22.0,19,0.0,901.7,7.9
2025-05-31T07:00,23.6,18,0.0,902.7,9.1
2025-05-31T08:00,26.1,15,0.0,903.6,11.0
2025-05-31T09:00,28.6,13,0.0,904.2,18.6
2025-05-31T10:00,30.8,11,0.0,904.4,23.8
2025-05-31T11:00,32.5,10,0.0,904.5,25.9
2025-05-31T12:00,34.0,9,0.0,904.3,25.9
2025-05-31T13:00,35.0,8,0.0,903.9,24.9
2025-05-31T14:00,35.8,8,0.0,903.4,23.1
2025-05-31T15:00,37.0,7,0.0,902.8,21.3
2025-05-31T16:00,37.0,7,0.0,902.2,19.3
2025-05-31T17:00,36.7,7,0.0,902.0,17.5
2025-05-31T18:00,36.5,6,0.0,901.3,10.1
2025-05-31T19:00,33.5,7,0.0,900.7,5.4
2025-05-31T20:00,33.0,6,0.0,901.3,14.3
2025-05-31T21:00,32.4,7,0.0,902.1,20.2
2025-05-31T22:00,30.8,7,0.0,902.7,18.1
2025-05-31T23:00,28.9,9,0.0,903.0,9.7
2025-06-01T00:00,27.9,9,0.0,902.7,9.8
2025-06-01T01:00,27.1,10,0.0,902.2,11.0
2025-06-01T02:00,26.1,11,0.0,902.0,7.6
2025-06-01T03:00,24.9,12,0.0,901.7,6.1
2025-06-01T04:00,24.0,12,0.0,902.3,5.1
2025-06-01T05:00,24.0,12,0.0,902.7,14.5
2025-06-01T06:00,23.8,13,0.0,903.0,13.5
2025-06-01T07:00,25.5,12,0.0,904.0,15.0
2025-06-01T08:00,28.0,10,0.0,904.9,14.5
2025-06-01T09:00,30.5,8,0.0,905.7,16.0
2025-06-01T10:00,32.2,7,0.0,905.9,14.4
2025-06-01T11:00,33.7,6,0.0,906.2,12.3
2025-06-01T12:00,34.7,6,0.0,906.2,11.8
2025-06-01T13:00,35.3,5,0.0,905.8,12.4
2025-06-01T14:00,35.7,5,0.0,905.6,13.6
2025-06-01T15:00,35.5,5,0.0,905.2,15.5
2025-06-01T16:00,35.2,5,0.0,905.3,16.1
2025-06-01T17:00,34.3,5,0.0,904.9,15.4
2025-06-01T18:00,33.4,5,0.0,904.8,14.1
2025-06-01T19:00,31.6,6,0.0,904.8,13.8
2025-06-01T20:00,30.2,6,0.0,904.9,13.3
2025-06-01T21:00,29.0,6,0.0,905.2,12.1
2025-06-01T22:00,28.2,7,0.0,905.2,13.2
2025-06-01T23:00,27.5,7,0.0,904.8,14.1
2025-06-02T00:00,27.0,8,0.0,904.4,12.7
2025-06-02T01:00,26.5,9,0.0,904.1,12.7
2025-06-02T02:00,25.9,10,0.0,903.8,13.1
2025-06-02T03:00,25.4,12,0.0,903.7,14.8
2025-06-02T04:00,25.0,13,0.0,903.5,12.4
2025-06-02T05:00,24.4,14,0.0,903.7,11.5
2025-06-02T06:00,24.5,14,0.0,904.2,11.7
2025-06-02T07:00,25.8,14,0.0,905.2,11.9
2025-06-02T08:00,27.1,14,0.0,906.1,11.3
2025-06-02T09:00,28.2,14,0.0,906.6,13.7
2025-06-02T10:00,29.9,14,0.0,907.0,15.1
2025-06-02T11:00,31.6,12,0.0,907.2,14.9
2025-06-02T12:00,33.0,10,0.0,906.9,13.5
2025-06-02T13:00,34.0,9,0.0,906.4,12.3
2025-06-02T14:00,34.5,9,0.0,905.8,11.5
2025-06-02T15:00,34.7,8,0.0,905.3,11.2
2025-06-02T16:00,34.4,9,0.0,905.2,11.2
2025-06-02T17:00,34.0,9,0.0,904.7,11.9
2025-06-02T18:00,33.0,9,0.0,904.4,14.1
2025-06-02T19:00,31.6,10,0.0,904.3,13.1
2025-06-02T20:00,30.5,11,0.0,904.3,12.4
2025-06-02T21:00,29.4,13,0.0,904.2,12.2
2025-06-02T22:00,28.1,14,0.0,903.8,10.9
2025-06-02T23:00,27.0,16,0.0,903.3,8.0
2025-06-03T00:00,25.8,17,0.0,903.0,5.8
2025-06-03T01:00,24.5,19,0.0,902.3,4.7
2025-06-03T02:00,23.5,21,0.0,901.7,4.3
2025-06-03T03:00,23.1,23,0.0,901.6,3.4
2025-06-03T04:00,22.5,24,0.0,901.7,3.6
2025-06-03T05:00,22.1,25,0.0,901.7,2.4
2025-06-03T06:00,22.1,26,0.0,902.1,2.4
2025-06-03T07:00,24.0,22,0.0,903.2,2.6
2025-06-03T08:00,26.6,19,0.0,904.0,1.3
2025-06-03T09:00,28.5,17,0.0,904.5,8.5
2025-06-03T10:00,29.5,16,0.0,904.6,11.2
2025-06-03T11:00,30.8,15,0.0,904.8,10.0
2025-06-03T12:00,32.0,14,0.0,904.8,7.7
2025-06-03T13:00,32.9,13,0.0,904.3,4.8
2025-06-03T14:00,33.7,12,0.0,903.7,4.5
2025-06-03T15:00,34.3,11,0.0,903.3,7.0
2025-06-03T16:00,34.0,11,0.0,903.1,9.3
2025-06-03T17:00,33.6,11,0.0,902.7,12.0
2025-06-03T18:00,32.8,11,0.0,902.3,13.7
2025-06-03T19:00,31.5,12,0.0,902.3,15.9
2025-06-03T20:00,30.2,13,0.0,902.5,16.2
2025-06-03T21:00,29.0,14,0.0,902.6,15.3
2025-06-03T22:00,28.0,15,0.0,902.4,16.1
2025-06-03T23:00,26.8,17,0.0,902.1,15.1
2025-06-04T00:00,25.8,18,0.0,902.0,15.1
2025-06-04T01:00,24.9,19,0.0,901.8,14.1
2025-06-04T02:00,24.0,21,0.0,901.7,15.4
2025-06-04T03:00,23.1,24,0.0,901.8,17.4
2025-06-04T04:00,22.3,26,0.0,901.7,16.0
2025-06-04T05:00,21.8,27,0.0,901.8,14.7
2025-06-04T06:00,21.8,26,0.0,902.5,15.2
2025-06-04T07:00,23.2,22,0.0,903.2,11.7
2025-06-04T08:00,25.0,18,0.0,903.8,14.2
2025-06-04T09:00,26.5,15,0.0,904.2,15.3
2025-06-04T10:00,28.1,14,0.0,904.3,14.3
2025-06-04T11:00,29.9,13,0.0,904.4,12.4
2025-06-04T12:00,31.2,12,0.0,903.9,11.1
2025-06-04T13:00,32.4,11,0.0,903.4,9.4
2025-06-04T14:00,33.1,10,0.0,902.9,7.8
2025-06-04T15:00,33.5,10,0.0,902.5,9.2
2025-06-04T16:00,33.6,10,0.0,902.6,11.5
2025-06-04T17:00,33.2,11,0.0,902.3,14.0
2025-06-04T18:00,32.2,11,0.0,902.1,16.0
2025-06-04T19:00,30.7,13,0.0,902.2,16.6
2025-06-04T20:00,29.5,15,0.0,902.3,14.9
2025-06-04T21:00,28.3,17,0.0,902.4,15.3
2025-06-04T22:00,27.2,19,0.0,902.5,12.9
2025-06-04T23:00,26.0,20,0.0,902.5,10.6
2025-06-05T00:00,24.9,21,0.0,902.2,14.6
2025-06-05T01:00,24.0,20,0.0,902.0,17.1
2025-06-05T02:00,23.2,19,0.0,902.0,14.0
2025-06-05T03:00,22.7,19,0.0,901.7,12.5
2025-06-05T04:00,22.9,19,0.0,902.3,12.7
2025-06-05T05:00,22.2,20,0.0,902.4,12.5
2025-06-05T06:00,22.1,21,0.0,902.9,12.6
2025-06-05T07:00,23.5,20,0.0,904.1,11.9
2025-06-05T08:00,25.1,19,0.0,904.9,14.8
2025-06-05T09:00,26.1,19,0.0,905.3,16.9
2025-06-05T10:00,28.0,18,0.0,905.6,15.4
2025-06-05T11:00,29.5,15,0.0,905.9,14.0
2025-06-05T12:00,30.9,13,0.0,905.4,12.5
2025-06-05T13:00,32.0,11,0.0,905.2,13.3
2025-06-05T14:00,32.5,10,0.0,904.8,15.2
2025-06-05T15:00,32.5,10,0.0,904.4,16.4
2025-06-05T16:00,32.5,10,0.0,904.6,15.2
2025-06-05T17:00,32.0,10,0.0,904.4,15.5
2025-06-05T18:00,31.0,11,0.0,904.2,15.2
2025-06-05T19:00,29.7,13,0.0,904.4,13.2
2025-06-05T20:00,28.5,14,0.0,904.5,11.3
2025-06-05T21:00,27.4,16,0.0,904.8,8.8
2025-06-05T22:00,26.2,17,0.0,904.8,7.8
2025-06-05T23:00,25.4,18,0.0,904.4,7.1
2025-06-06T00:00,24.6,20,0.0,903.9,6.8
2025-06-06T01:00,24.0,21,0.0,903.7,7.9
2025-06-06T02:00,23.5,21,0.0,902.9,7.9
2025-06-06T03:00,22.7,23,0.0,902.6,6.5
2025-06-06T04:00,22.0,24,0.0,902.4,3.3
2025-06-06T05:00,21.6,25,0.0,902.5,1.4
2025-06-06T06:00,21.6,24,0.0,903.0,1.9
2025-06-06T07:00,23.7,22,0.0,904.2,4.0
2025-06-06T08:00,26.9,18,0.0,905.5,2.6
2025-06-06T09:00,28.9,17,0.0,906.1,3.0
2025-06-06T10:00,30.2,15,0.0,906.1,4.2
2025-06-06T11:00,31.5,13,0.0,906.4,4.4
2025-06-06T12:00,32.7,12,0.0,906.0,5.0
2025-06-06T13:00,33.8,11,0.0,905.5,7.0
2025-06-06T14:00,34.9,10,0.0,905.0,10.1
2025-06-06T15:00,35.5,8,0.0,904.5,12.8
2025-06-06T16:00,35.0,9,0.0,904.5,17.1
2025-06-06T17:00,34.4,9,0.0,904.4,14.2
2025-06-06T18:00,33.7,9,0.0,904.1,12.4
2025-06-06T19:00,32.0,10,0.0,904.0,12.5
2025-06-06T20:00,30.5,12,0.0,904.1,9.2
2025-06-06T21:00,29.2,14,0.0,904.3,10.3
2025-06-06T22:00,28.1,15,0.0,904.1,8.3
2025-06-06T23:00,26.9,16,0.0,903.4,5.9
2025-06-07T00:00,25.8,18,0.0,902.8,1.6
2025-06-07T01:00,24.9,19,0.0,902.1,2.2
2025-06-07T02:00,24.6,19,0.0,901.7,2.0
2025-06-07T03:00,24.1,20,0.0,901.6,1.8
2025-06-07T04:00,24.0,19,0.0,901.9,0.3
2025-06-07T05:00,23.0,20,0.0,901.8,1.5
2025-06-07T06:00,23.2,19,0.0,902.3,4.1
2025-06-07T07:00,25.0,18,0.0,903.2,8.3
2025-06-07T08:00,28.4,14,0.0,904.5,7.6
2025-06-07T09:00,31.1,12,0.0,905.1,9.7
2025-06-07T10:00,33.2,10,0.0,905.1,9.2
2025-06-07T11:00,34.7,9,0.0,905.4,5.1
2025-06-07T12:00,35.8,8,0.0,905.1,1.5
2025-06-07T13:00,36.5,8,0.0,904.6,2.1
2025-06-07T14:00,37.1,8,0.0,903.9,7.0
2025-06-07T15:00,37.5,8,0.0,903.4,11.3
2025-06-07T16:00,37.5,7,0.0,903.5,11.0
2025-06-07T17:00,37.2,7,0.0,903.0,9.6
2025-06-07T18:00,36.4,7,0.0,902.5,11.2
2025-06-07T19:00,34.8,8,0.0,902.4,12.4
2025-06-07T20:00,33.5,9,0.0,902.5,11.2
2025-06-07T21:00,32.2,10,0.0,902.6,10.6
2025-06-07T22:00,30.5,11,0.0,902.5,7.6
2025-06-07T23:00,28.8,14,0.0,902.1,3.8
2025-06-08T00:00,28.5,13,0.0,901.6,5.4
2025-06-08T01:00,27.8,13,0.0,901.1,6.9
2025-06-08T02:00,26.9,14,0.0,900.5,6.7
2025-06-08T03:00,25.9,15,0.0,900.3,5.0
2025-06-08T04:00,26.2,14,0.0,900.4,8.2
2025-06-08T05:00,25.6,15,0.0,900.5,12.2
2025-06-08T06:00,25.9,15,0.0,900.8,13.6
2025-06-08T07:00,27.4,14,0.0,901.8,13.8
2025-06-08T08:00,30.3,12,0.0,903.0,13.0
2025-06-08T09:00,33.5,10,0.0,903.7,15.3
2025-06-08T10:00,35.8,8,0.0,903.9,18.2
2025-06-08T11:00,37.2,8,0.0,903.8,16.2
2025-06-08T12:00,38.2,7,0.0,903.6,14.5
2025-06-08T13:00,39.0,7,0.0,902.7,13.9
2025-06-08T14:00,39.5,6,0.0,902.2,14.6
2025-06-08T15:00,39.9,6,0.0,901.6,16.6
2025-06-08T16:00,40.1,6,0.0,901.4,16.0
2025-06-08T17:00,40.0,6,0.0,900.9,13.7
2025-06-08T18:00,39.2,6,0.0,900.4,10.8
2025-06-08T19:00,36.2,9,0.0,900.0,4.5
2025-06-08T20:00,34.5,9,0.0,900.0,5.3
2025-06-08T21:00,33.7,9,0.0,899.9,5.5
2025-06-08T22:00,33.2,10,0.0,900.0,9.3
2025-06-08T23:00,31.9,10,0.0,900.2,9.7
2025-06-09T00:00,30.1,11,0.0,899.6,6.1
2025-06-09T01:00,28.6,12,0.0,898.8,4.0
2025-06-09T02:00,27.9,14,0.0,898.4,4.0
2025-06-09T03:00,27.8,14,0.0,897.7,0.4
2025-06-09T04:00,26.8,14,0.0,897.2,11.5
2025-06-09T05:00,27.0,13,0.0,897.1,12.1
2025-06-09T06:00,27.0,13,0.0,897.3,9.9
2025-06-09T07:00,28.5,13,0.0,898.2,9.1
2025-06-09T08:00,31.9,12,0.0,899.7,8.4
2025-06-09T09:00,34.7,11,0.0,900.4,10.9
2025-06-09T10:00,37.0,9,0.0,900.9,14.2
2025-06-09T11:00,38.5,8,0.0,901.2,17.2
2025-06-09T12:00,39.2,7,0.0,900.9,18.7
2025-06-09T13:00,39.5,6,0.0,900.5,19.7
2025-06-09T14:00,39.2,7,0.0,900.4,20.7
2025-06-09T15:00,39.0,6,0.0,900.2,20.7
2025-06-09T16:00,38.5,7,0.0,900.3,19.8
2025-06-09T17:00,37.7,7,0.0,900.1,19.7
2025-06-09T18:00,36.7,8,0.0,899.9,18.6
2025-06-09T19:00,35.1,8,0.0,900.1,15.0
2025-06-09T20:00,33.8,9,0.0,900.4,12.8
2025-06-09T21:00,32.7,10,0.0,900.5,12.8
2025-06-09T22:00,31.5,11,0.0,900.2,11.5
2025-06-09T23:00,30.3,12,0.0,899.4,10.7
2025-06-10T00:00,29.4,13,0.0,899.2,10.9
2025-06-10T01:00,28.6,13,0.0,898.6,9.3
2025-06-10T02:00,27.7,14,0.0,898.3,8.5
2025-06-10T03:00,26.1,16,0.0,897.9,8.7
2025-06-10T04:00,25.2,17,0.0,897.8,9.2
2025-06-10T05:00,25.0,17,0.0,897.8,9.6
2025-06-10T06:00,24.2,18,0.0,897.9,9.4
2025-06-10T07:00,26.2,16,0.0,898.9,8.7
2025-06-10T08:00,30.5,12,0.0,900.7,8.6
2025-06-10T09:00,32.7,10,0.0,901.3,12.0
2025-06-10T10:00,34.1,10,0.0,901.4,13.6
2025-06-10T11:00,35.3,9,0.0,901.6,15.8
2025-06-10T12:00,36.0,9,0.0,901.5,17.6
2025-06-10T13:00,36.7,8,0.0,901.1,18.8
2025-06-10T14:00,36.8,8,0.0,900.6,19.4
2025-06-10T15:00,36.9,9,0.0,900.0,19.1
2025-06-10T16:00,36.9,8,0.0,899.7,18.0
2025-06-10T17:00,36.2,8,0.0,899.6,19.0
2025-06-10T18:00,35.3,8,0.0,899.3,18.6
2025-06-10T19:00,34.2,8,0.0,899.2,14.2
2025-06-10T20:00,32.8,9,0.0,899.3,11.5
2025-06-10T21:00,31.8,9,0.0,899.5,10.9
2025-06-10T22:00,30.9,9,0.0,899.5,9.4
2025-06-10T23:00,29.5,10,0.0,899.2,7.0
2025-06-11T00:00,28.0,12,0.0,898.5,5.6
2025-06-11T01:00,26.9,13,0.0,897.9,6.5
2025-06-11T02:00,26.6,13,0.0,897.7,7.2
2025-06-11T03:00,25.6,14,0.0,897.5,6.0
2025-06-11T04:00,25.5,15,0.0,897.2,5.3
2025-06-11T05:00,24.5,16,0.0,897.5,5.0
2025-06-11T06:00,25.0,15,0.0,898.1,4.8
2025-06-11T07:00,27.9,13,0.0,899.5,5.3
2025-06-11T08:00,30.8,11,0.0,900.9,2.1
2025-06-11T09:00,32.8,11,0.0,901.6,2.4
2025-06-11T10:00,34.6,10,0.0,901.8,4.4
2025-06-11T11:00,36.0,8,0.0,902.0,3.8
2025-06-11T12:00,37.0,7,0.0,901.9,4.8
2025-06-11T13:00,37.8,7,0.0,901.5,8.3
2025-06-11T14:00,38.5,6,0.0,900.9,12.1
2025-06-11T15:00,39.0,5,0.0,900.4,11.8
2025-06-11T16:00,38.6,6,0.0,900.3,9.9
2025-06-11T17:00,38.0,6,0.0,899.9,11.2
2025-06-11T18:00,37.0,6,0.0,899.5,14.2
2025-06-11T19:00,35.8,7,0.0,899.6,16.6
2025-06-11T20:00,34.2,7,0.0,899.6,15.0
2025-06-11T21:00,32.8,9,0.0,900.0,13.8
2025-06-11T22:00,31.5,11,0.0,900.4,9.4
2025-06-11T23:00,30.5,12,0.0,900.3,7.1
2025-06-12T00:00,29.4,13,0.0,899.9,6.0
2025-06-12T01:00,29.0,13,0.0,899.8,8.8
2025-06-12T02:00,27.4,15,0.0,899.5,4.4
2025-06-12T03:00,26.5,16,0.0,899.8,4.7
2025-06-12T04:00,26.0,18,0.0,899.9,3.6
2025-06-12T05:00,26.1,18,0.0,900.3,2.3
2025-06-12T06:00,26.2,19,0.0,900.8,3.5
2025-06-12T07:00,28.1,17,0.0,901.9,6.3
2025-06-12T08:00,30.6,15,0.0,903.2,3.1
2025-06-12T09:00,33.4,13,0.0,903.7,10.3
2025-06-12T10:00,35.5,10,0.0,903.9,15.4
2025-06-12T11:00,37.0,9,0.0,903.9,12.1
2025-06-12T12:00,38.2,7,0.0,903.7,10.0
2025-06-12T13:00,38.9,7,0.0,903.2,9.2
2025-06-12T14:00,39.3,6,0.0,902.9,8.1
2025-06-12T15:00,39.3,6,0.0,902.7,6.8
2025-06-12T16:00,39.3,6,0.0,902.2,5.8
2025-06-12T17:00,39.0,6,0.0,901.9,4.4
2025-06-12T18:00,38.5,6,0.0,901.7,4.9
2025-06-12T19:00,36.3,8,0.0,901.4,4.2
2025-06-12T20:00,35.2,8,0.0,901.7,11.6
2025-06-12T21:00,33.6,9,0.0,901.8,11.4
2025-06-12T22:00,32.2,9,0.0,902.0,12.7
2025-06-12T23:00,31.4,10,0.0,902.0,11.5
2025-06-13T00:00,30.5,12,0.0,901.8,11.1
2025-06-13T01:00,29.4,13,0.0,901.5,8.2
2025-06-13T02:00,28.0,15,0.0,901.1,6.0
2025-06-13T03:00,27.1,15,0.0,900.8,6.1
2025-06-13T04:00,27.5,15,0.0,901.2,6.7
2025-06-13T05:00,26.2,16,0.0,901.1,5.9
2025-06-13T06:00,26.5,16,0.0,901.6,5.6
2025-06-13T07:00,28.9,13,0.0,903.0,8.7
2025-06-13T08:00,31.6,11,0.0,904.1,6.0
2025-06-13T09:00,34.5,10,0.0,904.7,11.5
2025-06-13T10:00,36.8,8,0.0,904.8,17.2
2025-06-13T11:00,38.2,8,0.0,905.1,15.5
2025-06-13T12:00,39.4,7,0.0,904.8,12.3
2025-06-13T13:00,40.3,6,0.0,904.4,8.9
2025-06-13T14:00,40.8,6,0.0,904.0,8.0
2025-06-13T15:00,40.8,6,0.0,903.6,9.4
2025-06-13T16:00,40.4,6,0.0,903.5,11.2
2025-06-13T17:00,39.7,6,0.0,903.1,12.0
2025-06-13T18:00,39.0,6,0.0,902.7,8.9
2025-06-13T19:00,37.5,7,0.0,902.4,5.4
2025-06-13T20:00,36.2,8,0.0,902.5,13.3
2025-06-13T21:00,34.5,8,0.0,902.5,13.4
2025-06-13T22:00,33.1,8,0.0,902.5,10.0
2025-06-13T23:00,31.7,9,0.0,902.1,7.5
2025-06-14T00:00,29.8,10,0.0,901.5,5.8
2025-06-14T01:00,29.2,11,0.0,901.0,4.4
2025-06-14T02:00,29.0,11,0.0,900.7,2.4
2025-06-14T03:00,28.0,12,0.0,900.6,2.4
2025-06-14T04:00,27.8,13,0.0,900.8,2.0
2025-06-14T05:00,27.9,13,0.0,900.8,1.5
2025-06-14T06:00,28.0,13,0.0,901.1,2.3
2025-06-14T07:00,30.4,10,0.0,902.2,6.5
2025-06-14T08:00,33.0,9,0.0,903.4,6.4
2025-06-14T09:00,36.0,8,0.0,904.2,5.6
2025-06-14T10:00,38.1,6,0.0,904.5,10.1
2025-06-14T11:00,39.5,6,0.0,904.7,9.6
2025-06-14T12:00,40.5,6,0.0,904.4,6.2
2025-06-14T13:00,41.2,5,0.0,903.8,3.1
2025-06-14T14:00,41.5,5,0.0,903.3,3.1
2025-06-14T15:00,41.6,5,0.0,902.7,6.8
2025-06-14T16:00,41.7,5,0.0,902.7,9.4
2025-06-14T17:00,41.1,5,0.0,902.2,12.7
2025-06-14T18:00,40.2,6,0.0,901.7,14.4
2025-06-14T19:00,38.7,6,0.0,901.4,11.0
2025-06-14T20:00,36.5,7,0.0,901.5,13.7
2025-06-14T21:00,35.0,8,0.0,901.6,11.6
2025-06-14T22:00,33.7,9,0.0,901.4,6.8
2025-06-14T23:00,32.8,9,0.0,901.2,8.0
2025-06-15T00:00,31.0,10,0.0,900.4,5.7
2025-06-15T01:00,30.1,12,0.0,899.6,3.9
2025-06-15T02:00,29.9,12,0.0,899.1,5.5
2025-06-15T03:00,29.2,12,0.0,899.0,5.8
2025-06-15T04:00,29.1,11,0.0,899.5,6.9
2025-06-15T05:00,28.8,11,0.0,899.4,7.1
2025-06-15T06:00,28.5,12,0.0,899.6,10.4
2025-06-15T07:00,29.9,11,0.0,900.4,13.0
2025-06-15T08:00,33.0,9,0.0,901.8,11.6
2025-06-15T09:00,36.1,7,0.0,902.5,10.2
2025-06-15T10:00,38.7,6,0.0,902.6,15.5
2025-06-15T11:00,40.3,6,0.0,902.8,18.5
2025-06-15T12:00,41.2,5,0.0,902.3,18.3
2025-06-15T13:00,41.8,5,0.0,901.8,17.5
2025-06-15T14:00,42.3,5,0.0,901.2,16.4
2025-06-15T15:00,42.9,4,0.0,900.4,15.9
2025-06-15T16:00,42.5,4,0.0,900.2,16.3
2025-06-15T17:00,42.2,4,0.0,899.7,16.6
2025-06-15T18:00,41.2,4,0.0,899.5,11.6
2025-06-15T19:00,39.0,5,0.0,899.1,12.4
2025-06-15T20:00,37.5,6,0.0,898.9,15.8
2025-06-15T21:00,36.5,6,0.0,898.8,13.0
2025-06-15T22:00,35.5,6,0.0,899.1,17.9
2025-06-15T23:00,34.8,7,0.0,899.0,21.5
2025-06-16T00:00,33.8,7,0.0,898.2,11.4
2025-06-16T01:00,32.8,8,0.0,897.9,7.7
2025-06-16T02:00,31.4,9,0.0,897.5,5.6
2025-06-16T03:00,30.6,10,0.0,897.7,3.0
2025-06-16T04:00,28.6,10,0.0,898.3,5.6
2025-06-16T05:00,27.7,11,0.0,897.7,4.4
2025-06-16T06:00,27.1,13,0.0,897.9,3.0
2025-06-16T07:00,29.7,10,0.0,899.3,10.0
2025-06-16T08:00,32.0,8,0.0,900.3,11.9
2025-06-16T09:00,32.8,9,0.0,900.9,16.6
2025-06-16T10:00,33.8,10,0.0,900.9,15.6
2025-06-16T11:00,35.6,9,0.0,901.2,12.0
2025-06-16T12:00,37.2,8,0.0,901.0,9.6
2025-06-16T13:00,38.5,7,0.0,900.6,6.6
2025-06-16T14:00,39.7,7,0.0,900.2,6.1
2025-06-16T15:00,41.1,5,0.0,899.5,8.6
2025-06-16T16:00,40.6,6,0.0,899.6,14.5
2025-06-16T17:00,39.0,7,0.0,899.7,14.5
2025-06-16T18:00,37.5,8,0.0,899.6,14.8
2025-06-16T19:00,36.0,9,0.0,899.6,15.0
2025-06-16T20:00,34.6,10,0.0,899.6,16.2
2025-06-16T21:00,33.5,10,0.0,899.6,17.3
2025-06-16T22:00,32.2,11,0.0,899.5,17.2
2025-06-16T23:00,30.9,11,0.0,899.5,14.1
2025-06-17T00:00,29.9,11,0.0,899.3,13.8
2025-06-17T01:00,29.2,12,0.0,898.9,12.2
2025-06-17T02:00,28.6,12,0.0,898.6,11.6
2025-06-17T03:00,28.0,13,0.0,898.6,9.3
2025-06-17T04:00,26.8,14,0.0,898.7,5.1
2025-06-17T05:00,26.4,14,0.0,898.4,5.3
2025-06-17T06:00,26.2,15,0.0,898.8,3.2
2025-06-17T07:00,28.4,13,0.0,899.9,1.7
2025-06-17T08:00,30.7,12,0.0,900.8,1.1
2025-06-17T09:00,32.9,11,0.0,901.3,7.6
2025-06-17T10:00,34.5,11,0.0,901.3,11.9
2025-06-17T11:00,36.2,10,0.0,901.4,11.9
2025-06-17T12:00,37.7,9,0.0,901.3,10.1
2025-06-17T13:00,39.0,8,0.0,901.0,8.2
2025-06-17T14:00,39.8,7,0.0,900.6,7.5
2025-06-17T15:00,40.7,6,0.0,899.8,3.5
2025-06-17T16:00,41.6,5,0.0,899.6,13.5
2025-06-17T17:00,40.7,5,0.0,899.0,16.8
2025-06-17T18:00,39.8,4,0.0,898.9,13.1
2025-06-17T19:00,37.5,6,0.0,898.9,6.9
2025-06-17T20:00,35.7,7,0.0,899.0,9.1
2025-06-17T21:00,34.0,8,0.0,899.6,11.3
2025-06-17T22:00,32.5,8,0.0,899.9,9.6
2025-06-17T23:00,31.4,7,0.0,899.6,6.9
2025-06-18T00:00,29.8,10,0.0,899.1,3.0
2025-06-18T01:00,29.4,11,0.0,898.9,2.8
2025-06-18T02:00,28.8,13,0.0,898.7,4.2
2025-06-18T03:00,29.0,13,0.0,899.2,8.7
2025-06-18T04:00,26.6,17,0.0,899.0,5.0
2025-06-18T05:00,26.1,19,0.0,899.0,1.9
2025-06-18T06:00,26.0,32,0.0,899.9,0.7
2025-06-18T07:00,27.1,17,0.0,900.9,2.0
2025-06-18T08:00,29.6,14,0.0,901.6,5.1
2025-06-18T09:00,31.6,12,0.0,902.0,13.3
2025-06-18T10:00,33.4,11,0.0,902.2,16.9
2025-06-18T11:00,35.4,10,0.0,902.5,18.4
2025-06-18T12:00,37.5,8,0.0,902.2,17.3
2025-06-18T13:00,38.8,7,0.0,902.0,13.6
2025-06-18T14:00,39.6,6,0.0,901.8,10.6
2025-06-18T15:00,39.9,6,0.0,901.2,8.1
2025-06-18T16:00,40.3,5,0.0,901.0,4.4
2025-06-18T17:00,40.5,4,0.0,900.6,7.5
2025-06-18T18:00,38.6,4,0.0,900.5,17.4
2025-06-18T19:00,36.8,6,0.0,900.7,18.7
2025-06-18T20:00,35.3,6,0.0,900.8,14.9
2025-06-18T21:00,33.4,7,0.0,900.9,8.1
2025-06-18T22:00,31.8,10,0.0,901.1,9.1
2025-06-18T23:00,30.6,12,0.0,901.2,7.5
2025-06-19T00:00,29.4,15,0.0,900.8,7.1
2025-06-19T01:00,28.0,17,0.0,900.7,6.9
2025-06-19T02:00,26.4,20,0.0,900.3,5.0
2025-06-19T03:00,25.6,21,0.0,900.2,3.0
2025-06-19T04:00,25.5,20,0.0,900.3,5.2
2025-06-19T05:00,24.5,21,0.0,900.5,5.2
2025-06-19T06:00,24.4,21,0.0,901.0,5.1
2025-06-19T07:00,26.0,18,0.0,902.2,6.1
2025-06-19T08:00,28.3,15,0.0,903.2,9.0
2025-06-19T09:00,30.4,12,0.0,903.7,13.0
2025-06-19T10:00,32.5,11,0.0,903.9,15.6
2025-06-19T11:00,34.2,10,0.0,903.8,14.5
2025-06-19T12:00,35.7,9,0.0,903.5,12.2
2025-06-19T13:00,36.8,8,0.0,903.0,8.7
2025-06-19T14:00,37.5,7,0.0,902.6,4.5
2025-06-19T15:00,37.9,6,0.0,901.9,4.6
2025-06-19T16:00,38.5,6,0.0,901.5,9.0
2025-06-19T17:00,38.4,6,0.0,900.9,14.0
2025-06-19T18:00,37.8,6,0.0,900.8,8.0
2025-06-19T19:00,35.7,7,0.0,901.0,13.0
2025-06-19T20:00,34.0,9,0.0,901.3,18.4
2025-06-19T21:00,32.6,10,0.0,901.4,19.8
2025-06-19T22:00,31.2,11,0.0,901.9,11.8
2025-06-19T23:00,29.8,12,0.0,901.7,6.2
2025-06-20T00:00,29.0,13,0.0,901.1,9.3
2025-06-20T01:00,27.9,14,0.0,900.9,7.7
2025-06-20T02:00,26.0,17,0.0,900.5,4.7
2025-06-20T03:00,25.9,24,0.0,900.5,1.1
2025-06-20T04:00,25.6,18,0.0,900.3,2.1
2025-06-20T05:00,25.0,18,0.0,900.2,2.6
2025-06-20T06:00,25.5,17,0.0,900.8,5.2
2025-06-20T07:00,26.8,16,0.0,901.3,8.2
2025-06-20T08:00,29.9,12,0.0,902.4,6.5
2025-06-20T09:00,32.4,10,0.0,903.2,6.5
2025-06-20T10:00,34.3,9,0.0,903.2,7.7
2025-06-20T11:00,36.0,8,0.0,903.2,7.2
2025-06-20T12:00,37.2,7,0.0,902.9,6.3
2025-06-20T13:00,38.0,7,0.0,902.3,6.7
2025-06-20T14:00,38.8,6,0.0,901.5,11.3
2025-06-20T15:00,39.7,5,0.0,900.8,10.4
2025-06-20T16:00,39.3,5,0.0,900.9,15.3
2025-06-20T17:00,38.0,5,0.0,900.6,21.8
2025-06-20T18:00,37.0,5,0.0,900.5,20.4
2025-06-20T19:00,35.8,6,0.0,900.6,17.1
2025-06-20T20:00,34.2,6,0.0,900.4,14.6
2025-06-20T21:00,32.7,8,0.0,900.5,13.0
2025-06-20T22:00,31.5,9,0.0,900.7,11.4
2025-06-20T23:00,29.8,10,0.0,900.6,5.9
2025-06-21T00:00,28.4,13,0.0,899.9,2.5
2025-06-21T01:00,27.8,13,0.0,899.4,2.7
2025-06-21T02:00,26.7,14,0.0,899.0,2.2
2025-06-21T03:00,26.3,14,0.0,899.2,2.0
2025-06-21T04:00,25.6,15,0.0,899.1,2.8
2025-06-21T05:00,25.0,14,0.0,899.0,4.6
2025-06-21T06:00,25.6,14,0.0,899.4,7.6
2025-06-21T07:00,27.2,12,0.0,900.4,7.9
2025-06-21T08:00,30.9,10,0.0,902.0,7.8
2025-06-21T09:00,33.3,8,0.0,902.7,8.7
2025-06-21T10:00,35.2,7,0.0,902.8,10.1
2025-06-21T11:00,36.6,7,0.0,903.0,8.1
2025-06-21T12:00,37.6,6,0.0,902.7,6.9
2025-06-21T13:00,38.3,6,0.0,902.3,6.7
2025-06-21T14:00,38.8,6,0.0,901.8,6.7
2025-06-21T15:00,38.9,5,0.0,901.3,6.9
2025-06-21T16:00,38.9,5,0.0,901.3,11.1
2025-06-21T17:00,38.7,5,0.0,900.7,12.1
2025-06-21T18:00,38.3,5,0.0,900.5,11.5
2025-06-21T19:00,36.8,5,0.0,900.3,9.1
2025-06-21T20:00,34.7,7,0.0,900.8,22.8
2025-06-21T21:00,33.5,8,0.0,900.8,14.7
2025-06-21T22:00,31.7,9,0.0,901.0,9.3
2025-06-21T23:00,30.4,10,0.0,900.8,6.8
2025-06-22T00:00,30.1,10,0.0,900.4,8.1
2025-06-22T01:00,29.0,11,0.0,900.2,8.7
2025-06-22T02:00,27.4,12,0.0,899.7,5.6
2025-06-22T03:00,26.4,14,0.0,899.6,2.6
2025-06-22T04:00,26.6,20,0.0,899.9,0.6
2025-06-22T05:00,25.5,14,0.0,899.5,2.1
2025-06-22T06:00,25.6,14,0.0,900.0,3.2
2025-06-22T07:00,28.0,11,0.0,901.0,7.9
2025-06-22T08:00,30.7,9,0.0,902.2,4.0
2025-06-22T09:00,33.5,8,0.0,902.6,8.2
2025-06-22T10:00,35.7,7,0.0,902.8,10.2
2025-06-22T11:00,37.0,6,0.0,902.7,9.6
2025-06-22T12:00,38.0,6,0.0,902.4,7.6
2025-06-22T13:00,38.6,6,0.0,901.7,5.4
2025-06-22T14:00,39.0,5,0.0,901.2,5.4
2025-06-22T15:00,39.1,5,0.0,900.4,7.8
2025-06-22T16:00,39.2,5,0.0,900.4,5.7
2025-06-22T17:00,38.8,5,0.0,899.8,5.3
2025-06-22T18:00,38.0,5,0.0,899.4,1.3
2025-06-22T19:00,36.3,6,0.0,898.9,7.3
2025-06-22T20:00,34.9,7,0.0,899.2,16.4
2025-06-22T21:00,33.3,8,0.0,899.4,19.5
2025-06-22T22:00,32.4,9,0.0,899.3,14.8
2025-06-22T23:00,31.0,9,0.0,899.3,11.3
2025-06-23T00:00,29.4,11,0.0,898.7,6.5
2025-06-23T01:00,28.4,13,0.0,898.2,4.0
2025-06-23T02:00,27.9,20,0.0,897.7,1.0
2025-06-23T03:00,26.4,14,0.0,897.4,5.0
2025-06-23T04:00,26.4,15,0.0,897.8,0.4
2025-06-23T05:00,25.4,15,0.0,897.7,2.1
2025-06-23T06:00,25.8,14,0.0,898.1,6.2
2025-06-23T07:00,27.0,13,0.0,898.9,9.0
2025-06-23T08:00,30.1,11,0.0,900.1,5.2
2025-06-23T09:00,33.2,9,0.0,900.7,10.7
2025-06-23T10:00,35.5,7,0.0,900.9,17.2
2025-06-23T11:00,37.0,7,0.0,901.0,18.4
2025-06-23T12:00,38.3,6,0.0,900.7,17.5
2025-06-23T13:00,39.3,5,0.0,900.1,15.5
2025-06-23T14:00,40.0,5,0.0,899.8,13.4
2025-06-23T15:00,40.2,5,0.0,899.2,12.1
2025-06-23T16:00,40.0,4,0.0,898.9,11.6
2025-06-23T17:00,39.3,4,0.0,898.7,12.8
2025-06-23T18:00,38.4,5,0.0,898.3,11.3
2025-06-23T19:00,36.8,5,0.0,897.9,7.7
2025-06-23T20:00,35.8,5,0.0,897.8,6.8
2025-06-23T21:00,34.7,6,0.0,897.7,9.9
2025-06-23T22:00,33.2,7,0.0,898.1,12.8
2025-06-23T23:00,32.2,8,0.0,898.0,10.4
2025-06-24T00:00,31.1,8,0.0,897.7,10.0
2025-06-24T01:00,29.2,10,0.0,897.0,13.1
2025-06-24T02:00,28.2,10,0.0,896.8,11.8
2025-06-24T03:00,27.2,11,0.0,896.4,6.0
2025-06-24T04:00,27.1,12,0.0,896.5,3.1
2025-06-24T05:00,25.9,13,0.0,896.2,3.5
2025-06-24T06:00,26.0,13,0.0,896.7,0.3
2025-06-24T07:00,28.0,10,0.0,897.8,1.3
2025-06-24T08:00,30.4,9,0.0,898.7,0.9
2025-06-24T09:00,32.2,8,0.0,899.3,4.9
2025-06-24T10:00,34.3,8,0.0,899.7,5.4
2025-06-24T11:00,36.5,7,0.0,900.0,4.7
2025-06-24T12:00,38.2,6,0.0,899.9,6.4
2025-06-24T13:00,39.2,5,0.0,899.6,6.1
2025-06-24T14:00,39.8,5,0.0,899.0,6.2
2025-06-24T15:00,40.1,5,0.0,898.6,7.1
2025-06-24T16:00,40.7,5,0.0,898.4,4.5
2025-06-24T17:00,39.8,5,0.0,898.1,13.5
2025-06-24T18:00,37.9,6,0.0,898.1,22.4
2025-06-24T19:00,36.9,6,0.0,898.3,16.7
2025-06-24T20:00,35.5,7,0.0,898.4,16.9
2025-06-24T21:00,34.5,8,0.0,898.4,16.3
2025-06-24T22:00,33.7,7,0.0,898.5,19.6
2025-06-24T23:00,32.9,7,0.0,898.5,17.6
2025-06-25T00:00,32.1,8,0.0,898.3,16.7
2025-06-25T01:00,31.1,9,0.0,898.0,12.9
2025-06-25T02:00,29.8,11,0.0,897.9,14.5
2025-06-25T03:00,29.0,13,0.0,897.5,14.2
2025-06-25T04:00,27.7,13,0.0,897.1,6.2
2025-06-25T05:00,26.5,15,0.0,896.9,4.4
2025-06-25T06:00,26.5,15,0.0,897.5,4.3
2025-06-25T07:00,28.4,13,0.0,898.8,5.1
2025-06-25T08:00,30.7,11,0.0,899.7,3.8
2025-06-25T09:00,32.4,11,0.0,900.2,6.8
2025-06-25T10:00,33.9,11,0.0,900.7,10.0
2025-06-25T11:00,35.5,10,0.0,900.9,9.9
2025-06-25T12:00,36.9,9,0.0,900.6,8.3
2025-06-25T13:00,38.0,8,0.0,900.1,6.7
2025-06-25T14:00,38.7,7,0.0,899.7,6.5
2025-06-25T15:00,39.2,7,0.0,899.2,8.6
2025-06-25T16:00,39.5,7,0.0,899.2,11.0
2025-06-25T17:00,39.0,7,0.0,898.6,10.6
2025-06-25T18:00,37.7,9,0.0,898.5,16.2
2025-06-25T19:00,36.3,9,0.0,898.7,16.2
2025-06-25T20:00,35.2,10,0.0,898.8,15.5
2025-06-25T21:00,33.6,11,0.0,899.2,12.1
2025-06-25T22:00,32.3,12,0.0,899.1,7.8
2025-06-25T23:00,31.0,13,0.0,898.7,6.1
2025-06-26T00:00,29.4,14,0.0,898.3,5.1
2025-06-26T01:00,28.2,15,0.0,898.0,4.7
2025-06-26T02:00,27.5,17,0.0,897.8,3.0
2025-06-26T03:00,27.0,18,0.0,897.6,1.3
2025-06-26T04:00,27.1,18,0.0,897.7,1.3
2025-06-26T05:00,26.8,25,0.0,897.6,0.8
2025-06-26T06:00,26.7,18,0.0,898.0,0.8
2025-06-26T07:00,28.6,15,0.0,899.0,2.3
2025-06-26T08:00,31.0,13,0.0,900.1,2.9
2025-06-26T09:00,33.5,11,0.0,900.7,5.1
2025-06-26T10:00,35.3,9,0.0,901.1,12.1
2025-06-26T11:00,36.5,9,0.0,901.3,11.9
2025-06-26T12:00,37.7,8,0.0,901.2,8.7
2025-06-26T13:00,38.5,8,0.0,900.5,6.2
2025-06-26T14:00,39.1,7,0.0,899.9,4.8
2025-06-26T15:00,39.4,7,0.0,899.2,4.2
2025-06-26T16:00,39.7,7,0.0,899.3,8.0
2025-06-26T17:00,39.3,7,0.0,898.7,9.8
2025-06-26T18:00,38.3,7,0.0,898.3,13.3
2025-06-26T19:00,37.0,8,0.0,898.4,15.8
2025-06-26T20:00,35.5,9,0.0,898.5,18.2
2025-06-26T21:00,34.0,10,0.0,899.1,15.3
2025-06-26T22:00,32.8,11,0.0,899.4,13.0
2025-06-26T23:00,31.1,12,0.0,899.2,6.3
2025-06-27T00:00,29.5,14,0.0,898.6,4.3
2025-06-27T01:00,28.6,14,0.0,898.1,4.4
2025-06-27T02:00,28.0,15,0.0,897.6,4.5
2025-06-27T03:00,27.6,24,0.0,897.5,0.7
2025-06-27T04:00,27.3,16,0.0,897.4,1.3
2025-06-27T05:00,27.3,16,0.0,897.5,1.0
2025-06-27T06:00,26.8,16,0.0,897.7,3.9
2025-06-27T07:00,28.6,13,0.0,898.8,7.1
2025-06-27T08:00,31.5,11,0.0,899.7,5.6
2025-06-27T09:00,34.4,9,0.0,900.4,10.7
2025-06-27T10:00,36.5,8,0.0,900.6,15.3
2025-06-27T11:00,37.8,7,0.0,900.7,15.3
2025-06-27T12:00,39.0,7,0.0,900.6,14.4
2025-06-27T13:00,39.8,7,0.0,899.8,13.0
2025-06-27T14:00,40.3,6,0.0,899.2,11.4
2025-06-27T15:00,40.5,6,0.0,898.5,10.2
2025-06-27T16:00,40.8,6,0.0,898.2,9.2
2025-06-27T17:00,40.4,6,0.0,897.7,8.5
2025-06-27T18:00,39.8,6,0.0,897.5,8.8
2025-06-27T19:00,37.4,8,0.0,897.0,4.0
2025-06-27T20:00,35.8,8,0.0,897.3,8.2
2025-06-27T21:00,34.5,9,0.0,897.6,11.4
2025-06-27T22:00,33.2,10,0.0,897.8,14.9
2025-06-27T23:00,32.3,11,0.0,897.2,13.8
2025-06-28T00:00,31.1,11,0.0,896.8,7.6
2025-06-28T01:00,30.1,12,0.0,896.3,6.9
2025-06-28T02:00,29.4,13,0.0,896.1,9.9
2025-06-28T03:00,27.9,14,0.0,895.7,6.6
2025-06-28T04:00,27.4,15,0.0,895.9,5.7
2025-06-28T05:00,27.4,14,0.0,895.7,6.6
2025-06-28T06:00,27.6,14,0.0,895.9,5.8
2025-06-28T07:00,29.0,13,0.0,896.9,2.1
2025-06-28T08:00,31.2,11,0.0,897.6,1.9
2025-06-28T09:00,34.1,9,0.0,898.1,8.6
2025-06-28T10:00,36.8,8,0.0,898.1,21.2
2025-06-28T11:00,38.3,7,0.0,897.9,21.1
2025-06-28T12:00,39.7,7,0.0,897.8,15.4
2025-06-28T13:00,40.2,7,0.0,897.4,10.5
2025-06-28T14:00,40.5,7,0.0,896.9,8.6
2025-06-28T15:00,40.8,7,0.0,896.3,7.6
2025-06-28T16:00,40.9,7,0.0,896.2,10.7
2025-06-28T17:00,39.9,8,0.0,895.7,17.9
2025-06-28T18:00,38.3,9,0.0,895.5,19.1
2025-06-28T19:00,37.4,9,0.0,895.3,12.6
2025-06-28T20:00,36.0,10,0.0,895.1,12.3
2025-06-28T21:00,34.8,11,0.0,895.4,13.1
2025-06-28T22:00,33.8,12,0.0,895.5,13.4
2025-06-28T23:00,33.0,13,0.0,895.5,17.2
2025-06-29T00:00,32.3,14,0.0,895.2,19.9
2025-06-29T01:00,31.2,14,0.0,895.0,24.7
2025-06-29T02:00,29.6,14,0.0,894.6,31.4
2025-06-29T03:00,28.3,17,0.0,894.5,31.7
2025-06-29T04:00,28.3,17,0.0,894.7,31.8
2025-06-29T05:00,27.9,18,0.0,894.6,31.6
2025-06-29T06:00,27.5,17,0.0,894.8,29.4
2025-06-29T07:00,28.2,15,0.0,895.3,21.8
2025-06-29T08:00,30.1,13,0.0,896.0,24.7
2025-06-29T09:00,31.9,11,0.0,896.3,27.0
2025-06-29T10:00,33.5,10,0.0,896.6,25.6
2025-06-29T11:00,35.2,9,0.0,896.9,22.3
2025-06-29T12:00,36.3,9,0.0,896.8,19.2
2025-06-29T13:00,37.0,8,0.0,896.7,17.4
2025-06-29T14:00,37.3,8,0.0,896.6,17.7
2025-06-29T15:00,37.2,8,0.0,896.2,18.1
2025-06-29T16:00,37.0,8,0.0,896.0,18.9
2025-06-29T17:00,36.2,8,0.0,895.8,19.8
2025-06-29T18:00,35.1,8,0.0,895.7,19.6
2025-06-29T19:00,33.9,9,0.0,895.7,16.9
2025-06-29T20:00,32.8,9,0.0,895.8,16.1
2025-06-29T21:00,31.8,10,0.0,895.7,14.9
2025-06-29T22:00,30.7,11,0.0,895.6,15.1
2025-06-29T23:00,29.8,11,0.0,895.2,17.0
2025-06-30T00:00,29.4,11,0.0,895.0,21.9
2025-06-30T01:00,29.0,12,0.0,894.7,26.5
2025-06-30T02:00,28.1,14,0.0,894.6,29.7
2025-06-30T03:00,27.1,16,0.0,894.7,32.0
2025-06-30T04:00,27.0,16,0.0,895.1,33.3
2025-06-30T05:00,26.5,17,0.0,895.1,34.1
2025-06-30T06:00,26.3,17,0.0,895.5,32.8
2025-06-30T07:00,27.2,16,0.0,896.1,26.2
2025-06-30T08:00,28.9,16,0.0,897.0,29.6
2025-06-30T09:00,30.4,16,0.0,897.4,29.5
2025-06-30T10:00,32.1,15,0.0,897.7,26.4
2025-06-30T11:00,33.8,13,0.0,897.9,25.5
2025-06-30T12:00,35.0,11,0.0,897.7,26.6
2025-06-30T13:00,35.7,10,0.0,897.4,26.2
2025-06-30T14:00,36.4,10,0.0,897.3,24.3
2025-06-30T15:00,36.7,9,0.0,896.9,22.6
2025-06-30T16:00,36.5,9,0.0,897.6,19.8
2025-06-30T17:00,36.0,9,0.0,897.1,19.1
2025-06-30T18:00,35.2,10,0.0,897.3,18.3
2025-06-30T19:00,34.1,11,0.0,897.3,15.1
2025-06-30T20:00,32.8,11,0.0,897.5,14.7
2025-06-30T21:00,31.9,12,0.0,897.7,15.0
2025-06-30T22:00,31.0,13,0.0,897.7,13.3
2025-06-30T23:00,29.9,14,0.0,897.6,11.3
2025-07-01T00:00,29.0,14,0.0,897.3,12.5
2025-07-01T01:00,28.9,15,0.0,897.3,14.7
2025-07-01T02:00,28.5,15,0.0,897.1,15.4
2025-07-01T03:00,28.1,16,0.0,897.1,15.1
2025-07-01T04:00,27.6,16,0.0,897.3,13.1
2025-07-01T05:00,27.1,16,0.0,897.1,11.3
2025-07-01T06:00,27.0,16,0.0,897.6,9.6
2025-07-01T07:00,28.3,14,0.0,899.0,15.6
2025-07-01T08:00,29.4,13,0.0,900.0,19.9
2025-07-01T09:00,30.5,14,0.0,900.5,18.4
2025-07-01T10:00,32.0,14,0.0,900.8,16.6
2025-07-01T11:00,33.6,12,0.0,901.0,14.8
2025-07-01T12:00,35.0,10,0.0,900.9,13.6
2025-07-01T13:00,35.8,10,0.0,900.6,12.5
2025-07-01T14:00,36.3,9,0.0,900.2,11.8
2025-07-01T15:00,36.8,9,0.0,899.8,13.6
2025-07-01T16:00,36.4,9,0.0,899.9,13.7
2025-07-01T17:00,35.9,10,0.0,899.5,15.6
2025-07-01T18:00,35.0,10,0.0,899.3,16.6
2025-07-01T19:00,33.9,11,0.0,899.3,15.1
2025-07-01T20:00,32.8,12,0.0,899.4,13.7
2025-07-01T21:00,31.5,13,0.0,899.6,14.0
2025-07-01T22:00,30.4,14,0.0,899.7,13.0
2025-07-01T23:00,29.4,15,0.0,899.3,12.9
2025-07-02T00:00,28.8,15,0.0,898.9,11.7
2025-07-02T01:00,28.0,16,0.0,898.2,8.4
2025-07-02T02:00,27.0,17,0.0,897.7,5.5
2025-07-02T03:00,26.5,18,0.0,898.0,7.5
2025-07-02T04:00,26.1,19,0.0,898.3,5.9
2025-07-02T05:00,25.0,21,0.0,898.0,4.2
2025-07-02T06:00,25.0,21,0.0,898.5,2.9
2025-07-02T07:00,27.1,18,0.0,899.8,6.2
2025-07-02T08:00,29.5,17,0.0,901.1,11.7
2025-07-02T09:00,30.6,16,0.0,901.3,14.5
2025-07-02T10:00,32.2,14,0.0,901.5,11.0
2025-07-02T11:00,33.7,13,0.0,901.5,9.3
2025-07-02T12:00,34.7,13,0.0,901.4,9.4
2025-07-02T13:00,35.4,12,0.0,900.9,8.9
2025-07-02T14:00,36.0,12,0.0,900.6,9.4
2025-07-02T15:00,36.2,11,0.0,900.2,12.5
2025-07-02T16:00,36.0,11,0.0,900.0,16.6
2025-07-02T17:00,35.7,11,0.0,899.6,16.6
2025-07-02T18:00,35.1,12,0.0,899.4,14.6
2025-07-02T19:00,34.2,12,0.0,899.5,14.0
2025-07-02T20:00,32.7,13,0.0,899.3,14.4
2025-07-02T21:00,31.6,15,0.0,899.2,13.0
2025-07-02T22:00,30.6,16,0.0,898.9,7.2
2025-07-02T23:00,29.0,18,0.0,898.7,4.8
2025-07-03T00:00,28.1,19,0.0,898.4,4.6
2025-07-03T01:00,28.0,19,0.0,898.0,8.5
2025-07-03T02:00,26.7,22,0.0,897.5,3.3
2025-07-03T03:00,26.5,23,0.0,897.6,0.4
2025-07-03T04:00,26.3,23,0.0,897.7,1.5
2025-07-03T05:00,26.0,22,0.0,898.0,4.4
2025-07-03T06:00,25.5,24,0.0,898.2,2.4
2025-07-03T07:00,27.4,21,0.0,899.4,6.9
2025-07-03T08:00,30.5,17,0.0,900.2,4.5
2025-07-03T09:00,32.8,15,0.0,900.9,5.4
2025-07-03T10:00,34.1,14,0.0,901.1,2.4
2025-07-03T11:00,35.3,13,0.0,901.1,2.2
2025-07-03T12:00,36.5,11,0.0,900.8,2.2
2025-07-03T13:00,37.7,10,0.0,900.3,7.8
2025-07-03T14:00,38.0,10,0.0,900.0,11.9
2025-07-03T15:00,37.9,10,0.0,899.5,12.4
2025-07-03T16:00,37.7,10,0.0,899.6,10.8
2025-07-03T17:00,37.3,9,0.0,899.2,11.7
2025-07-03T18:00,36.5,10,0.0,898.8,14.4
2025-07-03T19:00,35.0,13,0.0,898.9,20.4
2025-07-03T20:00,33.7,13,0.0,899.2,19.7
2025-07-03T21:00,32.8,13,0.0,899.5,15.2
2025-07-03T22:00,31.5,16,0.0,899.7,15.5
2025-07-03T23:00,30.3,19,0.0,899.7,12.7
2025-07-04T00:00,29.5,20,0.0,899.2,12.6
2025-07-04T01:00,29.0,20,0.0,898.8,13.4
2025-07-04T02:00,28.2,22,0.0,898.7,14.1
2025-07-04T03:00,27.5,23,0.0,898.6,11.8
2025-07-04T04:00,27.4,23,0.0,898.9,9.3
2025-07-04T05:00,26.9,24,0.0,898.9,7.1
2025-07-04T06:00,26.6,24,0.0,899.4,8.6
2025-07-04T07:00,28.2,22,0.0,900.2,8.9
2025-07-04T08:00,30.3,18,0.0,901.0,9.7
2025-07-04T09:00,32.0,15,0.0,901.5,11.4
2025-07-04T10:00,33.2,14,0.0,901.9,12.5
2025-07-04T11:00,34.3,14,0.0,902.0,12.0
2025-07-04T12:00,35.3,13,0.0,901.8,12.0
2025-07-04T13:00,36.3,12,0.0,901.4,12.7
2025-07-04T14:00,37.2,11,0.0,900.9,15.7
2025-07-04T15:00,37.0,11,0.0,900.4,19.0
2025-07-04T16:00,36.5,11,0.0,900.4,18.8
2025-07-04T17:00,35.8,11,0.0,900.2,17.9
2025-07-04T18:00,34.8,12,0.0,900.1,17.7
2025-07-04T19:00,33.7,14,0.0,900.1,15.1
2025-07-04T20:00,32.7,15,0.0,900.2,15.1
2025-07-04T21:00,31.7,16,0.0,900.5,14.9
2025-07-04T22:00,30.7,17,0.0,900.7,13.1
2025-07-04T23:00,29.6,18,0.0,900.3,11.7
2025-07-05T00:00,29.0,18,0.0,900.2,13.2
2025-07-05T01:00,28.0,19,0.0,900.0,17.4
2025-07-05T02:00,26.5,20,0.0,899.5,13.6
2025-07-05T03:00,25.7,20,0.0,899.2,8.4
2025-07-05T04:00,25.0,21,0.0,899.4,4.2
2025-07-05T05:00,25.1,20,0.0,899.8,5.5
2025-07-05T06:00,25.1,19,0.0,899.9,5.9
2025-07-05T07:00,27.0,17,0.0,901.1,7.9
2025-07-05T08:00,29.1,14,0.0,902.1,9.1
2025-07-05T09:00,30.5,12,0.0,902.5,14.5
2025-07-05T10:00,31.5,12,0.0,902.7,14.8
2025-07-05T11:00,33.0,12,0.0,902.7,14.0
2025-07-05T12:00,34.2,12,0.0,902.6,15.1
2025-07-05T13:00,35.2,12,0.0,902.1,17.0
2025-07-05T14:00,35.8,11,0.0,901.7,18.6
2025-07-05T15:00,36.0,11,0.0,901.4,19.2
2025-07-05T16:00,35.4,10,0.0,901.5,21.4
2025-07-05T17:00,34.8,10,0.0,901.1,22.3
2025-07-05T18:00,34.0,10,0.0,901.1,21.8
2025-07-05T19:00,33.0,11,0.0,901.2,17.9
2025-07-05T20:00,31.7,12,0.0,901.1,14.6
2025-07-05T21:00,30.6,14,0.0,901.2,14.1
2025-07-05T22:00,29.2,14,0.0,901.6,14.9
2025-07-05T23:00,27.7,14,0.0,901.1,12.8
2025-07-06T00:00,26.7,14,0.0,900.7,12.3
2025-07-06T01:00,26.0,14,0.0,900.0,11.9
2025-07-06T02:00,25.2,14,0.0,899.5,11.2
2025-07-06T03:00,24.5,15,0.0,899.4,10.4
2025-07-06T04:00,24.2,16,0.0,899.8,13.4
2025-07-06T05:00,23.5,17,0.0,899.6,12.4
2025-07-06T06:00,23.4,18,0.0,899.9,11.0
2025-07-06T07:00,25.0,17,0.0,900.7,9.8
2025-07-06T08:00,27.5,15,0.0,901.8,10.3
2025-07-06T09:00,28.5,15,0.0,902.1,16.5
2025-07-06T10:00,30.1,14,0.0,902.5,15.2
2025-07-06T11:00,31.7,12,0.0,902.6,15.0
2025-07-06T12:00,33.0,11,0.0,902.2,17.3
2025-07-06T13:00,34.0,10,0.0,901.7,19.2
2025-07-06T14:00,34.7,9,0.0,901.5,20.3
2025-07-06T15:00,35.0,8,0.0,901.0,20.5
2025-07-06T16:00,35.0,7,0.0,901.0,20.1
2025-07-06T17:00,34.3,8,0.0,900.6,19.2
2025-07-06T18:00,33.5,8,0.0,900.2,18.1
2025-07-06T19:00,32.3,9,0.0,900.1,14.4
2025-07-06T20:00,31.0,11,0.0,899.9,10.3
2025-07-06T21:00,29.5,12,0.0,899.8,6.2
2025-07-06T22:00,28.0,14,0.0,899.6,5.0
2025-07-06T23:00,27.4,15,0.0,899.3,5.4
2025-07-07T00:00,27.0,16,0.0,898.9,7.8
2025-07-07T01:00,26.6,16,0.0,898.2,9.7
2025-07-07T02:00,26.0,15,0.0,897.8,8.5
2025-07-07T03:00,25.8,15,0.0,897.4,10.1
2025-07-07T04:00,25.8,15,0.0,897.6,11.1
2025-07-07T05:00,25.1,16,0.0,897.6,12.7
2025-07-07T06:00,25.0,17,0.0,898.2,13.8
2025-07-07T07:00,26.4,16,0.0,899.1,13.0
2025-07-07T08:00,28.8,15,0.0,900.2,12.2
2025-07-07T09:00,30.4,14,0.0,900.5,16.5
2025-07-07T10:00,31.8,13,0.0,900.9,17.4
2025-07-07T11:00,33.3,11,0.0,901.1,19.8
2025-07-07T12:00,34.5,10,0.0,901.0,21.9
2025-07-07T13:00,35.5,8,0.0,900.5,23.2
2025-07-07T14:00,36.0,7,0.0,899.9,24.2
2025-07-07T15:00,36.1,7,0.0,899.4,25.0
2025-07-07T16:00,36.0,7,0.0,899.5,24.6
2025-07-07T17:00,35.5,8,0.0,899.1,24.4
2025-07-07T18:00,34.7,8,0.0,898.8,22.9
2025-07-07T19:00,33.5,8,0.0,898.8,18.4
2025-07-07T20:00,32.2,8,0.0,898.8,14.7
2025-07-07T21:00,31.0,8,0.0,899.0,13.5
2025-07-07T22:00,30.0,8,0.0,899.0,11.5
2025-07-07T23:00,29.2,9,0.0,898.5,11.2
2025-07-08T00:00,28.2,10,0.0,897.9,9.1
2025-07-08T01:00,27.4,11,0.0,897.4,8.7
2025-07-08T02:00,27.0,12,0.0,896.8,9.2
2025-07-08T03:00,26.9,14,0.0,896.9,12.3
2025-07-08T04:00,26.7,14,0.0,897.3,13.2
2025-07-08T05:00,26.1,16,0.0,897.3,12.8
2025-07-08T06:00,25.9,17,0.0,897.6,14.2
2025-07-08T07:00,27.5,16,0.0,898.8,15.6
2025-07-08T08:00,29.6,15,0.0,899.8,16.4
2025-07-08T09:00,31.1,16,0.0,900.3,18.6
2025-07-08T10:00,32.7,15,0.0,900.7,18.6
2025-07-08T11:00,34.2,12,0.0,900.9,17.9
2025-07-08T12:00,35.2,10,0.0,900.7,19.4
2025-07-08T13:00,35.8,10,0.0,900.1,20.5
2025-07-08T14:00,36.7,8,0.0,899.7,21.6
2025-07-08T15:00,36.7,7,0.0,899.1,24.7
2025-07-08T16:00,36.7,6,0.0,899.1,23.4
2025-07-08T17:00,36.2,6,0.0,899.0,23.3
2025-07-08T18:00,35.3,6,0.0,898.5,22.8
2025-07-08T19:00,34.0,6,0.0,898.5,18.6
2025-07-08T20:00,32.5,6,0.0,898.5,15.7
2025-07-08T21:00,31.4,7,0.0,898.9,13.3
2025-07-08T22:00,30.4,8,0.0,898.8,11.2
2025-07-08T23:00,29.5,10,0.0,898.3,10.1
2025-07-09T00:00,28.7,11,0.0,897.9,8.3
2025-07-09T01:00,27.9,12,0.0,897.5,8.6
2025-07-09T02:00,26.9,13,0.0,896.8,8.1
2025-07-09T03:00,25.8,15,0.0,896.3,7.6
2025-07-09T04:00,26.0,15,0.0,896.8,7.5
2025-07-09T05:00,25.5,15,0.0,897.1,9.5
2025-07-09T06:00,25.6,15,0.0,897.6,10.5
2025-07-09T07:00,27.5,14,0.0,898.7,13.0
2025-07-09T08:00,30.2,13,0.0,899.9,12.3
2025-07-09T09:00,32.2,14,0.0,900.3,15.3
2025-07-09T10:00,33.5,13,0.0,900.4,15.9
2025-07-09T11:00,35.1,11,0.0,900.6,15.3
2025-07-09T12:00,36.3,9,0.0,900.6,16.3
2025-07-09T13:00,37.2,7,0.0,900.2,18.3
2025-07-09T14:00,37.8,7,0.0,899.6,19.5
2025-07-09T15:00,37.8,7,0.0,899.0,19.5
2025-07-09T16:00,37.8,6,0.0,899.2,18.5
2025-07-09T17:00,37.2,6,0.0,899.0,19.3
2025-07-09T18:00,36.2,7,0.0,898.5,20.4
2025-07-09T19:00,35.0,7,0.0,898.2,16.7
2025-07-09T20:00,33.6,8,0.0,898.3,13.7
2025-07-09T21:00,32.3,9,0.0,898.6,11.3
2025-07-09T22:00,31.1,10,0.0,898.5,11.6
2025-07-09T23:00,30.0,11,0.0,898.3,10.8
2025-07-10T00:00,29.0,12,0.0,897.5,8.0
2025-07-10T01:00,27.8,14,0.0,896.7,6.1
2025-07-10T02:00,26.8,15,0.0,896.0,5.1
2025-07-10T03:00,26.5,15,0.0,896.2,6.7
2025-07-10T04:00,26.6,14,0.0,896.7,7.8
2025-07-10T05:00,25.1,15,0.0,896.4,8.7
2025-07-10T06:00,23.9,16,0.0,896.1,6.4
2025-07-10T07:00,26.3,14,0.0,897.4,7.6
2025-07-10T08:00,31.0,10,0.0,899.0,7.3
2025-07-10T09:00,33.4,7,0.0,899.9,13.1
2025-07-10T10:00,34.7,6,0.0,900.1,13.7
2025-07-10T11:00,35.8,6,0.0,900.3,14.3
2025-07-10T12:00,36.5,7,0.0,900.1,14.7
2025-07-10T13:00,37.0,7,0.0,899.8,15.8
2025-07-10T14:00,37.5,6,0.0,899.1,16.9
2025-07-10T15:00,37.5,6,0.0,898.6,18.3
2025-07-10T16:00,37.3,6,0.0,898.9,18.3
2025-07-10T17:00,36.8,6,0.0,898.5,17.4
2025-07-10T18:00,36.0,7,0.0,898.3,15.5
2025-07-10T19:00,34.7,8,0.0,898.2,13.0
2025-07-10T20:00,33.0,9,0.0,898.2,10.1
2025-07-10T21:00,31.6,9,0.0,898.2,8.4
2025-07-10T22:00,30.6,10,0.0,898.2,7.5
2025-07-10T23:00,30.2,9,0.0,898.1,7.9
2025-07-11T00:00,29.1,10,0.0,897.6,7.5
2025-07-11T01:00,27.8,11,0.0,896.8,6.9
2025-07-11T02:00,27.6,12,0.0,896.6,9.6
2025-07-11T03:00,27.5,12,0.0,896.6,10.7
2025-07-11T04:00,27.0,12,0.0,896.7,7.6
2025-07-11T05:00,26.1,12,0.0,896.7,6.9
2025-07-11T06:00,24.5,14,0.0,896.9,13.1
2025-07-11T07:00,27.1,13,0.0,898.0,13.5
2025-07-11T08:00,30.6,12,0.0,899.7,10.5
2025-07-11T09:00,33.7,10,0.0,900.7,12.0
2025-07-11T10:00,35.5,7,0.0,901.0,7.3
2025-07-11T11:00,36.6,6,0.0,901.2,8.2
2025-07-11T12:00,37.6,6,0.0,901.1,10.6
2025-07-11T13:00,38.1,6,0.0,900.7,15.0
2025-07-11T14:00,38.1,6,0.0,900.3,18.6
2025-07-11T15:00,38.0,6,0.0,900.1,17.7
2025-07-11T16:00,37.8,6,0.0,900.0,16.9
2025-07-11T17:00,37.3,6,0.0,899.7,16.2
2025-07-11T18:00,36.5,6,0.0,899.6,17.0
2025-07-11T19:00,35.0,6,0.0,899.7,16.4
2025-07-11T20:00,33.8,7,0.0,899.4,12.8
2025-07-11T21:00,33.2,7,0.0,899.5,17.4
2025-07-11T22:00,32.0,8,0.0,899.6,13.4
2025-07-11T23:00,31.2,9,0.0,899.3,10.4
2025-07-12T00:00,30.8,9,0.0,898.9,12.5
2025-07-12T01:00,30.3,10,0.0,898.7,10.8
2025-07-12T02:00,29.1,11,0.0,898.2,7.1
2025-07-12T03:00,28.0,11,0.0,898.3,6.2
2025-07-12T04:00,28.0,11,0.0,898.2,6.3
2025-07-12T05:00,27.2,12,0.0,898.3,5.3
2025-07-12T06:00,26.7,13,0.0,898.8,5.0
2025-07-12T07:00,28.1,12,0.0,899.7,4.8
2025-07-12T08:00,32.0,10,0.0,901.4,3.5
2025-07-12T09:00,34.8,8,0.0,902.3,3.4
2025-07-12T10:00,36.7,7,0.0,902.7,7.8
2025-07-12T11:00,37.8,6,0.0,902.6,8.1
2025-07-12T12:00,38.8,6,0.0,902.4,9.9
2025-07-12T13:00,39.5,5,0.0,902.1,14.9
2025-07-12T14:00,39.3,5,0.0,901.7,20.2
2025-07-12T15:00,38.9,5,0.0,901.4,20.2
2025-07-12T16:00,38.7,6,0.0,901.7,17.3
2025-07-12T17:00,38.0,6,0.0,901.3,16.5
2025-07-12T18:00,37.0,7,0.0,901.3,15.2
2025-07-12T19:00,35.8,7,0.0,901.3,8.2
2025-07-12T20:00,34.3,8,0.0,901.3,9.9
2025-07-12T21:00,33.0,9,0.0,901.5,10.6
2025-07-12T22:00,32.0,10,0.0,901.4,6.3
2025-07-12T23:00,30.8,12,0.0,900.8,4.9
2025-07-13T00:00,29.9,12,0.0,900.4,4.7
2025-07-13T01:00,29.9,12,0.0,900.3,6.6
2025-07-13T02:00,29.3,13,0.0,899.8,5.9
2025-07-13T03:00,28.5,14,0.0,899.7,4.6
2025-07-13T04:00,28.8,14,0.0,900.3,6.8
2025-07-13T05:00,28.0,15,0.0,900.1,5.9
2025-07-13T06:00,27.8,16,0.0,900.5,2.3
2025-07-13T07:00,29.8,14,0.0,901.5,1.6
2025-07-13T08:00,32.4,12,0.0,902.5,3.4
2025-07-13T09:00,35.0,10,0.0,903.3,2.4
2025-07-13T10:00,37.1,9,0.0,903.7,6.5
2025-07-13T11:00,38.2,8,0.0,903.9,9.9
2025-07-13T12:00,38.8,8,0.0,903.7,10.8
2025-07-13T13:00,39.2,8,0.0,903.5,11.6
2025-07-13T14:00,39.3,8,0.0,903.1,10.4
2025-07-13T15:00,39.5,7,0.0,902.7,8.7
2025-07-13T16:00,39.4,7,0.0,902.4,13.2
2025-07-13T17:00,39.0,7,0.0,902.0,11.3
2025-07-13T18:00,38.3,8,0.0,901.8,9.7
2025-07-13T19:00,36.8,8,0.0,901.7,12.5
2025-07-13T20:00,35.2,9,0.0,901.5,18.3
2025-07-13T21:00,34.3,10,0.0,901.5,16.2
2025-07-13T22:00,33.5,10,0.0,901.2,7.0
2025-07-13T23:00,31.6,11,0.0,900.7,5.5
2025-07-14T00:00,30.2,13,0.0,900.3,3.9
2025-07-14T01:00,29.3,14,0.0,900.4,4.5
2025-07-14T02:00,29.0,15,0.0,899.8,3.9
2025-07-14T03:00,28.4,15,0.0,899.4,2.0
2025-07-14T04:00,28.9,14,0.0,899.8,13.1
2025-07-14T05:00,28.8,14,0.0,900.2,17.1
2025-07-14T06:00,28.5,14,0.0,900.4,16.8
2025-07-14T07:00,29.7,13,0.0,901.0,16.2
2025-07-14T08:00,31.6,11,0.0,901.7,13.0
2025-07-14T09:00,33.6,10,0.0,902.2,14.2
2025-07-14T10:00,35.5,8,0.0,902.6,15.3
2025-07-14T11:00,37.2,8,0.0,902.7,15.9
2025-07-14T12:00,38.5,7,0.0,902.6,11.6
2025-07-14T13:00,39.2,7,0.0,902.1,7.3
2025-07-14T14:00,39.8,7,0.0,901.7,7.8
2025-07-14T15:00,40.2,6,0.0,901.1,11.1
2025-07-14T16:00,39.9,6,0.0,900.9,15.3
2025-07-14T17:00,39.1,7,0.0,900.4,19.1
2025-07-14T18:00,38.2,7,0.0,899.9,20.7
2025-07-14T19:00,37.0,7,0.0,899.8,16.3
2025-07-14T20:00,35.7,8,0.0,899.7,15.6
2025-07-14T21:00,34.4,9,0.0,899.6,14.8
2025-07-14T22:00,33.2,10,0.0,899.4,12.4
2025-07-14T23:00,32.2,10,0.0,898.9,10.7
2025-07-15T00:00,31.5,11,0.0,898.0,16.6
2025-07-15T01:00,30.6,11,0.0,898.0,11.9
2025-07-15T02:00,28.5,15,0.0,897.5,1.9
2025-07-15T03:00,28.5,13,0.0,897.5,4.2
2025-07-15T04:00,27.9,14,0.0,897.4,3.1
2025-07-15T05:00,27.3,14,0.0,897.1,3.5
2025-07-15T06:00,27.1,15,0.0,897.2,2.8
2025-07-15T07:00,29.2,13,0.0,898.4,5.6
2025-07-15T08:00,31.9,11,0.0,899.5,3.5
2025-07-15T09:00,34.2,9,0.0,900.1,2.0
2025-07-15T10:00,36.5,8,0.0,900.4,6.3
2025-07-15T11:00,38.2,7,0.0,900.6,9.9
2025-07-15T12:00,39.3,7,0.0,900.3,7.3
2025-07-15T13:00,40.2,6,0.0,899.7,5.1
2025-07-15T14:00,40.7,6,0.0,899.0,7.3
2025-07-15T15:00,40.5,6,0.0,898.5,13.1
2025-07-15T16:00,40.3,6,0.0,898.1,5.5
2025-07-15T17:00,40.5,6,0.0,897.4,11.0
2025-07-15T18:00,40.8,6,0.0,896.8,18.4
2025-07-15T19:00,38.6,7,0.0,896.9,29.3
2025-07-15T20:00,37.8,8,0.0,897.2,19.5
2025-07-15T21:00,36.0,11,0.0,897.0,1.1
2025-07-15T22:00,34.8,9,0.0,897.8,14.4
2025-07-15T23:00,33.6,10,0.0,897.4,18.5
2025-07-16T00:00,32.7,10,0.0,897.1,15.5
2025-07-16T01:00,31.1,12,0.0,896.9,11.5
2025-07-16T02:00,31.0,13,0.0,897.0,15.6
2025-07-16T03:00,30.1,16,0.0,897.5,25.5
2025-07-16T04:00,29.1,23,0.0,897.0,32.9
2025-07-16T05:00,28.6,25,0.0,896.8,27.5
2025-07-16T06:00,27.9,27,0.0,897.1,26.5
2025-07-16T07:00,28.5,25,0.0,897.6,24.3
2025-07-16T08:00,30.3,21,0.0,898.4,25.9
2025-07-16T09:00,32.2,17,0.0,899.3,25.2
2025-07-16T10:00,33.8,15,0.0,899.8,23.4
2025-07-16T11:00,35.1,13,0.0,900.1,20.8
2025-07-16T12:00,36.2,12,0.0,900.0,18.0
2025-07-16T13:00,37.2,12,0.0,899.9,17.5
2025-07-16T14:00,37.8,11,0.0,899.7,18.8
2025-07-16T15:00,38.1,11,0.0,899.5,21.2
2025-07-16T16:00,38.2,10,0.0,899.7,19.0
2025-07-16T17:00,37.8,10,0.0,899.4,19.9
2025-07-16T18:00,36.9,10,0.0,899.4,20.7
2025-07-16T19:00,35.8,11,0.0,899.6,17.2
2025-07-16T20:00,34.5,13,0.0,899.7,16.1
2025-07-16T21:00,33.4,15,0.0,900.0,21.2
2025-07-16T22:00,32.7,16,0.0,900.1,23.4
2025-07-16T23:00,31.5,13,0.0,900.3,23.5
2025-07-17T00:00,31.1,10,0.0,900.0,24.2
2025-07-17T01:00,30.5,9,0.0,899.9,20.8
2025-07-17T02:00,30.3,9,0.0,899.8,21.2
2025-07-17T03:00,30.0,10,0.0,899.9,21.5
2025-07-17T04:00,28.9,11,0.0,899.8,21.5
2025-07-17T05:00,27.9,14,0.0,899.9,22.2
2025-07-17T06:00,27.2,17,0.0,900.4,23.4
2025-07-17T07:00,28.0,17,0.0,901.2,19.5
2025-07-17T08:00,29.8,15,0.0,902.2,23.2
2025-07-17T09:00,31.9,13,0.0,902.9,23.1
2025-07-17T10:00,33.7,14,0.0,903.1,22.1
2025-07-17T11:00,35.2,13,0.0,903.4,21.7
2025-07-17T12:00,36.3,12,0.0,903.2,21.1
2025-07-17T13:00,37.2,11,0.0,902.9,20.3
2025-07-17T14:00,38.0,11,0.0,902.7,18.4
2025-07-17T15:00,38.3,10,0.0,902.4,17.3
2025-07-17T16:00,38.0,10,0.0,902.3,16.2
2025-07-17T17:00,37.4,10,0.0,902.1,17.0
2025-07-17T18:00,36.7,10,0.0,901.9,16.2
2025-07-17T19:00,35.5,11,0.0,902.1,14.0
2025-07-17T20:00,34.3,12,0.0,902.0,13.5
2025-07-17T21:00,33.3,14,0.0,902.4,15.9
2025-07-17T22:00,32.2,15,0.0,902.3,14.6
2025-07-17T23:00,31.4,15,0.0,902.0,14.2
2025-07-18T00:00,30.4,16,0.0,901.9,17.4
2025-07-18T01:00,29.4,17,0.0,901.4,20.1
2025-07-18T02:00,28.8,17,0.0,901.3,19.1
2025-07-18T03:00,28.2,18,0.0,901.4,19.5
2025-07-18T04:00,28.0,18,0.0,901.8,14.8
2025-07-18T05:00,27.5,19,0.0,901.7,13.6
2025-07-18T06:00,27.5,19,0.0,902.1,12.9
2025-07-18T07:00,29.0,17,0.0,903.0,12.2
2025-07-18T08:00,31.0,15,0.0,904.0,12.3
2025-07-18T09:00,32.2,13,0.0,904.6,15.5
2025-07-18T10:00,33.8,11,0.0,904.9,16.6
2025-07-18T11:00,35.0,10,0.0,904.8,17.1
2025-07-18T12:00,36.0,10,0.0,904.6,16.1
2025-07-18T13:00,36.8,9,0.0,904.0,14.7
2025-07-18T14:00,37.2,9,0.0,903.9,14.2
2025-07-18T15:00,37.3,9,0.0,903.5,14.5
2025-07-18T16:00,37.1,9,0.0,903.5,15.3
2025-07-18T17:00,36.7,9,0.0,903.0,16.3
2025-07-18T18:00,35.8,9,0.0,902.6,16.9
2025-07-18T19:00,34.5,10,0.0,902.7,15.4
2025-07-18T20:00,33.2,10,0.0,902.5,14.0
2025-07-18T21:00,32.3,11,0.0,902.5,14.3
2025-07-18T22:00,31.0,13,0.0,902.3,14.8
2025-07-18T23:00,29.7,14,0.0,901.8,13.8
2025-07-19T00:00,28.8,15,0.0,901.4,14.6
2025-07-19T01:00,27.9,16,0.0,900.9,12.6
2025-07-19T02:00,27.4,16,0.0,900.4,9.3
2025-07-19T03:00,27.0,16,0.0,900.3,7.6
2025-07-19T04:00,27.5,16,0.0,900.4,8.7
2025-07-19T05:00,27.0,16,0.0,900.3,8.0
2025-07-19T06:00,26.8,16,0.0,900.6,7.8
2025-07-19T07:00,28.4,15,0.0,901.6,10.1
2025-07-19T08:00,30.8,14,0.0,902.3,9.9
2025-07-19T09:00,32.8,13,0.0,902.7,13.6
2025-07-19T10:00,34.2,11,0.0,902.8,14.2
2025-07-19T11:00,35.4,9,0.0,903.0,12.3
2025-07-19T12:00,36.4,8,0.0,902.6,11.7
2025-07-19T13:00,37.3,8,0.0,902.1,13.3
2025-07-19T14:00,37.8,8,0.0,901.6,15.9
2025-07-19T15:00,37.8,8,0.0,901.3,17.4
2025-07-19T16:00,37.8,7,0.0,901.3,17.2
2025-07-19T17:00,37.3,7,0.0,901.0,16.6
2025-07-19T18:00,36.3,8,0.0,900.5,16.2
2025-07-19T19:00,35.1,9,0.0,900.4,13.3
2025-07-19T20:00,33.5,10,0.0,900.4,12.7
2025-07-19T21:00,32.3,11,0.0,900.0,9.3
2025-07-19T22:00,31.0,12,0.0,899.7,10.8
2025-07-19T23:00,30.0,13,0.0,899.3,10.2
2025-07-20T00:00,28.5,15,0.0,898.7,5.2
2025-07-20T01:00,28.1,17,0.0,898.3,1.5
2025-07-20T02:00,27.5,17,0.0,897.8,2.7
2025-07-20T03:00,27.2,17,0.0,897.7,1.7
2025-07-20T04:00,27.0,17,0.0,897.6,0.3
2025-07-20T05:00,26.0,18,0.0,897.5,1.9
2025-07-20T06:00,25.4,19,0.0,897.5,3.5
2025-07-20T07:00,26.9,16,0.0,898.6,9.7
2025-07-20T08:00,30.3,13,0.0,899.9,7.8
2025-07-20T09:00,33.3,11,0.0,900.8,8.2
2025-07-20T10:00,35.2,10,0.0,901.0,6.9
2025-07-20T11:00,36.7,9,0.0,900.8,7.7
2025-07-20T12:00,37.8,8,0.0,900.4,12.1
2025-07-20T13:00,38.5,8,0.0,899.9,15.7
2025-07-20T14:00,39.5,7,0.0,899.2,13.1
2025-07-20T15:00,40.0,7,0.0,898.7,15.1
2025-07-20T16:00,39.8,8,0.0,898.4,17.7
2025-07-20T17:00,39.6,9,0.0,897.9,15.5
2025-07-20T18:00,38.9,9,0.0,897.5,17.6
2025-07-20T19:00,37.3,10,0.0,897.4,16.2
2025-07-20T20:00,35.1,13,0.0,897.3,2.9
2025-07-20T21:00,34.3,11,0.0,898.5,22.1
2025-07-20T22:00,33.0,12,0.0,898.7,22.5
2025-07-20T23:00,32.0,13,0.0,898.5,21.7
2025-07-21T00:00,31.3,14,0.0,898.5,18.7
2025-07-21T01:00,30.5,16,0.0,898.3,11.8
2025-07-21T02:00,29.5,17,0.0,898.2,11.9
2025-07-21T03:00,28.9,18,0.0,898.1,14.1
2025-07-21T04:00,28.2,19,0.0,897.9,15.3
2025-07-21T05:00,27.9,19,0.0,897.9,13.8
2025-07-21T06:00,27.5,20,0.0,898.5,12.0
2025-07-21T07:00,28.6,18,0.0,899.0,12.3
2025-07-21T08:00,31.0,16,0.0,900.2,11.0
2025-07-21T09:00,32.6,14,0.0,900.5,13.3
2025-07-21T10:00,34.2,13,0.0,900.9,13.4
2025-07-21T11:00,35.7,12,0.0,900.8,12.5
2025-07-21T12:00,36.9,11,0.0,900.6,10.8
2025-07-21T13:00,37.8,10,0.0,900.5,8.0
2025-07-21T14:00,38.5,10,0.0,899.9,7.4
2025-07-21T15:00,39.3,9,0.0,899.4,11.3
2025-07-21T16:00,39.3,9,0.0,899.3,12.2
2025-07-21T17:00,40.0,8,0.0,898.4,14.1
2025-07-21T18:00,39.3,7,0.0,897.9,0.6
2025-07-21T19:00,36.7,11,0.0,898.7,20.5
2025-07-21T20:00,36.0,12,0.0,899.6,12.8
2025-07-21T21:00,34.5,13,0.0,899.4,17.7
2025-07-21T22:00,33.1,14,0.0,899.8,11.7
2025-07-21T23:00,32.0,15,0.0,899.8,11.2
2025-07-22T00:00,31.9,15,0.0,899.5,7.3
2025-07-22T01:00,30.0,17,0.0,898.9,4.2
2025-07-22T02:00,28.8,18,0.0,898.5,4.2
2025-07-22T03:00,27.2,21,0.0,898.0,1.3
2025-07-22T04:00,29.0,16,0.0,899.0,10.0
2025-07-22T05:00,28.4,17,0.0,899.2,10.4
2025-07-22T06:00,28.4,17,0.0,899.5,9.2
2025-07-22T07:00,29.9,15,0.0,900.6,8.5
2025-07-22T08:00,32.5,13,0.0,901.7,7.9
2025-07-22T09:00,34.2,12,0.0,902.1,13.0
2025-07-22T10:00,35.3,11,0.0,902.3,12.8
2025-07-22T11:00,36.5,11,0.0,902.4,11.1
2025-07-22T12:00,37.6,10,0.0,902.1,7.4
2025-07-22T13:00,38.6,9,0.0,901.6,6.2
2025-07-22T14:00,40.1,8,0.0,901.0,5.8
2025-07-22T15:00,41.5,8,0.0,900.3,15.0
2025-07-22T16:00,39.0,9,0.0,900.7,22.7
2025-07-22T17:00,39.1,9,0.0,900.3,16.1
2025-07-22T18:00,38.0,10,0.0,900.0,16.1
2025-07-22T19:00,36.7,11,0.0,900.0,11.3
2025-07-22T20:00,35.6,11,0.0,899.9,14.1
2025-07-22T21:00,34.8,11,0.0,900.1,14.4
2025-07-22T22:00,34.0,10,0.0,900.3,14.2
2025-07-22T23:00,32.9,11,0.0,900.2,10.6
2025-07-23T00:00,31.8,12,0.0,899.8,13.4
2025-07-23T01:00,31.4,11,0.0,899.5,16.4
2025-07-23T02:00,30.6,11,0.0,899.0,13.6
2025-07-23T03:00,30.0,12,0.0,898.5,10.6
2025-07-23T04:00,29.2,13,0.0,898.2,8.4
2025-07-23T05:00,28.2,14,0.0,898.3,10.2
2025-07-23T06:00,27.6,15,0.0,898.5,9.9
2025-07-23T07:00,29.5,12,0.0,899.6,11.0
2025-07-23T08:00,32.7,9,0.0,900.7,8.6
2025-07-23T09:00,35.2,7,0.0,901.2,15.9
2025-07-23T10:00,36.3,8,0.0,901.4,19.4
2025-07-23T11:00,37.5,8,0.0,901.4,17.0
2025-07-23T12:00,38.5,8,0.0,901.1,15.4
2025-07-23T13:00,39.3,7,0.0,900.5,16.1
2025-07-23T14:00,39.8,7,0.0,899.9,16.6
2025-07-23T15:00,39.9,7,0.0,899.5,17.7
2025-07-23T16:00,39.8,7,0.0,899.1,17.4
2025-07-23T17:00,39.2,8,0.0,898.9,16.9
2025-07-23T18:00,38.2,8,0.0,898.4,16.2
2025-07-23T19:00,37.0,9,0.0,898.3,12.9
2025-07-23T20:00,35.7,9,0.0,897.9,12.6
2025-07-23T21:00,34.6,10,0.0,898.0,10.2
2025-07-23T22:00,33.5,11,0.0,898.0,8.2
2025-07-23T23:00,32.5,12,0.0,897.6,7.9
2025-07-24T00:00,31.3,13,0.0,897.2,8.5
2025-07-24T01:00,30.5,14,0.0,896.5,6.4
2025-07-24T02:00,29.5,15,0.0,895.7,4.2
2025-07-24T03:00,29.5,15,0.0,895.8,7.2
2025-07-24T04:00,29.5,15,0.0,895.8,12.5
2025-07-24T05:00,29.2,15,0.0,895.9,12.4
2025-07-24T06:00,28.5,16,0.0,896.3,12.8
2025-07-24T07:00,29.7,15,0.0,897.5,15.7
2025-07-24T08:00,31.5,15,0.0,898.3,13.0
2025-07-24T09:00,33.1,14,0.0,898.7,14.8
2025-07-24T10:00,34.8,13,0.0,899.0,16.4
2025-07-24T11:00,36.5,11,0.0,899.1,16.6
2025-07-24T12:00,37.7,11,0.0,898.8,14.2
2025-07-24T13:00,38.5,10,0.0,898.3,11.8
2025-07-24T14:00,39.1,9,0.0,897.7,12.8
2025-07-24T15:00,39.3,8,0.0,897.1,15.0
2025-07-24T16:00,39.0,8,0.0,896.9,16.3
2025-07-24T17:00,38.4,9,0.0,896.7,18.0
2025-07-24T18:00,37.5,9,0.0,896.6,18.2
2025-07-24T19:00,36.3,10,0.0,896.6,15.8
2025-07-24T20:00,35.2,12,0.0,896.8,16.0
2025-07-24T21:00,34.1,13,0.0,896.9,14.1
2025-07-24T22:00,33.0,14,0.0,896.7,11.4
2025-07-24T23:00,31.8,15,0.0,896.3,9.3
2025-07-25T00:00,31.0,15,0.0,896.0,9.6
2025-07-25T01:00,30.6,16,0.0,895.6,11.2
2025-07-25T02:00,29.9,17,0.0,894.8,9.4
2025-07-25T03:00,29.1,18,0.0,894.5,7.4
2025-07-25T04:00,29.1,18,0.0,894.8,12.4
2025-07-25T05:00,28.7,18,0.0,894.8,14.8
2025-07-25T06:00,28.6,18,0.0,895.2,14.9
2025-07-25T07:00,29.3,18,0.0,896.3,16.5
2025-07-25T08:00,30.7,18,0.0,897.1,14.4
2025-07-25T09:00,32.0,18,0.0,897.6,18.5
2025-07-25T10:00,33.7,15,0.0,898.0,19.3
2025-07-25T11:00,35.5,13,0.0,898.1,17.1
2025-07-25T12:00,36.8,12,0.0,897.9,14.8
2025-07-25T13:00,37.7,11,0.0,897.5,13.7
2025-07-25T14:00,38.4,10,0.0,896.9,14.8
2025-07-25T15:00,38.7,10,0.0,896.5,16.8
2025-07-25T16:00,38.6,10,0.0,896.4,18.4
2025-07-25T17:00,38.0,10,0.0,896.5,16.9
2025-07-25T18:00,37.2,10,0.0,896.1,15.3
2025-07-25T19:00,35.8,11,0.0,896.2,12.7
2025-07-25T20:00,34.7,12,0.0,896.5,13.1
2025-07-25T21:00,33.8,13,0.0,896.7,15.1
2025-07-25T22:00,33.0,14,0.0,896.6,14.9
2025-07-25T23:00,32.2,15,0.0,896.4,13.4
2025-07-26T00:00,31.5,15,0.0,896.0,14.0
2025-07-26T01:00,30.9,16,0.0,895.5,12.4
2025-07-26T02:00,30.0,17,0.0,895.1,8.1
2025-07-26T03:00,28.9,18,0.0,895.0,6.3
2025-07-26T04:00,28.1,19,0.0,894.7,5.5
2025-07-26T05:00,26.3,21,0.0,894.4,7.8
2025-07-26T06:00,25.6,22,0.0,894.7,8.4
2025-07-26T07:00,27.6,19,0.0,895.8,7.7
2025-07-26T08:00,31.5,15,0.0,897.4,6.0
2025-07-26T09:00,34.5,12,0.0,898.3,7.2
2025-07-26T10:00,35.7,11,0.0,898.7,11.5
2025-07-26T11:00,37.0,10,0.0,898.9,7.4
2025-07-26T12:00,38.2,9,0.0,898.8,5.8
2025-07-26T13:00,39.5,9,0.0,898.6,4.9
2025-07-26T14:00,40.5,8,0.0,898.1,6.9
2025-07-26T15:00,40.2,8,0.0,897.7,16.2
2025-07-26T16:00,39.7,9,0.0,897.8,14.7
2025-07-26T17:00,39.2,9,0.0,897.7,14.4
2025-07-26T18:00,38.5,9,0.0,897.4,13.3
2025-07-26T19:00,37.2,10,0.0,897.4,16.1
2025-07-26T20:00,35.8,11,0.0,897.7,14.9
2025-07-26T21:00,34.5,12,0.0,897.8,11.5
2025-07-26T22:00,33.8,13,0.0,897.7,14.9
2025-07-26T23:00,32.7,14,0.0,897.6,9.3
2025-07-27T00:00,30.9,17,0.0,897.4,3.1
2025-07-27T01:00,30.5,16,0.0,897.4,4.3
2025-07-27T02:00,29.1,18,0.0,896.9,11.4
2025-07-27T03:00,28.6,18,0.0,897.0,13.8
2025-07-27T04:00,28.4,18,0.0,897.0,8.9
2025-07-27T05:00,26.8,19,0.0,896.8,9.0
2025-07-27T06:00,25.5,19,0.0,896.3,9.7
2025-07-27T07:00,27.4,17,0.0,897.4,9.0
2025-07-27T08:00,31.8,13,0.0,898.8,7.0
2025-07-27T09:00,35.0,11,0.0,899.8,8.0
2025-07-27T10:00,36.7,10,0.0,900.0,5.5
2025-07-27T11:00,38.2,9,0.0,900.2,2.7
2025-07-27T12:00,39.2,9,0.0,900.2,4.7
2025-07-27T13:00,40.2,8,0.0,899.9,6.7
2025-07-27T14:00,40.6,8,0.0,899.3,10.7
2025-07-27T15:00,40.3,8,0.0,898.8,14.2
2025-07-27T16:00,40.0,8,0.0,898.8,12.3
2025-07-27T17:00,39.5,8,0.0,898.4,12.9
2025-07-27T18:00,38.3,9,0.0,898.0,17.0
2025-07-27T19:00,36.8,9,0.0,897.9,19.5
2025-07-27T20:00,35.6,10,0.0,898.1,16.1
2025-07-27T21:00,34.3,11,0.0,898.4,11.7
2025-07-27T22:00,33.2,12,0.0,898.6,9.6
2025-07-27T23:00,32.3,13,0.0,898.3,10.6
2025-07-28T00:00,32.0,13,0.0,897.7,10.2
2025-07-28T01:00,30.4,15,0.0,897.0,4.9
2025-07-28T02:00,30.3,15,0.0,897.1,8.0
2025-07-28T03:00,29.6,15,0.0,897.0,8.3
2025-07-28T04:00,29.5,14,0.0,896.9,7.3
2025-07-28T05:00,28.6,15,0.0,896.9,5.7
2025-07-28T06:00,28.4,15,0.0,896.9,4.9
2025-07-28T07:00,30.4,14,0.0,897.9,5.3
2025-07-28T08:00,33.2,11,0.0,899.1,7.5
2025-07-28T09:00,34.5,10,0.0,899.8,15.5
2025-07-28T10:00,36.0,9,0.0,900.2,16.8
2025-07-28T11:00,37.1,8,0.0,900.3,16.2
2025-07-28T12:00,37.8,8,0.0,900.3,15.5
2025-07-28T13:00,38.4,8,0.0,900.2,14.0
2025-07-28T14:00,38.8,8,0.0,899.8,12.6
2025-07-28T15:00,39.0,8,0.0,899.3,14.3
2025-07-28T16:00,38.6,8,0.0,899.3,12.4
2025-07-28T17:00,38.0,9,0.0,899.1,13.9
2025-07-28T18:00,37.2,9,0.0,898.9,12.6
2025-07-28T19:00,36.2,10,0.0,898.8,12.0
2025-07-28T20:00,35.1,11,0.0,898.7,14.9
2025-07-28T21:00,34.2,11,0.0,898.8,10.8
2025-07-28T22:00,32.8,12,0.0,898.7,11.9
2025-07-28T23:00,31.7,13,0.0,898.5,8.1
2025-07-29T00:00,31.4,13,0.0,898.0,9.8
2025-07-29T01:00,31.0,13,0.0,897.5,10.1
2025-07-29T02:00,30.8,14,0.0,897.0,11.7
2025-07-29T03:00,30.1,14,0.0,897.1,10.8
2025-07-29T04:00,29.3,15,0.0,897.4,9.0
2025-07-29T05:00,28.0,17,0.0,897.3,4.9
2025-07-29T06:00,27.8,18,0.0,897.8,4.0
2025-07-29T07:00,30.0,16,0.0,899.0,3.6
2025-07-29T08:00,32.5,14,0.0,900.1,4.6
2025-07-29T09:00,34.8,12,0.0,901.0,5.4
2025-07-29T10:00,36.8,11,0.0,901.1,8.8
2025-07-29T11:00,38.1,10,0.0,901.5,9.1
2025-07-29T12:00,39.0,9,0.0,901.4,7.0
2025-07-29T13:00,40.0,8,0.0,901.1,8.7
2025-07-29T14:00,40.5,8,0.0,900.5,16.6
2025-07-29T15:00,40.5,8,0.0,899.9,24.3
2025-07-29T16:00,40.4,8,0.0,900.1,24.8
2025-07-29T17:00,39.5,8,0.0,900.0,19.3
2025-07-29T18:00,39.2,8,0.0,899.5,17.8
2025-07-29T19:00,36.5,11,0.0,899.1,24.5
2025-07-29T20:00,35.3,12,0.0,899.6,15.4
2025-07-29T21:00,34.4,12,0.0,899.8,12.2
2025-07-29T22:00,33.3,13,0.0,899.8,12.0
2025-07-29T23:00,31.6,15,0.0,899.9,4.4
2025-07-30T00:00,31.5,15,0.0,899.6,9.2
2025-07-30T01:00,31.0,16,0.0,899.0,6.2
2025-07-30T02:00,30.0,17,0.0,898.6,5.2
2025-07-30T03:00,30.3,16,0.0,898.9,11.0
2025-07-30T04:00,30.0,16,0.0,899.0,9.3
2025-07-30T05:00,29.0,17,0.0,899.3,7.2
2025-07-30T06:00,28.0,18,0.0,900.0,7.6
2025-07-30T07:00,28.6,18,0.0,900.5,6.5
2025-07-30T08:00,32.2,16,0.0,902.1,5.4
2025-07-30T09:00,34.8,14,0.0,902.8,5.0
2025-07-30T10:00,36.7,12,0.0,903.0,7.4
2025-07-30T11:00,38.0,11,0.0,903.3,9.7
2025-07-30T12:00,38.8,10,0.0,903.0,9.4
2025-07-30T13:00,39.7,10,0.0,902.4,9.3
2025-07-30T14:00,40.5,9,0.0,901.8,10.1
2025-07-30T15:00,41.3,8,0.0,901.2,12.0
2025-07-30T16:00,40.8,9,0.0,901.2,17.0
2025-07-30T17:00,38.8,10,0.0,901.1,24.0
2025-07-30T18:00,38.1,11,0.0,901.0,19.0
2025-07-30T19:00,36.5,12,0.0,901.0,19.5
2025-07-30T20:00,35.7,14,0.0,901.3,21.6
2025-07-30T21:00,34.8,14,0.0,901.7,16.7
2025-07-30T22:00,33.8,15,0.0,901.4,16.5
2025-07-30T23:00,33.1,15,0.0,901.0,16.8
2025-07-31T00:00,32.3,16,0.0,900.4,15.5
2025-07-31T01:00,31.3,17,0.0,899.9,12.0
2025-07-31T02:00,30.6,18,0.0,899.5,11.5
2025-07-31T03:00,29.9,18,0.0,899.9,14.0
2025-07-31T04:00,28.9,19,0.0,899.6,8.0
2025-07-31T05:00,27.5,21,0.0,899.0,4.5
2025-07-31T06:00,26.9,22,0.0,899.1,2.8
2025-07-31T07:00,28.8,20,0.0,900.2,4.9
2025-07-31T08:00,31.4,16,0.0,901.6,10.7
2025-07-31T09:00,33.6,13,0.0,901.9,12.0
2025-07-31T10:00,34.9,12,0.0,902.2,13.9
2025-07-31T11:00,35.7,13,0.0,902.2,15.7
2025-07-31T12:00,36.6,12,0.0,901.9,15.3
2025-07-31T13:00,37.4,12,0.0,901.4,15.1
2025-07-31T14:00,38.0,11,0.0,900.9,14.8
2025-07-31T15:00,38.2,11,0.0,900.3,16.3
2025-07-31T16:00,38.0,11,0.0,900.5,17.1
2025-07-31T17:00,37.3,10,0.0,900.1,17.0
2025-07-31T18:00,36.2,11,0.0,899.7,17.0
2025-07-31T19:00,35.3,12,0.0,899.8,13.3
2025-07-31T20:00,34.2,13,0.0,899.8,12.2
2025-07-31T21:00,33.2,14,0.0,899.8,11.3
2025-07-31T22:00,32.4,15,0.0,899.6,11.7
2025-07-31T23:00,31.8,16,0.0,899.0,13.5
2025-08-01T00:00,30.8,17,0.0,898.1,10.8
2025-08-01T01:00,29.6,18,0.0,897.5,10.9
2025-08-01T02:00,29.1,18,0.0,897.1,10.6
2025-08-01T03:00,28.5,18,0.0,897.2,8.4
2025-08-01T04:00,27.9,19,0.0,897.1,4.6
2025-08-01T05:00,26.9,20,0.0,897.6,6.0
2025-08-01T06:00,26.2,26,0.0,897.5,0.9
2025-08-01T07:00,27.5,21,0.0,898.2,1.5
2025-08-01T08:00,30.3,18,0.0,899.5,7.7
2025-08-01T09:00,32.0,15,0.0,899.9,9.2
2025-08-01T10:00,33.5,13,0.0,900.4,10.6
2025-08-01T11:00,34.8,13,0.0,900.5,9.7
2025-08-01T12:00,36.1,12,0.0,900.5,7.8
2025-08-01T13:00,37.2,12,0.0,900.1,5.8
2025-08-01T14:00,38.4,11,0.0,899.5,9.7
2025-08-01T15:00,39.3,10,0.0,898.9,9.3
2025-08-01T16:00,38.9,10,0.0,898.8,6.4
2025-08-01T17:00,37.2,11,0.0,898.4,17.3
2025-08-01T18:00,35.8,12,0.0,898.1,21.6
2025-08-01T19:00,35.2,13,0.0,898.4,13.5
2025-08-01T20:00,34.7,13,0.0,898.7,17.1
2025-08-01T21:00,33.6,14,0.0,898.8,8.9
2025-08-01T22:00,32.2,16,0.0,898.7,8.0
2025-08-01T23:00,31.2,17,0.0,898.5,6.2
2025-08-02T00:00,29.8,20,0.0,898.4,2.3
2025-08-02T01:00,29.3,19,0.0,898.2,3.4
2025-08-02T02:00,28.2,20,0.0,897.8,4.6
2025-08-02T03:00,27.6,22,0.0,897.6,3.2
2025-08-02T04:00,28.0,17,0.0,897.7,5.6
2025-08-02T05:00,27.0,19,0.0,897.8,2.0
2025-08-02T06:00,27.0,20,0.0,898.3,0.5
2025-08-02T07:00,28.5,16,0.0,899.4,1.5
2025-08-02T08:00,30.5,14,0.0,900.2,0.9
2025-08-02T09:00,32.8,12,0.0,901.2,3.6
2025-08-02T10:00,34.6,11,0.0,901.6,8.0
2025-08-02T11:00,36.3,10,0.0,901.7,11.2
2025-08-02T12:00,38.0,9,0.0,901.6,12.3
2025-08-02T13:00,39.5,8,0.0,900.8,11.1
2025-08-02T14:00,40.2,9,0.0,900.2,8.1
2025-08-02T15:00,40.3,10,0.0,899.8,12.8
2025-08-02T16:00,41.0,8,0.0,899.6,7.3
2025-08-02T17:00,39.5,10,0.0,899.4,22.8
2025-08-02T18:00,37.3,11,0.0,899.4,29.6
2025-08-02T19:00,38.0,11,0.0,899.8,17.1
2025-08-02T20:00,36.0,15,0.0,900.9,18.9
2025-08-02T21:00,35.2,16,0.0,901.2,16.6
2025-08-02T22:00,34.6,16,0.0,901.0,15.9
2025-08-02T23:00,34.5,15,0.0,900.9,13.5
2025-08-03T00:00,32.8,17,0.0,900.8,13.8
2025-08-03T01:00,31.9,18,0.0,900.8,15.4
2025-08-03T02:00,30.9,18,0.0,900.2,17.2
2025-08-03T03:00,30.9,13,0.0,900.4,17.1
2025-08-03T04:00,30.1,17,0.0,899.9,13.4
2025-08-03T05:00,30.1,14,0.0,900.3,13.8
2025-08-03T06:00,29.8,12,0.0,900.9,14.1
2025-08-03T07:00,30.1,12,0.0,901.7,14.8
2025-08-03T08:00,31.7,16,0.0,902.5,15.4
2025-08-03T09:00,33.7,16,0.0,903.1,19.0
2025-08-03T10:00,35.2,14,0.0,903.4,16.4
2025-08-03T11:00,36.3,13,0.0,903.5,12.3
2025-08-03T12:00,37.3,12,0.0,903.5,9.0
2025-08-03T13:00,38.3,11,0.0,902.9,6.2
2025-08-03T14:00,39.2,11,0.0,902.4,3.3
2025-08-03T15:00,39.8,10,0.0,902.0,8.3
2025-08-03T16:00,39.9,10,0.0,901.9,8.8
2025-08-03T17:00,39.0,11,0.0,901.7,16.1
2025-08-03T18:00,37.8,11,0.0,901.3,19.3
2025-08-03T19:00,36.5,12,0.0,901.4,19.6
2025-08-03T20:00,35.7,9,0.0,902.1,18.6
2025-08-03T21:00,34.1,9,0.0,902.6,16.9
2025-08-03T22:00,32.8,9,0.0,902.7,12.5
2025-08-03T23:00,32.0,10,0.0,902.3,8.6
2025-08-04T00:00,31.7,11,0.0,902.0,6.9
2025-08-04T01:00,31.2,12,0.0,901.5,7.9
2025-08-04T02:00,31.2,12,0.0,901.1,12.5
2025-08-04T03:00,31.1,12,0.0,901.2,15.2
2025-08-04T04:00,30.5,13,0.0,901.5,12.5
2025-08-04T05:00,29.5,15,0.0,901.6,11.7
2025-08-04T06:00,28.5,17,0.0,901.7,9.9
2025-08-04T07:00,29.2,18,0.0,902.5,10.7
2025-08-04T08:00,31.6,16,0.0,903.7,10.6
2025-08-04T09:00,34.0,14,0.0,904.4,14.4
2025-08-04T10:00,35.5,13,0.0,904.7,15.2
2025-08-04T11:00,36.9,12,0.0,904.9,12.3
2025-08-04T12:00,37.8,11,0.0,904.4,13.4
2025-08-04T13:00,38.5,11,0.0,904.0,14.4
2025-08-04T14:00,39.0,11,0.0,903.4,15.2
2025-08-04T15:00,39.0,10,0.0,903.0,16.1
2025-08-04T16:00,38.8,11,0.0,902.8,16.7
2025-08-04T17:00,38.1,11,0.0,902.5,17.1
2025-08-04T18:00,37.2,10,0.0,902.2,16.6
2025-08-04T19:00,36.0,10,0.0,902.3,13.3
2025-08-04T20:00,35.0,10,0.0,902.6,11.4
2025-08-04T21:00,33.9,11,0.0,902.6,10.9
2025-08-04T22:00,33.0,12,0.0,902.5,13.6
2025-08-04T23:00,32.5,13,0.0,902.2,15.3
2025-08-05T00:00,31.8,15,0.0,901.8,14.8
2025-08-05T01:00,31.2,16,0.0,901.5,14.6
2025-08-05T02:00,30.4,17,0.0,901.1,14.3
2025-08-05T03:00,29.7,18,0.0,900.8,13.5
2025-08-05T04:00,28.9,19,0.0,901.1,10.5
2025-08-05T05:00,28.1,20,0.0,900.9,9.8
2025-08-05T06:00,28.0,20,0.0,901.2,10.6
2025-08-05T07:00,29.4,18,0.0,902.3,11.1
2025-08-05T08:00,31.2,17,0.0,903.4,10.4
2025-08-05T09:00,32.8,15,0.0,903.8,12.6
2025-08-05T10:00,34.5,14,0.0,904.0,13.3
2025-08-05T11:00,36.1,12,0.0,904.2,11.8
2025-08-05T12:00,37.2,11,0.0,903.8,10.1
2025-08-05T13:00,38.2,10,0.0,903.4,9.3
2025-08-05T14:00,38.8,9,0.0,902.9,10.6
2025-08-05T15:00,39.0,9,0.0,902.4,13.1
2025-08-05T16:00,38.8,8,0.0,902.2,17.8
2025-08-05T17:00,38.2,8,0.0,902.0,17.7
2025-08-05T18:00,37.2,10,0.0,901.8,16.8
2025-08-05T19:00,36.0,11,0.0,901.7,14.2
2025-08-05T20:00,34.8,11,0.0,901.9,15.7
2025-08-05T21:00,33.7,13,0.0,902.1,15.2
2025-08-05T22:00,32.7,14,0.0,901.8,12.9
2025-08-05T23:00,32.0,15,0.0,901.5,10.8
2025-08-06T00:00,31.2,15,0.0,901.0,8.4
2025-08-06T01:00,30.2,17,0.0,900.3,7.1
2025-08-06T02:00,29.0,18,0.0,899.8,5.5
2025-08-06T03:00,28.5,18,0.0,899.7,5.6
2025-08-06T04:00,28.4,18,0.0,900.1,9.1
2025-08-06T05:00,27.5,19,0.0,899.9,6.9
2025-08-06T06:00,26.6,20,0.0,900.2,5.4
2025-08-06T07:00,28.1,19,0.0,901.0,5.7
2025-08-06T08:00,30.6,16,0.0,902.1,3.2
2025-08-06T09:00,33.0,15,0.0,903.0,4.9
2025-08-06T10:00,35.0,15,0.0,903.3,10.4
2025-08-06T11:00,36.5,14,0.0,903.1,10.3
2025-08-06T12:00,37.6,11,0.0,902.7,7.3
2025-08-06T13:00,38.5,10,0.0,902.3,6.6
2025-08-06T14:00,39.0,9,0.0,901.9,8.2
2025-08-06T15:00,39.2,8,0.0,901.4,10.6
2025-08-06T16:00,39.1,8,0.0,901.1,9.5
2025-08-06T17:00,38.9,8,0.0,900.8,8.1
2025-08-06T18:00,38.3,8,0.0,900.6,10.4
2025-08-06T19:00,36.7,9,0.0,900.7,14.2
2025-08-06T20:00,35.0,10,0.0,900.7,14.9
2025-08-06T21:00,33.7,11,0.0,900.8,13.0
2025-08-06T22:00,33.0,12,0.0,900.4,10.1
2025-08-06T23:00,32.0,13,0.0,900.2,6.2
2025-08-07T00:00,31.4,14,0.0,899.7,7.5
2025-08-07T01:00,30.1,16,0.0,899.2,7.5
2025-08-07T02:00,29.0,18,0.0,898.9,4.2
2025-08-07T03:00,28.4,20,0.0,898.8,3.7
2025-08-07T04:00,28.5,21,0.0,899.1,1.6
2025-08-07T05:00,28.1,30,0.0,899.2,1.0
2025-08-07T06:00,27.3,24,0.0,899.2,0.7
2025-08-07T07:00,29.2,21,0.0,900.3,0.9
2025-08-07T08:00,31.8,18,0.0,901.4,1.6
2025-08-07T09:00,34.2,16,0.0,902.3,6.5
2025-08-07T10:00,36.2,14,0.0,902.5,13.2
2025-08-07T11:00,37.8,13,0.0,902.5,13.1
2025-08-07T12:00,38.8,11,0.0,902.2,10.5
2025-08-07T13:00,39.5,10,0.0,901.8,9.3
2025-08-07T14:00,39.9,9,0.0,901.3,9.0
2025-08-07T15:00,40.1,9,0.0,900.8,10.4
2025-08-07T16:00,39.8,8,0.0,900.5,11.8
2025-08-07T17:00,39.2,9,0.0,900.4,12.9
2025-08-07T18:00,38.3,9,0.0,900.2,14.9
2025-08-07T19:00,36.9,10,0.0,899.9,17.1
2025-08-07T20:00,36.2,11,0.0,899.8,11.6
2025-08-07T21:00,35.2,12,0.0,900.1,13.5
2025-08-07T22:00,34.0,14,0.0,900.2,11.6
2025-08-07T23:00,32.8,15,0.0,900.0,7.6
2025-08-08T00:00,32.1,15,0.0,899.6,9.5
2025-08-08T01:00,31.1,16,0.0,899.1,9.0
2025-08-08T02:00,30.4,17,0.0,898.9,8.2
2025-08-08T03:00,28.6,20,0.0,898.5,5.4
2025-08-08T04:00,29.7,19,0.0,899.1,6.3
2025-08-08T05:00,29.0,20,0.0,899.0,5.0
2025-08-08T06:00,28.9,22,0.0,899.1,3.1
2025-08-08T07:00,30.4,18,0.0,900.2,5.9
2025-08-08T08:00,32.1,17,0.0,901.0,6.1
2025-08-08T09:00,33.5,15,0.0,901.7,7.7
2025-08-08T10:00,35.5,14,0.0,902.3,10.4
2025-08-08T11:00,38.3,12,0.0,902.5,16.0
2025-08-08T12:00,39.3,11,0.0,902.4,17.3
2025-08-08T13:00,40.0,10,0.0,902.1,15.9
2025-08-08T14:00,40.3,10,0.0,901.7,13.8
2025-08-08T15:00,40.0,9,0.0,901.2,13.3
2025-08-08T16:00,40.4,9,0.0,901.2,12.7
2025-08-08T17:00,40.2,9,0.0,901.0,12.6
2025-08-08T18:00,39.8,9,0.0,900.8,12.7
2025-08-08T19:00,38.9,10,0.0,900.9,16.6
2025-08-08T20:00,37.9,11,0.0,901.4,18.7
2025-08-08T21:00,37.2,12,0.0,901.8,18.1
2025-08-08T22:00,36.1,13,0.0,902.0,17.1
2025-08-08T23:00,35.1,13,0.0,902.1,16.9
2025-08-09T00:00,34.0,14,0.0,902.0,15.9
2025-08-09T01:00,33.0,15,0.0,901.6,12.8
2025-08-09T02:00,32.0,16,0.0,901.3,7.5
2025-08-09T03:00,31.1,17,0.0,901.1,6.7
2025-08-09T04:00,32.0,17,0.0,901.6,12.3
2025-08-09T05:00,31.2,18,0.0,901.7,9.1
2025-08-09T06:00,30.0,20,0.0,901.7,5.9
2025-08-09T07:00,31.1,19,0.0,902.6,8.3
2025-08-09T08:00,32.8,17,0.0,903.7,7.3
2025-08-09T09:00,34.7,16,0.0,904.2,13.0
2025-08-09T10:00,37.0,14,0.0,904.9,18.4
2025-08-09T11:00,38.9,12,0.0,904.9,21.6
2025-08-09T12:00,40.2,10,0.0,904.7,20.8
2025-08-09T13:00,41.2,9,0.0,904.3,18.3
2025-08-09T14:00,41.3,9,0.0,904.0,16.5
2025-08-09T15:00,41.5,8,0.0,903.3,14.3
2025-08-09T16:00,40.5,8,0.0,902.9,23.2
2025-08-09T17:00,40.1,9,0.0,902.7,19.9
2025-08-09T18:00,39.6,8,0.0,902.5,15.8
2025-08-09T19:00,38.6,9,0.0,902.9,13.9
2025-08-09T20:00,37.3,9,0.0,903.0,13.2
2025-08-09T21:00,36.0,10,0.0,903.2,12.4
2025-08-09T22:00,34.6,10,0.0,903.3,10.7
2025-08-09T23:00,32.8,13,0.0,902.8,5.1
2025-08-10T00:00,32.1,14,0.0,902.8,3.2
2025-08-10T01:00,31.2,14,0.0,902.2,4.0
2025-08-10T02:00,30.6,15,0.0,902.0,4.0
2025-08-10T03:00,30.1,15,0.0,901.8,1.8
2025-08-10T04:00,29.4,15,0.0,902.2,3.5
2025-08-10T05:00,29.0,15,0.0,902.0,1.0
2025-08-10T06:00,29.1,15,0.0,902.1,1.1
2025-08-10T07:00,30.5,14,0.0,902.6,1.4
2025-08-10T08:00,33.6,11,0.0,903.8,2.9
2025-08-10T09:00,36.0,10,0.0,904.6,2.8
2025-08-10T10:00,38.4,9,0.0,904.7,7.5
2025-08-10T11:00,40.2,7,0.0,904.7,8.1
2025-08-10T12:00,41.5,6,0.0,904.4,13.4
2025-08-10T13:00,41.8,6,0.0,903.8,21.0
2025-08-10T14:00,41.5,6,0.0,903.3,18.0
2025-08-10T15:00,41.0,6,0.0,902.4,20.2
2025-08-10T16:00,40.8,6,0.0,902.1,23.1
2025-08-10T17:00,40.5,6,0.0,901.8,20.1
2025-08-10T18:00,39.8,7,0.0,901.4,16.4
2025-08-10T19:00,38.7,7,0.0,901.2,14.1
2025-08-10T20:00,37.2,9,0.0,901.6,11.6
2025-08-10T21:00,35.7,12,0.0,901.9,4.3
2025-08-10T22:00,34.3,14,0.0,901.7,0.8
2025-08-10T23:00,33.5,13,0.0,901.4,3.5
2025-08-11T00:00,32.5,14,0.0,900.9,2.8
2025-08-11T01:00,32.2,15,0.0,900.5,2.4
2025-08-11T02:00,33.0,13,0.0,900.8,10.6
2025-08-11T03:00,33.2,13,0.0,900.7,5.9
2025-08-11T04:00,32.2,15,0.0,900.2,3.5
2025-08-11T05:00,30.8,15,0.0,900.2,6.0
2025-08-11T06:00,30.0,15,0.0,900.0,6.0
2025-08-11T07:00,32.3,13,0.0,901.2,6.8
2025-08-11T08:00,34.8,11,0.0,902.6,7.5
2025-08-11T09:00,37.0,10,0.0,903.4,9.5
2025-08-11T10:00,38.5,10,0.0,903.6,12.8
2025-08-11T11:00,39.6,9,0.0,903.6,15.6
2025-08-11T12:00,40.5,9,0.0,903.4,16.4
2025-08-11T13:00,40.2,9,0.0,903.0,16.8
2025-08-11T14:00,41.2,8,0.0,902.6,14.8
2025-08-11T15:00,41.2,8,0.0,902.0,14.1
2025-08-11T16:00,40.2,9,0.0,902.0,17.6
2025-08-11T17:00,40.3,8,0.0,901.6,13.4
2025-08-11T18:00,39.0,9,0.0,901.4,19.4
2025-08-11T19:00,37.0,11,0.0,901.5,22.0
2025-08-11T20:00,36.2,12,0.0,901.6,19.6
2025-08-11T21:00,35.5,12,0.0,901.8,12.8
2025-08-11T22:00,35.0,13,0.0,901.8,10.4
2025-08-11T23:00,33.3,15,0.0,901.9,10.5
2025-08-12T00:00,31.5,18,0.0,901.4,4.4
2025-08-12T01:00,31.2,18,0.0,901.2,6.2
2025-08-12T02:00,30.9,20,0.0,900.5,5.6
2025-08-12T03:00,30.8,20,0.0,900.0,5.6
2025-08-12T04:00,31.4,17,0.0,900.9,8.5
2025-08-12T05:00,30.7,18,0.0,901.1,7.7
2025-08-12T06:00,29.5,20,0.0,901.2,5.9
2025-08-12T07:00,30.8,19,0.0,902.3,6.0
2025-08-12T08:00,32.8,17,0.0,903.3,4.2
2025-08-12T09:00,34.8,15,0.0,903.9,7.0
2025-08-12T10:00,37.1,14,0.0,904.3,10.3
2025-08-12T11:00,39.0,12,0.0,904.2,17.6
2025-08-12T12:00,40.2,11,0.0,904.1,19.8
2025-08-12T13:00,40.7,11,0.0,903.4,19.4
2025-08-12T14:00,40.8,11,0.0,903.0,17.6
2025-08-12T15:00,41.0,11,0.0,902.3,16.9
2025-08-12T16:00,40.3,10,0.0,902.3,17.4
2025-08-12T17:00,40.1,10,0.0,901.9,14.5
2025-08-12T18:00,38.6,13,0.0,902.0,21.6
2025-08-12T19:00,37.4,13,0.0,902.6,21.4
2025-08-12T20:00,36.8,14,0.0,903.0,20.9
2025-08-12T21:00,36.4,14,0.0,903.2,19.0
2025-08-12T22:00,35.3,14,0.0,902.8,12.8
2025-08-12T23:00,33.3,16,0.0,902.5,5.4
2025-08-13T00:00,32.7,18,0.0,902.2,7.4
2025-08-13T01:00,32.0,19,0.0,901.7,5.5
2025-08-13T02:00,30.7,22,0.0,901.0,2.6
2025-08-13T03:00,29.9,22,0.0,900.6,4.2
2025-08-13T04:00,31.8,20,0.0,901.4,9.6
2025-08-13T05:00,30.8,22,0.0,901.3,8.8
2025-08-13T06:00,30.5,22,0.0,901.6,7.1
2025-08-13T07:00,31.6,20,0.0,902.8,8.3
2025-08-13T08:00,33.9,18,0.0,903.6,7.3
2025-08-13T09:00,36.3,15,0.0,904.4,10.3
2025-08-13T10:00,38.5,12,0.0,904.5,13.2
2025-08-13T11:00,39.8,11,0.0,904.7,12.9
2025-08-13T12:00,40.3,10,0.0,904.6,12.7
2025-08-13T13:00,40.5,10,0.0,904.2,10.0
2025-08-13T14:00,41.2,9,0.0,903.7,11.9
2025-08-13T15:00,40.4,10,0.0,903.1,14.1
2025-08-13T16:00,40.2,10,0.0,903.1,17.8
2025-08-13T17:00,39.6,10,0.0,902.8,13.8
2025-08-13T18:00,39.0,10,0.0,902.6,12.0
2025-08-13T19:00,37.4,13,0.0,902.1,2.2
2025-08-13T20:00,36.5,14,0.0,902.0,1.6
2025-08-13T21:00,35.5,13,0.0,902.6,7.2
2025-08-13T22:00,34.2,19,0.0,902.3,1.3
2025-08-13T23:00,32.8,16,0.0,901.9,2.7
2025-08-14T00:00,32.2,16,0.0,901.6,4.7
2025-08-14T01:00,31.9,16,0.0,901.1,5.6
2025-08-14T02:00,31.8,16,0.0,900.7,6.9
2025-08-14T03:00,31.0,18,0.0,900.4,2.2
2025-08-14T04:00,30.5,18,0.0,900.4,2.1
2025-08-14T05:00,30.8,17,0.0,900.9,6.6
2025-08-14T06:00,29.5,18,0.0,901.3,12.8
2025-08-14T07:00,30.6,17,0.0,901.8,7.3
2025-08-14T08:00,33.4,14,0.0,903.0,5.7
2025-08-14T09:00,36.0,12,0.0,903.6,3.5
2025-08-14T10:00,38.1,9,0.0,903.8,2.2
2025-08-14T11:00,39.8,8,0.0,903.7,7.6
2025-08-14T12:00,40.7,8,0.0,903.3,18.2
2025-08-14T13:00,40.8,8,0.0,902.9,21.7
2025-08-14T14:00,41.1,7,0.0,902.6,23.1
2025-08-14T15:00,40.7,6,0.0,902.1,27.6
2025-08-14T16:00,40.5,6,0.0,901.9,27.4
2025-08-14T17:00,39.8,6,0.0,901.5,29.8
2025-08-14T18:00,38.7,6,0.0,901.4,29.2
2025-08-14T19:00,37.2,6,0.0,901.2,25.8
2025-08-14T20:00,35.6,7,0.0,901.4,23.0
2025-08-14T21:00,34.2,7,0.0,901.5,13.5
2025-08-14T22:00,33.2,7,0.0,901.3,12.4
2025-08-14T23:00,32.5,7,0.0,901.1,13.3
2025-08-15T00:00,31.8,7,0.0,900.6,13.6
2025-08-15T01:00,31.0,7,0.0,900.3,14.3
2025-08-15T02:00,30.2,7,0.0,899.7,13.0
2025-08-15T03:00,29.8,7,0.0,899.5,9.0
2025-08-15T04:00,30.1,7,0.0,899.7,9.8
2025-08-15T05:00,29.7,7,0.0,899.5,11.2
2025-08-15T06:00,29.5,7,0.0,899.8,13.5
2025-08-15T07:00,30.6,6,0.0,900.4,13.9
2025-08-15T08:00,33.2,6,0.0,901.1,12.6
2025-08-15T09:00,35.3,5,0.0,901.5,19.0
2025-08-15T10:00,35.9,5,0.0,901.8,27.6
2025-08-15T11:00,36.8,5,0.0,901.9,27.4
2025-08-15T12:00,37.5,4,0.0,901.6,28.7
2025-08-15T13:00,38.1,5,0.0,901.2,29.0
2025-08-15T14:00,38.5,5,0.0,900.7,29.2
2025-08-15T15:00,38.8,4,0.0,900.2,30.3
2025-08-15T16:00,38.5,5,0.0,900.0,33.7
2025-08-15T17:00,38.0,5,0.0,899.7,31.7
2025-08-15T18:00,37.2,6,0.0,899.4,28.6
2025-08-15T19:00,35.8,7,0.0,899.1,22.1
2025-08-15T20:00,34.5,7,0.0,899.2,16.6
2025-08-15T21:00,33.2,8,0.0,899.2,12.6
2025-08-15T22:00,31.6,9,0.0,898.5,6.2
2025-08-15T23:00,30.2,11,0.0,898.2,2.7
2025-08-16T00:00,29.9,10,0.0,898.2,4.1
2025-08-16T01:00,28.9,11,0.0,897.7,4.0
2025-08-16T02:00,28.4,11,0.0,897.5,5.0
2025-08-16T03:00,27.9,12,0.0,897.2,4.3
2025-08-16T04:00,27.5,12,0.0,897.1,4.8
2025-08-16T05:00,28.1,12,0.0,897.5,9.6
2025-08-16T06:00,27.9,12,0.0,897.8,9.3
2025-08-16T07:00,29.3,11,0.0,898.7,6.4
2025-08-16T08:00,32.2,9,0.0,899.6,4.5
2025-08-16T09:00,35.2,7,0.0,900.8,5.2
2025-08-16T10:00,36.7,8,0.0,901.1,12.4
2025-08-16T11:00,37.8,8,0.0,901.0,12.4
2025-08-16T12:00,38.7,7,0.0,900.8,14.1
2025-08-16T13:00,39.2,7,0.0,900.4,16.4
2025-08-16T14:00,39.6,7,0.0,900.2,17.3
2025-08-16T15:00,39.3,7,0.0,899.7,20.4
2025-08-16T16:00,39.0,6,0.0,899.8,21.3
2025-08-16T17:00,38.2,7,0.0,899.6,22.0
2025-08-16T18:00,37.3,7,0.0,899.6,19.7
2025-08-16T19:00,36.2,8,0.0,899.4,11.9
2025-08-16T20:00,34.6,9,0.0,899.5,7.0
2025-08-16T21:00,33.3,10,0.0,899.9,9.8
2025-08-16T22:00,32.1,11,0.0,899.8,7.4
2025-08-16T23:00,30.8,12,0.0,899.5,4.6
2025-08-17T00:00,29.9,12,0.0,899.2,4.0
2025-08-17T01:00,28.9,14,0.0,898.3,3.2
2025-08-17T02:00,28.8,13,0.0,898.1,5.1
2025-08-17T03:00,28.0,15,0.0,897.7,3.5
2025-08-17T04:00,27.4,15,0.0,897.7,6.1
2025-08-17T05:00,27.6,16,0.0,898.0,7.5
2025-08-17T06:00,27.4,17,0.0,898.4,6.7
2025-08-17T07:00,28.9,16,0.0,899.6,7.8
2025-08-17T08:00,31.8,14,0.0,900.8,6.2
2025-08-17T09:00,34.5,11,0.0,901.5,0.9
2025-08-17T10:00,36.6,8,0.0,901.8,3.8
2025-08-17T11:00,38.2,8,0.0,901.8,6.3
2025-08-17T12:00,39.2,7,0.0,901.7,16.5
2025-08-17T13:00,39.8,7,0.0,901.3,17.5
2025-08-17T14:00,40.2,7,0.0,900.8,19.2
2025-08-17T15:00,39.9,7,0.0,900.3,22.5
2025-08-17T16:00,39.2,8,0.0,900.6,21.6
2025-08-17T17:00,38.8,8,0.0,900.6,20.7
2025-08-17T18:00,38.0,9,0.0,900.5,18.8
2025-08-17T19:00,36.5,9,0.0,900.3,14.3
2025-08-17T20:00,34.9,10,0.0,900.6,11.3
2025-08-17T21:00,33.7,11,0.0,901.0,12.8
2025-08-17T22:00,32.7,13,0.0,901.2,12.5
2025-08-17T23:00,31.8,14,0.0,901.2,9.3
2025-08-18T00:00,30.5,16,0.0,900.5,5.1
2025-08-18T01:00,30.0,18,0.0,900.0,1.0
2025-08-18T02:00,29.5,18,0.0,899.3,0.2
2025-08-18T03:00,28.9,19,0.0,899.0,1.3
2025-08-18T04:00,27.9,19,0.0,898.8,3.8
2025-08-18T05:00,27.5,20,0.0,898.8,7.3
2025-08-18T06:00,26.8,20,0.0,899.0,11.4
2025-08-18T07:00,28.6,18,0.0,900.0,9.6
2025-08-18T08:00,32.5,15,0.0,901.5,5.2
2025-08-18T09:00,34.9,13,0.0,902.5,9.3
2025-08-18T10:00,36.5,12,0.0,902.9,12.2
2025-08-18T11:00,37.8,11,0.0,902.9,12.1
2025-08-18T12:00,38.7,11,0.0,902.6,13.2
2025-08-18T13:00,39.2,11,0.0,902.3,16.0
2025-08-18T14:00,39.5,11,0.0,902.0,17.3
2025-08-18T15:00,39.5,11,0.0,901.6,17.5
2025-08-18T16:00,39.0,12,0.0,901.7,18.4
2025-08-18T17:00,38.5,12,0.0,901.3,18.2
2025-08-18T18:00,37.5,13,0.0,900.9,19.0
2025-08-18T19:00,36.4,14,0.0,901.0,15.7
2025-08-18T20:00,35.3,15,0.0,901.1,13.0
2025-08-18T21:00,34.4,16,0.0,901.2,11.1
2025-08-18T22:00,33.2,18,0.0,901.1,10.1
2025-08-18T23:00,31.8,19,0.0,900.7,8.8
2025-08-19T00:00,30.3,21,0.0,900.3,4.7
2025-08-19T01:00,29.2,22,0.0,899.8,4.3
2025-08-19T02:00,28.8,24,0.0,899.5,1.7
2025-08-19T03:00,28.0,24,0.0,899.2,0.8
2025-08-19T04:00,27.9,24,0.0,899.2,0.6
2025-08-19T05:00,27.6,22,0.0,899.5,7.3
2025-08-19T06:00,26.6,24,0.0,899.3,5.0
2025-08-19T07:00,28.5,21,0.0,900.3,6.1
2025-08-19T08:00,31.1,18,0.0,901.5,4.4
2025-08-19T09:00,33.7,15,0.0,902.1,5.2
2025-08-19T10:00,35.8,13,0.0,902.3,5.4
2025-08-19T11:00,37.2,12,0.0,902.2,8.5
2025-08-19T12:00,38.3,11,0.0,901.8,12.0
2025-08-19T13:00,39.0,11,0.0,901.5,14.4
2025-08-19T14:00,39.2,11,0.0,901.1,15.6
2025-08-19T15:00,39.3,11,0.0,900.5,15.5
2025-08-19T16:00,39.1,11,0.0,900.4,14.8
2025-08-19T17:00,38.5,12,0.0,900.1,14.4
2025-08-19T18:00,37.2,13,0.0,899.9,18.0
2025-08-19T19:00,36.5,13,0.0,900.0,12.3
2025-08-19T20:00,35.3,14,0.0,900.2,12.8
2025-08-19T21:00,34.3,15,0.0,900.4,14.5
2025-08-19T22:00,33.2,16,0.0,900.2,13.4
2025-08-19T23:00,32.2,17,0.0,899.7,12.2
2025-08-20T00:00,31.4,18,0.0,899.1,11.8
2025-08-20T01:00,30.2,19,0.0,898.6,6.2
2025-08-20T02:00,28.5,23,0.0,898.2,3.8
2025-08-20T03:00,28.5,21,0.0,898.6,7.6
2025-08-20T04:00,28.6,20,0.0,898.7,12.3
2025-08-20T05:00,28.1,20,0.0,898.9,11.7
2025-08-20T06:00,27.8,20,0.0,899.0,10.0
2025-08-20T07:00,28.8,19,0.0,899.7,9.5
2025-08-20T08:00,31.0,16,0.0,900.6,6.5
2025-08-20T09:00,33.3,14,0.0,901.2,9.0
2025-08-20T10:00,35.0,13,0.0,901.4,9.2
2025-08-20T11:00,36.5,12,0.0,901.2,7.0
2025-08-20T12:00,37.8,12,0.0,900.8,4.7
2025-08-20T13:00,39.0,11,0.0,900.5,5.5
2025-08-20T14:00,40.1,11,0.0,899.8,9.5
2025-08-20T15:00,40.7,10,0.0,898.8,12.6
2025-08-20T16:00,39.5,11,0.0,899.0,19.0
2025-08-20T17:00,38.9,11,0.0,898.8,17.7
2025-08-20T18:00,37.5,13,0.0,898.5,18.4
2025-08-20T19:00,36.3,14,0.0,898.8,16.1
2025-08-20T20:00,35.2,15,0.0,899.1,17.2
2025-08-20T21:00,34.0,15,0.0,899.4,14.1
2025-08-20T22:00,32.8,16,0.0,899.3,13.6
2025-08-20T23:00,31.8,17,0.0,898.8,16.3
2025-08-21T00:00,30.7,18,0.0,898.5,11.0
2025-08-21T01:00,29.0,20,0.0,898.3,4.1
2025-08-21T02:00,29.0,20,0.0,898.3,6.9
2025-08-21T03:00,28.7,20,0.0,898.5,7.3
2025-08-21T04:00,28.4,21,0.0,898.5,4.8
2025-08-21T05:00,27.8,22,0.0,898.3,4.6
2025-08-21T06:00,27.1,24,0.0,898.7,3.8
2025-08-21T07:00,29.0,21,0.0,899.8,4.4
2025-08-21T08:00,31.0,18,0.0,900.6,4.5
2025-08-21T09:00,33.2,16,0.0,901.4,5.9
2025-08-21T10:00,35.0,15,0.0,901.6,9.6
2025-08-21T11:00,36.5,13,0.0,901.7,9.4
2025-08-21T12:00,37.7,12,0.0,901.3,6.5
2025-08-21T13:00,38.8,12,0.0,900.9,6.9
2025-08-21T14:00,39.6,11,0.0,900.3,13.1
2025-08-21T15:00,39.4,11,0.0,899.9,21.3
2025-08-21T16:00,39.0,12,0.0,900.1,15.0
2025-08-21T17:00,39.0,12,0.0,899.9,14.1
2025-08-21T18:00,37.4,13,0.0,899.5,20.9
2025-08-21T19:00,36.2,14,0.0,900.0,17.1
2025-08-21T20:00,35.0,16,0.0,900.4,15.8
2025-08-21T21:00,33.8,17,0.0,900.9,14.6
2025-08-21T22:00,32.7,18,0.0,900.7,14.4
2025-08-21T23:00,31.4,20,0.0,900.9,7.2
2025-08-22T00:00,30.0,24,0.0,900.6,2.9
2025-08-22T01:00,29.5,23,0.0,900.1,4.5
2025-08-22T02:00,29.4,23,0.0,900.0,8.6
2025-08-22T03:00,28.7,24,0.0,900.1,8.9
2025-08-22T04:00,28.2,25,0.0,900.6,6.8
2025-08-22T05:00,27.2,26,0.0,900.3,4.6
2025-08-22T06:00,26.9,26,0.0,900.5,4.6
2025-08-22T07:00,28.4,23,0.0,901.4,6.8
2025-08-22T08:00,30.8,19,0.0,902.2,6.0
2025-08-22T09:00,33.1,16,0.0,902.8,8.8
2025-08-22T10:00,34.8,15,0.0,902.7,8.2
2025-08-22T11:00,36.3,14,0.0,902.6,7.6
2025-08-22T12:00,37.5,13,0.0,902.4,7.1
2025-08-22T13:00,38.5,13,0.0,901.8,8.2
2025-08-22T14:00,39.2,12,0.0,901.1,11.9
2025-08-22T15:00,39.7,11,0.0,900.4,15.8
2025-08-22T16:00,39.0,12,0.0,900.6,20.2
2025-08-22T17:00,38.3,12,0.0,900.2,20.6
2025-08-22T18:00,37.2,13,0.0,899.8,18.6
2025-08-22T19:00,35.9,14,0.0,899.9,17.2
2025-08-22T20:00,34.7,16,0.0,900.2,17.1
2025-08-22T21:00,33.7,17,0.0,900.4,15.2
2025-08-22T22:00,32.3,18,0.0,900.3,12.6
2025-08-22T23:00,31.2,18,0.0,900.0,9.8
2025-08-23T00:00,30.5,18,0.0,899.7,7.4
2025-08-23T01:00,29.0,21,0.0,899.1,4.0
2025-08-23T02:00,28.5,21,0.0,898.7,0.6
2025-08-23T03:00,27.7,22,0.0,898.4,0.5
2025-08-23T04:00,27.4,22,0.0,898.4,1.3
2025-08-23T05:00,26.9,22,0.0,898.4,1.6
2025-08-23T06:00,26.7,23,0.0,898.6,1.5
2025-08-23T07:00,28.5,20,0.0,899.6,2.8
2025-08-23T08:00,31.2,17,0.0,900.6,4.0
2025-08-23T09:00,33.8,14,0.0,901.5,2.8
2025-08-23T10:00,35.5,12,0.0,901.8,4.9
2025-08-23T11:00,36.8,12,0.0,901.9,5.0
2025-08-23T12:00,38.0,11,0.0,901.6,6.3
2025-08-23T13:00,39.0,11,0.0,901.2,11.3
2025-08-23T14:00,39.5,10,0.0,900.5,17.6
2025-08-23T15:00,39.0,10,0.0,900.0,19.9
2025-08-23T16:00,38.7,11,0.0,899.9,18.4
2025-08-23T17:00,38.2,11,0.0,899.7,16.9
2025-08-23T18:00,37.1,12,0.0,899.4,17.2
2025-08-23T19:00,35.8,13,0.0,899.2,14.1
2025-08-23T20:00,34.7,14,0.0,899.5,11.7
2025-08-23T21:00,33.2,15,0.0,899.6,5.7
2025-08-23T22:00,32.2,16,0.0,899.3,6.4
2025-08-23T23:00,31.5,16,0.0,899.1,8.0
2025-08-24T00:00,31.0,16,0.0,898.6,6.8
2025-08-24T01:00,29.4,18,0.0,898.0,5.1
2025-08-24T02:00,29.1,18,0.0,897.7,6.2
2025-08-24T03:00,27.9,20,0.0,897.3,4.7
2025-08-24T04:00,27.9,19,0.0,897.3,4.6
2025-08-24T05:00,27.6,20,0.0,897.3,3.6
2025-08-24T06:00,27.2,19,0.0,898.0,5.7
2025-08-24T07:00,29.3,18,0.0,899.3,5.9
2025-08-24T08:00,32.0,16,0.0,900.6,6.7
2025-08-24T09:00,34.5,14,0.0,901.6,7.8
2025-08-24T10:00,36.2,12,0.0,902.1,9.5
2025-08-24T11:00,37.5,12,0.0,902.1,10.6
2025-08-24T12:00,38.6,11,0.0,901.8,13.1
2025-08-24T13:00,39.2,11,0.0,901.6,15.9
2025-08-24T14:00,39.6,11,0.0,901.1,17.0
2025-08-24T15:00,39.5,10,0.0,900.5,18.1
2025-08-24T16:00,39.4,11,0.0,900.6,17.6
2025-08-24T17:00,38.7,11,0.0,900.4,16.3
2025-08-24T18:00,38.0,11,0.0,900.1,14.0
2025-08-24T19:00,36.5,12,0.0,899.9,13.5
2025-08-24T20:00,35.4,13,0.0,900.4,13.5
2025-08-24T21:00,34.4,14,0.0,900.6,10.5
2025-08-24T22:00,33.4,15,0.0,900.4,7.9
2025-08-24T23:00,32.9,16,0.0,900.3,9.3
2025-08-25T00:00,32.2,17,0.0,900.1,10.5
2025-08-25T01:00,31.1,19,0.0,899.4,10.4
2025-08-25T02:00,30.2,20,0.0,898.9,9.0
2025-08-25T03:00,29.1,22,0.0,899.1,7.5
2025-08-25T04:00,29.9,21,0.0,899.4,7.5
2025-08-25T05:00,29.0,23,0.0,899.3,5.1
2025-08-25T06:00,29.2,22,0.0,900.0,7.5
2025-08-25T07:00,30.0,21,0.0,900.9,10.4
2025-08-25T08:00,32.5,18,0.0,902.0,10.1
2025-08-25T09:00,34.5,16,0.0,902.7,12.1
2025-08-25T10:00,36.1,14,0.0,902.9,12.8
2025-08-25T11:00,37.5,13,0.0,903.1,12.3
2025-08-25T12:00,38.6,12,0.0,902.5,11.8
2025-08-25T13:00,39.6,12,0.0,902.2,13.0
2025-08-25T14:00,40.2,11,0.0,901.6,16.0
2025-08-25T15:00,40.2,11,0.0,901.2,17.9
2025-08-25T16:00,39.7,12,0.0,901.1,18.1
2025-08-25T17:00,38.9,12,0.0,900.8,18.4
2025-08-25T18:00,38.0,13,0.0,900.4,18.1
2025-08-25T19:00,36.8,14,0.0,900.6,12.8
2025-08-25T20:00,35.5,15,0.0,900.7,10.5
2025-08-25T21:00,34.3,16,0.0,901.1,11.7
2025-08-25T22:00,33.2,17,0.0,901.1,12.6
2025-08-25T23:00,32.3,18,0.0,900.9,11.9
2025-08-26T00:00,31.4,18,0.0,900.7,11.6
2025-08-26T01:00,30.6,19,0.0,900.4,12.3
2025-08-26T02:00,30.0,19,0.0,899.9,12.7
2025-08-26T03:00,29.5,19,0.0,899.8,11.3
2025-08-26T04:00,29.5,18,0.0,899.9,8.2
2025-08-26T05:00,29.1,19,0.0,900.1,7.4
2025-08-26T06:00,28.5,19,0.0,900.3,6.7
2025-08-26T07:00,29.6,18,0.0,901.2,7.3
2025-08-26T08:00,32.2,16,0.0,902.4,4.3
2025-08-26T09:00,34.8,14,0.0,903.2,6.4
2025-08-26T10:00,36.5,13,0.0,903.6,10.2
2025-08-26T11:00,37.7,12,0.0,903.5,12.9
2025-08-26T12:00,38.5,11,0.0,903.2,14.3
2025-08-26T13:00,39.0,11,0.0,902.8,16.3
2025-08-26T14:00,39.2,11,0.0,902.3,17.6
2025-08-26T15:00,39.0,11,0.0,902.0,18.3
2025-08-26T16:00,38.7,12,0.0,902.0,17.6
2025-08-26T17:00,37.9,12,0.0,901.9,17.3
2025-08-26T18:00,36.9,13,0.0,901.5,17.0
2025-08-26T19:00,35.6,14,0.0,901.5,16.2
2025-08-26T20:00,34.3,15,0.0,901.8,16.0
2025-08-26T21:00,33.2,17,0.0,902.2,14.9
2025-08-26T22:00,32.3,18,0.0,902.2,14.7
2025-08-26T23:00,31.5,20,0.0,902.2,14.0
2025-08-27T00:00,30.8,20,0.0,902.0,13.1
2025-08-27T01:00,30.0,21,0.0,901.4,12.0
2025-08-27T02:00,29.3,21,0.0,901.1,10.3
2025-08-27T03:00,28.8,21,0.0,900.8,8.2
2025-08-27T04:00,28.5,21,0.0,900.6,5.7
2025-08-27T05:00,27.6,22,0.0,900.1,4.6
2025-08-27T06:00,27.5,22,0.0,900.5,5.2
2025-08-27T07:00,28.9,20,0.0,901.5,6.6
2025-08-27T08:00,30.9,18,0.0,902.5,5.6
2025-08-27T09:00,32.7,16,0.0,903.3,9.2
2025-08-27T10:00,34.2,14,0.0,903.6,10.4
2025-08-27T11:00,35.5,13,0.0,903.4,11.2
2025-08-27T12:00,36.3,13,0.0,903.1,12.0
2025-08-27T13:00,37.2,12,0.0,902.5,11.6
2025-08-27T14:00,37.7,12,0.0,902.0,11.7
2025-08-27T15:00,38.0,12,0.0,901.4,13.1
2025-08-27T16:00,37.4,12,0.0,901.4,12.1
2025-08-27T17:00,36.8,13,0.0,901.3,13.7
2025-08-27T18:00,35.5,14,0.0,901.2,15.4
2025-08-27T19:00,34.3,15,0.0,901.3,13.7
2025-08-27T20:00,33.4,16,0.0,901.7,13.2
2025-08-27T21:00,32.5,17,0.0,901.8,12.8
2025-08-27T22:00,31.4,18,0.0,901.7,12.3
2025-08-27T23:00,30.4,20,0.0,901.5,10.7
2025-08-28T00:00,29.5,21,0.0,901.4,9.8
2025-08-28T01:00,29.0,23,0.0,901.2,10.6
2025-08-28T02:00,28.4,24,0.0,900.8,12.1
2025-08-28T03:00,27.6,26,0.0,900.6,12.6
2025-08-28T04:00,27.2,27,0.0,900.7,11.3
2025-08-28T05:00,26.6,28,0.0,900.6,8.1
2025-08-28T06:00,26.2,28,0.0,901.1,6.0
2025-08-28T07:00,27.2,26,0.0,901.9,8.5
2025-08-28T08:00,29.2,23,0.0,902.9,7.6
2025-08-28T09:00,31.0,21,0.0,903.6,10.0
2025-08-28T10:00,32.5,19,0.0,904.0,13.5
2025-08-28T11:00,33.8,17,0.0,903.9,14.4
2025-08-28T12:00,35.1,16,0.0,903.6,11.9
2025-08-28T13:00,36.2,15,0.0,903.3,8.6
2025-08-28T14:00,36.8,14,0.0,902.7,7.7
2025-08-28T15:00,37.3,14,0.0,902.0,9.5
2025-08-28T16:00,37.0,14,0.0,902.2,12.1
2025-08-28T17:00,36.5,14,0.0,902.1,12.4
2025-08-28T18:00,35.5,15,0.0,901.9,13.7
2025-08-28T19:00,34.5,16,0.0,902.2,12.7
2025-08-28T20:00,33.5,17,0.0,902.6,12.4
2025-08-28T21:00,32.5,18,0.0,903.0,12.8
2025-08-28T22:00,31.6,19,0.0,902.8,12.2
2025-08-28T23:00,30.6,20,0.0,902.8,10.0
2025-08-29T00:00,29.7,22,0.0,902.5,7.7
2025-08-29T01:00,28.5,24,0.0,902.0,4.4
2025-08-29T02:00,28.2,26,0.0,901.8,2.6
2025-08-29T03:00,27.6,26,0.0,901.8,3.6
2025-08-29T04:00,27.4,26,0.0,901.9,1.7
2025-08-29T05:00,27.4,26,0.0,901.9,0.6
2025-08-29T06:00,26.5,26,0.0,902.0,2.4
2025-08-29T07:00,27.9,24,0.0,902.7,2.5
2025-08-29T08:00,30.8,20,0.0,903.8,1.3
2025-08-29T09:00,33.0,18,0.0,904.6,4.2
2025-08-29T10:00,34.7,16,0.0,905.1,6.7
2025-08-29T11:00,36.0,14,0.0,905.0,7.1
2025-08-29T12:00,37.2,13,0.0,904.8,6.4
2025-08-29T13:00,37.8,12,0.0,904.1,7.0
2025-08-29T14:00,38.0,12,0.0,903.8,11.8
2025-08-29T15:00,37.6,12,0.0,903.3,18.5
2025-08-29T16:00,37.5,12,0.0,903.4,14.4
2025-08-29T17:00,36.8,12,0.0,903.3,16.0
2025-08-29T18:00,35.9,13,0.0,903.1,14.4
2025-08-29T19:00,34.5,14,0.0,902.8,8.4
2025-08-29T20:00,33.3,16,0.0,902.9,2.9
2025-08-29T21:00,32.8,18,0.0,903.3,1.1
2025-08-29T22:00,31.5,19,0.0,903.1,3.1
2025-08-29T23:00,30.0,21,0.0,902.8,4.2
2025-08-30T00:00,29.4,22,0.0,902.3,3.1
2025-08-30T01:00,28.6,24,0.0,901.9,0.9
2025-08-30T02:00,27.4,24,0.0,901.6,2.0
2025-08-30T03:00,27.0,24,0.0,901.6,2.5
2025-08-30T04:00,26.5,25,0.0,901.7,3.0
2025-08-30T05:00,26.2,25,0.0,901.8,5.1
2025-08-30T06:00,25.5,26,0.0,902.1,5.7
2025-08-30T07:00,27.0,24,0.0,903.1,7.0
2025-08-30T08:00,30.4,20,0.0,904.4,7.0
2025-08-30T09:00,33.6,16,0.0,905.6,7.8
2025-08-30T10:00,35.8,15,0.0,906.0,10.9
2025-08-30T11:00,37.3,13,0.0,905.9,9.2
2025-08-30T12:00,38.7,11,0.0,905.3,6.2
2025-08-30T13:00,39.8,9,0.0,905.0,2.4
2025-08-30T14:00,39.0,9,0.0,904.0,6.6
2025-08-30T15:00,38.4,10,0.0,903.8,16.6
2025-08-30T16:00,38.2,10,0.0,903.9,18.2
2025-08-30T17:00,37.7,10,0.0,903.7,16.5
2025-08-30T18:00,37.1,11,0.0,903.8,15.3
2025-08-30T19:00,36.0,12,0.0,903.5,12.1
2025-08-30T20:00,34.8,13,0.0,903.9,12.1
2025-08-30T21:00,33.3,15,0.0,904.0,13.2
2025-08-30T22:00,32.3,16,0.0,903.8,14.4
2025-08-30T23:00,31.5,17,0.0,903.5,16.1
2025-08-31T00:00,30.6,20,0.0,903.0,18.4
2025-08-31T01:00,29.8,22,0.0,902.8,18.1
2025-08-31T02:00,28.7,23,0.0,902.6,17.9
2025-08-31T03:00,27.7,25,0.0,902.9,14.4
2025-08-31T04:00,27.4,25,0.0,903.0,10.4
2025-08-31T05:00,27.5,25,0.0,903.0,12.6
2025-08-31T06:00,27.4,25,0.0,903.4,12.9
2025-08-31T07:00,28.1,24,0.0,904.1,12.4
2025-08-31T08:00,29.6,22,0.0,904.7,9.5
2025-08-31T09:00,31.7,19,0.0,905.3,9.9
2025-08-31T10:00,33.5,17,0.0,905.5,9.9
2025-08-31T11:00,35.2,16,0.0,905.4,7.2
2025-08-31T12:00,36.8,14,0.0,905.0,5.2
2025-08-31T13:00,38.0,13,0.0,904.4,5.9
2025-08-31T14:00,38.9,11,0.0,903.4,10.5
2025-08-31T15:00,37.7,12,0.0,902.9,23.3
2025-08-31T16:00,37.2,12,0.0,903.0,22.4
2025-08-31T17:00,37.2,12,0.0,902.7,17.6
2025-08-31T18:00,35.4,13,0.0,902.4,20.6
2025-08-31T19:00,34.2,15,0.0,902.4,16.2
2025-08-31T20:00,33.0,17,0.0,902.5,16.2
2025-08-31T21:00,31.9,18,0.0,902.6,16.7
2025-08-31T22:00,30.9,19,0.0,902.4,15.0
2025-08-31T23:00,29.9,20,0.0,902.1,12.8
2025-09-01T00:00,28.9,21,0.0,901.7,12.0
2025-09-01T01:00,28.2,21,0.0,901.5,12.4
2025-09-01T02:00,27.6,22,0.0,901.1,11.3
2025-09-01T03:00,26.8,23,0.0,901.3,12.8
2025-09-01T04:00,26.5,24,0.0,901.4,13.6
2025-09-01T05:00,25.8,25,0.0,901.3,11.0
2025-09-01T06:00,25.4,25,0.0,901.4,10.1
2025-09-01T07:00,26.4,22,0.0,902.1,12.1
2025-09-01T08:00,28.5,17,0.0,902.8,13.4
2025-09-01T09:00,30.4,15,0.0,903.2,14.6
2025-09-01T10:00,32.2,14,0.0,903.2,14.8
2025-09-01T11:00,33.8,13,0.0,903.1,13.5
2025-09-01T12:00,35.0,12,0.0,902.6,11.7
2025-09-01T13:00,35.8,12,0.0,902.0,11.6
2025-09-01T14:00,36.4,11,0.0,901.4,9.9
2025-09-01T15:00,36.7,11,0.0,900.9,9.4
2025-09-01T16:00,36.7,11,0.0,901.0,10.6
2025-09-01T17:00,36.0,11,0.0,900.6,12.4
2025-09-01T18:00,34.8,12,0.0,900.1,17.3
2025-09-01T19:00,33.9,13,0.0,899.8,13.5
2025-09-01T20:00,32.5,14,0.0,900.1,17.9
2025-09-01T21:00,31.3,15,0.0,900.0,14.0
2025-09-01T22:00,30.4,16,0.0,899.4,17.6
2025-09-01T23:00,29.2,17,0.0,899.0,11.3
2025-09-02T00:00,28.2,19,0.0,898.8,6.2
2025-09-02T01:00,27.5,20,0.0,898.4,5.1
2025-09-02T02:00,27.5,20,0.0,898.5,9.5
2025-09-02T03:00,27.0,22,0.0,898.6,12.3
2025-09-02T04:00,26.8,20,0.0,898.3,12.1
2025-09-02T05:00,26.5,19,0.0,898.3,10.3
2025-09-02T06:00,25.4,20,0.0,898.3,5.0
2025-09-02T07:00,27.0,18,0.0,899.2,4.4
2025-09-02T08:00,29.5,14,0.0,900.2,4.7
2025-09-02T09:00,31.7,12,0.0,900.9,8.6
2025-09-02T10:00,33.5,11,0.0,900.9,8.2
2025-09-02T11:00,35.2,8,0.0,900.8,8.1
2025-09-02T12:00,36.3,7,0.0,900.4,13.3
2025-09-02T13:00,36.6,8,0.0,900.0,16.7
2025-09-02T14:00,36.8,9,0.0,899.5,18.1
2025-09-02T15:00,36.8,9,0.0,898.9,19.4
2025-09-02T16:00,36.5,10,0.0,899.1,19.5
2025-09-02T17:00,35.7,10,0.0,899.0,19.1
2025-09-02T18:00,34.8,10,0.0,898.9,18.3
2025-09-02T19:00,33.3,11,0.0,898.7,15.7
2025-09-02T20:00,32.2,12,0.0,899.1,15.2
2025-09-02T21:00,31.0,13,0.0,899.2,12.5
2025-09-02T22:00,30.3,14,0.0,898.8,13.4
2025-09-02T23:00,30.0,14,0.0,898.6,15.3
2025-09-03T00:00,28.7,15,0.0,898.2,12.8
2025-09-03T01:00,27.6,16,0.0,897.8,8.1
2025-09-03T02:00,26.1,19,0.0,897.2,3.6
2025-09-03T03:00,25.6,19,0.0,897.0,2.5
2025-09-03T04:00,25.2,19,0.0,897.0,2.9
2025-09-03T05:00,24.4,20,0.0,896.8,2.8
2025-09-03T06:00,23.8,21,0.0,896.9,2.6
2025-09-03T07:00,26.0,18,0.0,898.2,4.5
2025-09-03T08:00,28.9,15,0.0,899.4,4.4
2025-09-03T09:00,31.8,12,0.0,900.5,2.6
2025-09-03T10:00,33.6,11,0.0,900.9,5.4
2025-09-03T11:00,35.1,10,0.0,900.9,4.3
2025-09-03T12:00,36.4,8,0.0,900.5,5.2
2025-09-03T13:00,37.3,8,0.0,900.1,8.0
2025-09-03T14:00,37.7,8,0.0,899.6,13.7
2025-09-03T15:00,37.3,8,0.0,899.2,18.5
2025-09-03T16:00,36.5,9,0.0,899.5,18.6
2025-09-03T17:00,35.7,10,0.0,899.3,17.8
2025-09-03T18:00,34.6,11,0.0,899.3,17.2
2025-09-03T19:00,33.4,12,0.0,899.4,14.2
2025-09-03T20:00,32.4,13,0.0,899.5,12.2
2025-09-03T21:00,31.2,13,0.0,899.6,13.5
2025-09-03T22:00,30.0,15,0.0,899.3,11.3
2025-09-03T23:00,28.9,16,0.0,898.9,8.3
2025-09-04T00:00,27.2,19,0.0,898.5,3.4
2025-09-04T01:00,26.8,20,0.0,898.3,0.8
2025-09-04T02:00,25.7,21,0.0,897.6,2.5
2025-09-04T03:00,25.4,21,0.0,897.8,3.0
2025-09-04T04:00,25.0,22,0.0,897.6,2.2
2025-09-04T05:00,25.0,22,0.0,897.8,3.6
2025-09-04T06:00,24.4,23,0.0,898.3,4.1
2025-09-04T07:00,25.0,22,0.0,899.1,6.5
2025-09-04T08:00,28.2,18,0.0,900.5,4.7
2025-09-04T09:00,31.3,14,0.0,901.5,2.9
2025-09-04T10:00,33.5,12,0.0,902.2,5.6
2025-09-04T11:00,35.2,11,0.0,902.3,5.3
2025-09-04T12:00,36.2,11,0.0,902.1,4.5
2025-09-04T13:00,37.0,10,0.0,901.8,2.5
2025-09-04T14:00,37.5,10,0.0,901.5,5.0
2025-09-04T15:00,38.0,9,0.0,901.2,11.0
2025-09-04T16:00,38.0,9,0.0,901.1,8.2
2025-09-04T17:00,37.6,9,0.0,901.0,11.9
2025-09-04T18:00,36.8,9,0.0,900.8,11.2
2025-09-04T19:00,34.4,11,0.0,901.2,17.1
2025-09-04T20:00,32.9,13,0.0,901.7,15.5
2025-09-04T21:00,31.8,14,0.0,902.0,13.7
2025-09-04T22:00,30.7,15,0.0,901.8,10.3
2025-09-04T23:00,29.7,14,0.0,901.4,11.4
2025-09-05T00:00,29.0,14,0.0,901.1,11.5
2025-09-05T01:00,28.1,14,0.0,900.7,9.5
2025-09-05T02:00,27.0,15,0.0,900.2,6.3
2025-09-05T03:00,26.3,16,0.0,900.5,2.3
2025-09-05T04:00,26.6,15,0.0,900.7,1.9
2025-09-05T05:00,25.5,16,0.0,900.9,4.1
2025-09-05T06:00,25.0,16,0.0,901.0,4.6
2025-09-05T07:00,27.1,13,0.0,901.9,5.4
2025-09-05T08:00,29.8,11,0.0,903.2,6.5
2025-09-05T09:00,32.8,9,0.0,904.4,6.6
2025-09-05T10:00,35.2,8,0.0,905.0,14.4
2025-09-05T11:00,36.5,9,0.0,904.8,16.1
2025-09-05T12:00,37.6,8,0.0,904.8,14.1
2025-09-05T13:00,38.3,8,0.0,904.3,11.3
2025-09-05T14:00,38.8,8,0.0,903.8,8.7
2025-09-05T15:00,38.9,7,0.0,903.3,6.9
2025-09-05T16:00,38.9,7,0.0,903.2,7.7
2025-09-05T17:00,38.4,7,0.0,903.3,8.1
2025-09-05T18:00,37.3,8,0.0,902.7,10.0
2025-09-05T19:00,35.4,9,0.0,902.8,13.7
2025-09-05T20:00,34.0,10,0.0,903.1,14.9
2025-09-05T21:00,32.8,11,0.0,903.4,17.0
2025-09-05T22:00,31.7,12,0.0,903.2,14.3
2025-09-05T23:00,30.8,12,0.0,903.1,12.8
2025-09-06T00:00,29.8,13,0.0,902.9,9.7
2025-09-06T01:00,29.0,14,0.0,902.8,9.1
2025-09-06T02:00,28.2,15,0.0,902.3,6.7
2025-09-06T03:00,27.5,15,0.0,902.2,6.1
2025-09-06T04:00,27.8,15,0.0,902.2,6.0
2025-09-06T05:00,26.9,16,0.0,902.4,9.4
2025-09-06T06:00,25.6,17,0.0,902.2,7.8
2025-09-06T07:00,25.9,17,0.0,902.6,11.0
2025-09-06T08:00,29.4,14,0.0,904.2,9.7
2025-09-06T09:00,33.0,11,0.0,905.6,11.0
2025-09-06T10:00,35.1,9,0.0,905.7,16.3
2025-09-06T11:00,36.5,9,0.0,905.6,18.7
2025-09-06T12:00,37.9,8,0.0,905.3,16.8
2025-09-06T13:00,38.8,8,0.0,904.8,13.4
2025-09-06T14:00,39.2,8,0.0,904.3,10.0
2025-09-06T15:00,39.2,8,0.0,903.8,7.1
2025-09-06T16:00,39.0,8,0.0,903.5,6.4
2025-09-06T17:00,38.3,8,0.0,903.1,5.8
2025-09-06T18:00,37.4,8,0.0,902.6,5.0
2025-09-06T19:00,35.7,9,0.0,902.3,10.6
2025-09-06T20:00,34.5,10,0.0,902.5,14.1
2025-09-06T21:00,33.6,11,0.0,902.8,15.8
2025-09-06T22:00,32.2,12,0.0,902.7,16.7
2025-09-06T23:00,31.0,13,0.0,902.6,12.5
2025-09-07T00:00,29.8,14,0.0,902.4,7.7
2025-09-07T01:00,29.4,14,0.0,901.9,8.8
2025-09-07T02:00,28.6,15,0.0,901.6,11.1
2025-09-07T03:00,27.2,16,0.0,901.2,13.5
2025-09-07T04:00,26.9,17,0.0,901.1,15.8
2025-09-07T05:00,26.5,17,0.0,901.1,15.8
2025-09-07T06:00,26.1,17,0.0,901.1,16.9
2025-09-07T07:00,27.0,16,0.0,901.8,16.5
2025-09-07T08:00,29.9,14,0.0,903.0,14.5
2025-09-07T09:00,33.2,11,0.0,903.9,16.7
2025-09-07T10:00,35.7,9,0.0,904.1,21.1
2025-09-07T11:00,37.2,8,0.0,904.2,21.6
2025-09-07T12:00,38.2,8,0.0,903.9,19.6
2025-09-07T13:00,38.9,8,0.0,903.4,17.2
2025-09-07T14:00,39.3,7,0.0,902.8,14.9
2025-09-07T15:00,39.5,7,0.0,902.1,13.7
2025-09-07T16:00,39.5,7,0.0,902.1,13.7
2025-09-07T17:00,39.0,7,0.0,901.6,13.7
2025-09-07T18:00,37.8,8,0.0,901.2,10.3
2025-09-07T19:00,35.8,9,0.0,900.7,7.9
2025-09-07T20:00,33.5,11,0.0,900.5,5.4
2025-09-07T21:00,32.8,11,0.0,900.8,5.4
2025-09-07T22:00,31.8,13,0.0,900.5,5.5
2025-09-07T23:00,30.9,14,0.0,900.5,1.9
2025-09-08T00:00,29.5,15,0.0,900.3,3.3
2025-09-08T01:00,28.7,15,0.0,899.8,5.5
2025-09-08T02:00,27.5,15,0.0,899.0,5.8
2025-09-08T03:00,27.3,15,0.0,898.7,5.8
2025-09-08T04:00,26.9,15,0.0,899.2,4.5
2025-09-08T05:00,26.5,15,0.0,899.1,6.2
2025-09-08T06:00,25.7,15,0.0,898.7,8.5
2025-09-08T07:00,27.2,14,0.0,899.4,9.8
2025-09-08T08:00,30.5,11,0.0,900.7,9.7
2025-09-08T09:00,34.0,9,0.0,901.8,9.8
2025-09-08T10:00,36.2,9,0.0,902.0,10.5
2025-09-08T11:00,37.5,8,0.0,902.1,11.3
2025-09-08T12:00,38.7,7,0.0,901.9,10.9
2025-09-08T13:00,39.9,7,0.0,901.6,12.2
2025-09-08T14:00,40.5,6,0.0,901.3,16.0
2025-09-08T15:00,39.8,6,0.0,901.0,20.8
2025-09-08T16:00,39.3,7,0.0,901.2,18.8
2025-09-08T17:00,38.5,8,0.0,901.1,18.2
2025-09-08T18:00,37.2,9,0.0,900.8,16.7
2025-09-08T19:00,35.8,10,0.0,900.7,14.6
2025-09-08T20:00,34.4,11,0.0,900.8,15.8
2025-09-08T21:00,33.5,11,0.0,901.2,21.7
2025-09-08T22:00,32.5,11,0.0,901.2,21.5
2025-09-08T23:00,31.6,13,0.0,900.9,19.7
2025-09-09T00:00,30.8,15,0.0,901.1,18.6
2025-09-09T01:00,29.4,18,0.0,901.1,16.8
2025-09-09T02:00,28.1,21,0.0,900.7,14.4
2025-09-09T03:00,27.5,23,0.0,900.6,10.9
2025-09-09T04:00,27.6,22,0.0,900.5,9.1
2025-09-09T05:00,27.2,23,0.0,900.5,8.5
2025-09-09T06:00,26.1,25,0.0,900.4,5.5
2025-09-09T07:00,27.2,23,0.0,901.4,2.8
2025-09-09T08:00,29.7,20,0.0,902.6,2.7
2025-09-09T09:00,32.2,17,0.0,903.3,0.7
2025-09-09T10:00,34.4,14,0.0,903.6,4.5
2025-09-09T11:00,36.3,11,0.0,903.6,6.7
2025-09-09T12:00,37.8,9,0.0,903.2,6.1
2025-09-09T13:00,39.0,8,0.0,902.6,5.3
2025-09-09T14:00,39.6,8,0.0,902.3,10.8
2025-09-09T15:00,39.5,8,0.0,901.6,17.9
2025-09-09T16:00,39.4,8,0.0,901.7,21.9
2025-09-09T17:00,38.8,7,0.0,901.5,17.3
2025-09-09T18:00,37.2,11,0.0,901.3,1.8
2025-09-09T19:00,36.0,10,0.0,901.7,18.0
2025-09-09T20:00,35.1,11,0.0,901.9,15.5
2025-09-09T21:00,33.5,12,0.0,902.4,13.5
2025-09-09T22:00,32.8,13,0.0,902.0,10.0
2025-09-09T23:00,31.0,15,0.0,901.5,5.0
2025-09-10T00:00,30.5,16,0.0,901.5,6.4
2025-09-10T01:00,30.1,16,0.0,901.4,9.9
2025-09-10T02:00,29.2,19,0.0,901.0,4.2
2025-09-10T03:00,28.8,19,0.0,901.0,4.3
2025-09-10T04:00,28.3,19,0.0,901.0,3.8
2025-09-10T05:00,27.3,20,0.0,900.8,4.1
2025-09-10T06:00,27.0,20,0.0,900.6,0.7
2025-09-10T07:00,28.4,21,0.0,901.5,0.6
2025-09-10T08:00,30.5,16,0.0,903.0,0.4
2025-09-10T09:00,32.6,13,0.0,903.6,1.1
2025-09-10T10:00,35.0,11,0.0,903.9,3.5
2025-09-10T11:00,37.3,9,0.0,904.0,4.9
2025-09-10T12:00,39.5,6,0.0,903.3,7.4
2025-09-10T13:00,41.2,6,0.0,902.7,19.6
2025-09-10T14:00,39.9,7,0.0,902.0,25.2
2025-09-10T15:00,40.3,6,0.0,901.9,14.7
2025-09-10T16:00,39.7,7,0.0,901.6,3.2
2025-09-10T17:00,39.0,7,0.0,901.4,6.2
2025-09-10T18:00,37.7,9,0.0,901.3,18.4
2025-09-10T19:00,36.5,10,0.0,901.2,19.0
2025-09-10T20:00,35.3,11,0.0,901.6,19.9
2025-09-10T21:00,33.9,12,0.0,901.6,16.4
2025-09-10T22:00,32.7,13,0.0,901.3,17.2
2025-09-10T23:00,31.9,14,0.0,901.1,17.3
2025-09-11T00:00,31.0,15,0.0,901.0,16.6
2025-09-11T01:00,30.5,15,0.0,901.3,16.8
2025-09-11T02:00,29.7,17,0.0,901.0,14.5
2025-09-11T03:00,28.4,20,0.0,901.3,16.5
2025-09-11T04:00,28.5,21,0.0,901.1,15.4
2025-09-11T05:00,27.9,22,0.0,901.0,15.7
2025-09-11T06:00,27.2,23,0.0,900.6,13.8
2025-09-11T07:00,27.8,23,0.0,901.2,11.2
2025-09-11T08:00,29.8,20,0.0,902.6,9.1
2025-09-11T09:00,31.6,18,0.0,903.0,6.7
2025-09-11T10:00,34.2,14,0.0,903.3,6.5
2025-09-11T11:00,36.2,12,0.0,903.7,5.3
2025-09-11T12:00,38.0,10,0.0,903.6,5.5
2025-09-11T13:00,39.1,8,0.0,903.4,6.7
2025-09-11T14:00,39.5,8,0.0,902.4,9.0
2025-09-11T15:00,39.8,8,0.0,902.2,8.2
2025-09-11T16:00,39.5,8,0.0,902.1,4.3
2025-09-11T17:00,38.2,9,0.0,902.1,13.3
2025-09-11T18:00,37.1,10,0.0,902.1,13.1
2025-09-11T19:00,36.4,10,0.0,901.8,15.2
2025-09-11T20:00,35.1,12,0.0,901.9,20.2
2025-09-11T21:00,34.2,12,0.0,902.2,19.0
2025-09-11T22:00,32.8,14,0.0,902.4,17.9
2025-09-11T23:00,31.5,15,0.0,902.0,15.7
2025-09-12T00:00,30.4,17,0.0,902.2,13.3
2025-09-12T01:00,29.0,18,0.0,902.0,6.2
2025-09-12T02:00,28.0,20,0.0,901.7,3.5
2025-09-12T03:00,27.5,22,0.0,901.4,2.9
2025-09-12T04:00,27.9,22,0.0,902.0,4.1
2025-09-12T05:00,27.1,23,0.0,901.9,2.1
2025-09-12T06:00,26.0,25,0.0,902.2,3.8
2025-09-12T07:00,27.3,23,0.0,903.0,4.5
2025-09-12T08:00,29.1,21,0.0,904.0,3.5
2025-09-12T09:00,30.9,19,0.0,904.9,6.3
2025-09-12T10:00,33.0,17,0.0,905.1,7.9
2025-09-12T11:00,35.4,14,0.0,905.4,9.1
2025-09-12T12:00,37.2,12,0.0,905.0,8.1
2025-09-12T13:00,38.2,11,0.0,904.9,4.7
2025-09-12T14:00,38.3,10,0.0,904.4,2.6
2025-09-12T15:00,38.2,10,0.0,903.8,4.8
2025-09-12T16:00,38.0,10,0.0,903.9,12.2
2025-09-12T17:00,37.5,10,0.0,904.0,9.0
2025-09-12T18:00,36.5,15,0.0,904.0,0.9
2025-09-12T19:00,35.5,12,0.0,903.5,3.6
2025-09-12T20:00,35.2,12,0.0,904.0,8.6
2025-09-12T21:00,34.2,13,0.0,904.3,7.3
2025-09-12T22:00,33.5,14,0.0,904.6,9.8
2025-09-12T23:00,32.6,15,0.0,903.9,6.3
2025-09-13T00:00,30.6,18,0.0,903.4,3.8
2025-09-13T01:00,29.3,20,0.0,903.2,0.6
2025-09-13T02:00,28.3,21,0.0,902.8,1.9
2025-09-13T03:00,27.8,22,0.0,902.8,0.4
2025-09-13T04:00,28.1,21,0.0,903.4,2.1
2025-09-13T05:00,26.8,23,0.0,903.3,2.7
2025-09-13T06:00,25.2,26,0.0,903.4,4.3
2025-09-13T07:00,26.0,25,0.0,904.2,2.7
2025-09-13T08:00,28.5,21,0.0,905.3,2.2
2025-09-13T09:00,31.5,18,0.0,906.2,2.9
2025-09-13T10:00,34.3,15,0.0,906.4,7.9
2025-09-13T11:00,36.5,13,0.0,906.3,9.6
2025-09-13T12:00,37.7,11,0.0,905.9,4.3
2025-09-13T13:00,38.5,10,0.0,905.5,1.1
2025-09-13T14:00,39.2,10,0.0,904.8,6.4
2025-09-13T15:00,39.5,9,0.0,904.2,6.0
2025-09-13T16:00,38.8,8,0.0,904.6,17.8
2025-09-13T17:00,38.2,8,0.0,904.1,16.9
2025-09-13T18:00,36.9,9,0.0,904.1,20.8
2025-09-13T19:00,36.0,10,0.0,904.0,16.6
2025-09-13T20:00,34.5,11,0.0,903.8,13.3
2025-09-13T21:00,33.2,13,0.0,904.1,12.1
2025-09-13T22:00,32.2,14,0.0,903.7,7.8
2025-09-13T23:00,31.2,14,0.0,903.7,10.3
2025-09-14T00:00,29.9,16,0.0,903.7,12.6
2025-09-14T01:00,28.1,18,0.0,903.4,4.6
2025-09-14T02:00,27.9,21,0.0,903.3,1.4
2025-09-14T03:00,26.9,20,0.0,903.1,4.3
2025-09-14T04:00,26.6,21,0.0,903.0,4.7
2025-09-14T05:00,26.9,20,0.0,903.4,6.9
2025-09-14T06:00,26.5,21,0.0,903.5,9.4
2025-09-14T07:00,26.8,20,0.0,904.0,11.3
2025-09-14T08:00,29.6,17,0.0,905.6,11.3
2025-09-14T09:00,32.2,15,0.0,906.4,11.0
2025-09-14T10:00,34.8,13,0.0,906.7,11.8
2025-09-14T11:00,36.6,11,0.0,906.7,10.3
2025-09-14T12:00,37.5,10,0.0,906.2,4.8
2025-09-14T13:00,38.0,10,0.0,905.8,3.4
2025-09-14T14:00,38.4,9,0.0,905.3,5.4
2025-09-14T15:00,39.8,8,0.0,904.4,13.4
2025-09-14T16:00,38.7,8,0.0,904.6,11.5
2025-09-14T17:00,37.8,8,0.0,904.5,15.7
2025-09-14T18:00,36.7,9,0.0,904.3,18.6
2025-09-14T19:00,35.5,10,0.0,904.4,20.3
2025-09-14T20:00,34.3,11,0.0,904.4,17.8
2025-09-14T21:00,32.7,12,0.0,904.8,13.7
2025-09-14T22:00,31.0,14,0.0,904.8,9.2
2025-09-14T23:00,29.3,16,0.0,904.5,4.5
2025-09-15T00:00,28.6,17,0.0,904.2,4.5
2025-09-15T01:00,27.9,18,0.0,904.1,3.4
2025-09-15T02:00,27.1,18,0.0,903.7,3.8
2025-09-15T03:00,26.7,19,0.0,903.4,3.4
2025-09-15T04:00,26.4,21,0.0,903.4,0.6
2025-09-15T05:00,25.7,19,0.0,902.9,0.7
2025-09-15T06:00,25.5,19,0.0,902.8,3.4
2025-09-15T07:00,26.6,18,0.0,903.7,10.2
2025-09-15T08:00,29.2,15,0.0,905.1,13.0
2025-09-15T09:00,32.5,13,0.0,906.0,14.7
2025-09-15T10:00,34.8,11,0.0,906.3,14.3
2025-09-15T11:00,36.3,10,0.0,906.2,7.6
2025-09-15T12:00,37.2,9,0.0,906.0,0.8
2025-09-15T13:00,38.0,9,0.0,905.6,5.9
2025-09-15T14:00,38.4,8,0.0,905.1,12.0
2025-09-15T15:00,38.2,8,0.0,904.7,16.1
2025-09-15T16:00,38.5,7,0.0,904.4,17.2
2025-09-15T17:00,37.7,8,0.0,904.3,18.9
2025-09-15T18:00,36.0,9,0.0,904.4,20.6
2025-09-15T19:00,34.8,11,0.0,904.3,20.0
2025-09-15T20:00,33.8,11,0.0,904.6,15.8
2025-09-15T21:00,32.5,12,0.0,904.9,15.0
2025-09-15T22:00,31.4,14,0.0,904.5,11.1
2025-09-15T23:00,30.0,15,0.0,903.8,6.0
2025-09-16T00:00,28.8,16,0.0,903.2,5.4
2025-09-16T01:00,28.6,16,0.0,903.2,6.4
2025-09-16T02:00,27.8,17,0.0,902.9,10.4
2025-09-16T03:00,27.0,18,0.0,902.7,12.7
2025-09-16T04:00,26.4,18,0.0,902.4,13.0
2025-09-16T05:00,25.9,17,0.0,902.4,15.3
2025-09-16T06:00,25.5,17,0.0,902.6,15.2
2025-09-16T07:00,26.4,16,0.0,903.1,15.5
2025-09-16T08:00,29.2,13,0.0,904.3,13.7
2025-09-16T09:00,32.5,11,0.0,905.3,15.3
2025-09-16T10:00,35.2,9,0.0,905.5,18.4
2025-09-16T11:00,36.8,9,0.0,905.5,15.1
2025-09-16T12:00,37.8,8,0.0,905.1,9.1
2025-09-16T13:00,38.3,8,0.0,904.5,5.2
2025-09-16T14:00,38.5,8,0.0,904.0,7.4
2025-09-16T15:00,38.5,8,0.0,903.3,17.4
2025-09-16T16:00,38.6,8,0.0,903.0,18.9
2025-09-16T17:00,38.0,8,0.0,902.8,6.8
2025-09-16T18:00,36.5,9,0.0,902.5,1.9
2025-09-16T19:00,34.2,11,0.0,902.0,4.2
2025-09-16T20:00,33.2,12,0.0,902.1,3.6
2025-09-16T21:00,32.8,11,0.0,902.4,10.0
2025-09-16T22:00,31.5,12,0.0,902.3,11.0
2025-09-16T23:00,30.4,13,0.0,902.1,9.9
2025-09-17T00:00,29.5,14,0.0,902.2,11.9
2025-09-17T01:00,28.6,15,0.0,902.0,13.2
2025-09-17T02:00,28.0,15,0.0,902.0,18.2
2025-09-17T03:00,27.4,16,0.0,901.9,20.5
2025-09-17T04:00,27.4,16,0.0,902.1,22.0
2025-09-17T05:00,27.1,16,0.0,902.1,21.2
2025-09-17T06:00,26.8,16,0.0,902.3,22.1
2025-09-17T07:00,27.2,16,0.0,902.9,20.4
2025-09-17T08:00,29.8,14,0.0,904.1,18.7
2025-09-17T09:00,32.8,12,0.0,904.9,22.5
2025-09-17T10:00,35.2,10,0.0,905.1,26.1
2025-09-17T11:00,37.0,9,0.0,905.4,26.1
2025-09-17T12:00,38.1,8,0.0,905.1,23.3
2025-09-17T13:00,39.0,8,0.0,904.5,19.0
2025-09-17T14:00,39.3,7,0.0,903.8,15.9
2025-09-17T15:00,39.3,7,0.0,903.4,15.7
2025-09-17T16:00,39.0,8,0.0,903.2,19.0
2025-09-17T17:00,38.9,7,0.0,902.7,18.1
2025-09-17T18:00,37.5,8,0.0,902.5,13.8
2025-09-17T19:00,36.1,9,0.0,902.6,6.8
2025-09-17T20:00,34.3,11,0.0,902.8,6.4
2025-09-17T21:00,32.0,14,0.0,902.5,3.7
2025-09-17T22:00,31.1,15,0.0,902.6,0.6
2025-09-17T23:00,31.1,14,0.0,902.7,13.0
2025-09-18T00:00,31.8,13,0.0,902.9,15.1
2025-09-18T01:00,31.4,13,0.0,902.5,13.8
2025-09-18T02:00,30.3,14,0.0,902.1,19.5
2025-09-18T03:00,30.4,13,0.0,902.4,16.8
2025-09-18T04:00,29.0,15,0.0,902.5,16.2
2025-09-18T05:00,28.1,16,0.0,902.5,16.7
2025-09-18T06:00,27.5,16,0.0,902.7,18.3
2025-09-18T07:00,28.1,16,0.0,903.7,17.8
2025-09-18T08:00,31.0,13,0.0,905.0,14.4
2025-09-18T09:00,34.2,11,0.0,905.4,18.8
2025-09-18T10:00,36.2,9,0.0,905.4,25.1
2025-09-18T11:00,37.8,9,0.0,905.1,24.3
2025-09-18T12:00,39.3,8,0.0,904.6,18.2
2025-09-18T13:00,40.0,8,0.0,904.0,13.3
2025-09-18T14:00,40.5,7,0.0,903.3,10.3
2025-09-18T15:00,40.8,7,0.0,902.7,13.8
2025-09-18T16:00,40.8,6,0.0,902.8,9.5
2025-09-18T17:00,39.1,7,0.0,902.4,9.9
2025-09-18T18:00,37.6,9,0.0,902.3,17.3
2025-09-18T19:00,35.7,11,0.0,902.6,9.4
2025-09-18T20:00,33.3,14,0.0,902.8,4.2
2025-09-18T21:00,32.5,15,0.0,903.1,1.9
2025-09-18T22:00,31.0,16,0.0,903.0,2.6
2025-09-18T23:00,30.5,16,0.0,902.8,5.9
2025-09-19T00:00,29.5,16,0.0,902.3,5.1
2025-09-19T01:00,28.3,19,0.0,901.7,2.8
2025-09-19T02:00,28.2,19,0.0,901.3,0.8
2025-09-19T03:00,27.6,19,0.0,901.1,2.2
2025-09-19T04:00,27.8,19,0.0,901.1,2.0
2025-09-19T05:00,26.7,20,0.0,901.0,3.4
2025-09-19T06:00,26.7,20,0.0,901.5,6.7
2025-09-19T07:00,26.9,20,0.0,902.1,11.1
2025-09-19T08:00,29.9,16,0.0,903.6,10.0
2025-09-19T09:00,33.3,13,0.0,904.6,7.9
2025-09-19T10:00,36.4,9,0.0,904.9,12.9
2025-09-19T11:00,38.3,7,0.0,904.6,20.8
2025-09-19T12:00,39.4,7,0.0,904.3,21.4
2025-09-19T13:00,39.8,7,0.0,903.7,21.3
2025-09-19T14:00,40.2,6,0.0,903.0,21.2
2025-09-19T15:00,40.4,6,0.0,902.5,22.5
2025-09-19T16:00,40.4,6,0.0,902.4,20.9
2025-09-19T17:00,39.5,6,0.0,902.3,9.8
2025-09-19T18:00,36.8,9,0.0,902.2,3.1
2025-09-19T19:00,34.2,11,0.0,902.1,4.5
2025-09-19T20:00,33.6,12,0.0,902.9,14.3
2025-09-19T21:00,32.2,14,0.0,903.1,15.1
2025-09-19T22:00,31.0,15,0.0,903.1,8.0
2025-09-19T23:00,30.2,16,0.0,902.8,7.7
2025-09-20T00:00,29.5,16,0.0,902.3,10.1
2025-09-20T01:00,28.0,18,0.0,901.5,5.5
2025-09-20T02:00,26.8,20,0.0,900.6,4.9
2025-09-20T03:00,26.8,19,0.0,900.8,9.0
2025-09-20T04:00,26.4,20,0.0,901.1,7.9
2025-09-20T05:00,25.8,21,0.0,901.2,7.8
2025-09-20T06:00,25.0,22,0.0,901.5,8.3
2025-09-20T07:00,25.5,22,0.0,902.2,9.6
2025-09-20T08:00,27.0,20,0.0,903.3,10.8
2025-09-20T09:00,28.4,21,0.0,903.9,13.5
2025-09-20T10:00,30.3,21,0.0,904.1,16.5
2025-09-20T11:00,32.3,19,0.0,903.9,16.6
2025-09-20T12:00,34.0,17,0.0,903.7,15.8
2025-09-20T13:00,35.6,15,0.0,903.1,13.1
2025-09-20T14:00,36.7,14,0.0,902.6,11.1
2025-09-20T15:00,37.2,13,0.0,902.2,7.2
2025-09-20T16:00,36.8,14,0.0,902.1,8.6
2025-09-20T17:00,35.8,15,0.0,901.6,11.8
2025-09-20T18:00,34.4,17,0.0,901.0,22.8
2025-09-20T19:00,32.8,19,0.0,901.3,19.2
2025-09-20T20:00,31.5,21,0.0,902.0,18.7
2025-09-20T21:00,30.4,22,0.0,902.2,17.4
2025-09-20T22:00,29.4,23,0.0,902.6,12.2
2025-09-20T23:00,28.5,24,0.0,902.5,11.3
2025-09-21T00:00,28.0,25,0.0,902.5,8.5
2025-09-21T01:00,27.1,26,0.0,902.1,7.5
2025-09-21T02:00,26.0,27,0.0,901.5,8.3
2025-09-21T03:00,25.0,29,0.0,901.4,4.8
2025-09-21T04:00,25.0,28,0.0,901.4,4.8
2025-09-21T05:00,24.6,30,0.0,901.6,1.1
2025-09-21T06:00,24.1,37,0.0,901.9,0.4
2025-09-21T07:00,24.6,28,0.0,902.4,3.5
2025-09-21T08:00,26.0,25,0.0,903.2,4.3
2025-09-21T09:00,28.0,22,0.0,903.8,9.2
2025-09-21T10:00,29.8,19,0.0,904.0,10.8
2025-09-21T11:00,31.8,17,0.0,904.3,11.0
2025-09-21T12:00,33.5,16,0.0,904.0,9.6
2025-09-21T13:00,34.7,15,0.0,903.6,6.6
2025-09-21T14:00,35.6,14,0.0,903.0,6.5
2025-09-21T15:00,36.7,13,0.0,902.4,9.3
2025-09-21T16:00,36.3,13,0.0,902.6,11.3
2025-09-21T17:00,35.0,14,0.0,902.6,13.8
2025-09-21T18:00,33.5,15,0.0,902.6,13.2
2025-09-21T19:00,32.5,16,0.0,902.4,18.1
2025-09-21T20:00,31.5,16,0.0,902.8,19.5
2025-09-21T21:00,30.1,17,0.0,903.2,17.9
2025-09-21T22:00,29.1,18,0.0,903.5,13.7
2025-09-21T23:00,28.0,20,0.0,903.3,12.2
2025-09-22T00:00,26.8,21,0.0,902.9,8.2
2025-09-22T01:00,25.5,24,0.0,902.6,4.2
2025-09-22T02:00,25.1,23,0.0,902.5,4.5
2025-09-22T03:00,25.0,23,0.0,902.3,5.6
2025-09-22T04:00,24.6,24,0.0,902.3,4.5
2025-09-22T05:00,24.1,24,0.0,902.3,6.1
2025-09-22T06:00,23.5,25,0.0,902.4,8.9
2025-09-22T07:00,24.2,24,0.0,903.1,11.1
2025-09-22T08:00,27.0,20,0.0,904.5,9.7
2025-09-22T09:00,29.5,17,0.0,905.4,10.6
2025-09-22T10:00,31.8,16,0.0,906.0,12.0
2025-09-22T11:00,33.7,15,0.0,906.2,12.2
2025-09-22T12:00,35.3,14,0.0,905.8,13.9
2025-09-22T13:00,37.0,12,0.0,905.1,13.4
2025-09-22T14:00,38.0,11,0.0,904.4,15.2
2025-09-22T15:00,36.3,13,0.0,904.1,22.3
2025-09-22T16:00,36.8,12,0.0,904.5,11.4
2025-09-22T17:00,35.5,13,0.0,904.3,19.6
2025-09-22T18:00,34.2,14,0.0,904.0,17.4
2025-09-22T19:00,33.3,15,0.0,904.3,13.8
2025-09-22T20:00,31.9,17,0.0,904.8,10.5
2025-09-22T21:00,30.7,17,0.0,904.9,20.4
2025-09-22T22:00,29.5,18,0.0,905.1,24.1
2025-09-22T23:00,28.5,19,0.0,904.9,17.9
2025-09-23T00:00,27.5,20,0.0,905.0,13.5
2025-09-23T01:00,26.5,21,0.0,905.0,6.0
2025-09-23T02:00,25.1,24,0.0,904.6,4.5
2025-09-23T03:00,24.2,26,0.0,904.4,4.0
2025-09-23T04:00,24.1,24,0.0,904.7,4.8
2025-09-23T05:00,23.4,25,0.0,904.8,5.0
2025-09-23T06:00,22.5,27,0.0,905.0,4.6
2025-09-23T07:00,23.4,25,0.0,906.0,6.4
2025-09-23T08:00,25.2,22,0.0,907.1,5.4
2025-09-23T09:00,27.7,19,0.0,907.6,9.7
2025-09-23T10:00,30.4,16,0.0,908.1,11.7
2025-09-23T11:00,32.8,14,0.0,908.0,11.0
2025-09-23T12:00,34.8,13,0.0,907.8,8.9
2025-09-23T13:00,36.2,12,0.0,907.0,6.4
2025-09-23T14:00,37.2,11,0.0,906.2,6.8
2025-09-23T15:00,38.8,9,0.0,905.2,5.8
2025-09-23T16:00,35.4,13,0.0,905.9,28.5
2025-09-23T17:00,34.7,13,0.0,905.8,15.0
2025-09-23T18:00,33.7,14,0.0,905.5,20.2
2025-09-23T19:00,31.4,15,0.0,905.8,23.1
2025-09-23T20:00,29.9,15,0.0,906.1,21.5
2025-09-23T21:00,28.9,15,0.0,906.5,18.0
2025-09-23T22:00,27.9,16,0.0,906.7,14.3
2025-09-23T23:00,26.9,17,0.0,906.4,10.2
2025-09-24T00:00,25.9,18,0.0,906.0,7.7
2025-09-24T01:00,24.7,20,0.0,905.6,5.0
2025-09-24T02:00,24.2,20,0.0,905.2,5.6
2025-09-24T03:00,23.4,21,0.0,904.9,5.4
2025-09-24T04:00,23.4,23,0.0,905.1,4.2
2025-09-24T05:00,22.9,22,0.0,905.0,5.5
2025-09-24T06:00,22.5,23,0.0,905.0,5.5
2025-09-24T07:00,23.5,21,0.0,905.9,4.8
2025-09-24T08:00,25.3,19,0.0,907.0,6.3
2025-09-24T09:00,27.6,16,0.0,907.4,11.3
2025-09-24T10:00,30.0,14,0.0,907.7,13.9
2025-09-24T11:00,32.1,12,0.0,907.4,14.7
2025-09-24T12:00,34.0,11,0.0,906.8,13.2
2025-09-24T13:00,35.2,11,0.0,905.9,10.4
2025-09-24T14:00,36.0,11,0.0,905.1,7.7
2025-09-24T15:00,36.4,11,0.0,904.3,8.1
2025-09-24T16:00,37.0,11,0.0,904.0,13.6
2025-09-24T17:00,36.8,11,0.0,902.9,6.6
2025-09-24T18:00,34.5,12,0.0,902.9,16.8
2025-09-24T19:00,32.5,13,0.0,903.2,21.0
2025-09-24T20:00,31.0,14,0.0,903.4,17.6
2025-09-24T21:00,29.5,15,0.0,903.5,13.1
2025-09-24T22:00,28.3,16,0.0,903.2,10.2
2025-09-24T23:00,27.5,17,0.0,902.7,12.3
2025-09-25T00:00,26.9,17,0.0,902.1,11.0
2025-09-25T01:00,26.4,18,0.0,901.7,12.1
2025-09-25T02:00,25.7,19,0.0,901.4,14.4
2025-09-25T03:00,25.2,19,0.0,901.1,17.1
2025-09-25T04:00,24.9,19,0.0,901.2,17.9
2025-09-25T05:00,24.4,20,0.0,901.1,18.6
2025-09-25T06:00,24.0,20,0.0,901.0,18.4
2025-09-25T07:00,24.7,20,0.0,901.4,17.7
2025-09-25T08:00,27.3,17,0.0,902.3,15.7
2025-09-25T09:00,30.6,14,0.0,902.7,17.1
2025-09-25T10:00,33.1,15,0.0,902.9,15.8
2025-09-25T11:00,34.5,14,0.0,902.6,15.3
2025-09-25T12:00,35.2,14,0.0,902.2,15.1
2025-09-25T13:00,35.5,14,0.0,901.6,16.0
2025-09-25T14:00,35.3,15,0.0,901.2,17.0
2025-09-25T15:00,35.0,15,0.0,900.9,16.9
2025-09-25T16:00,34.5,15,0.0,901.5,16.5
2025-09-25T17:00,33.2,17,0.0,901.4,14.7
2025-09-25T18:00,31.6,20,0.0,901.2,13.9
2025-09-25T19:00,30.3,24,0.0,901.2,15.5
2025-09-25T20:00,29.2,27,0.0,901.4,14.8
2025-09-25T21:00,27.9,30,0.0,901.4,14.7
2025-09-25T22:00,26.5,32,0.0,901.2,12.4
2025-09-25T23:00,25.5,35,0.0,901.0,8.5
2025-09-26T00:00,24.6,37,0.0,901.2,9.3
2025-09-26T01:00,23.5,39,0.0,901.1,11.2
2025-09-26T02:00,22.6,41,0.0,900.8,10.6
2025-09-26T03:00,22.0,44,0.0,900.7,11.0
2025-09-26T04:00,21.9,44,0.0,900.9,12.0
2025-09-26T05:00,21.4,46,0.0,901.0,12.1
2025-09-26T06:00,20.9,46,0.0,901.2,12.4
2025-09-26T07:00,21.4,41,0.0,901.6,12.0
2025-09-26T08:00,23.0,36,0.0,902.6,12.8
2025-09-26T09:00,24.5,35,0.0,903.2,14.5
2025-09-26T10:00,26.0,32,0.0,903.5,14.3
2025-09-26T11:00,27.6,29,0.0,903.5,12.7
2025-09-26T12:00,29.1,27,0.0,903.2,10.6
2025-09-26T13:00,30.1,25,0.0,902.8,9.1
2025-09-26T14:00,30.8,24,0.0,902.5,7.8
2025-09-26T15:00,31.2,24,0.0,902.2,8.8
2025-09-26T16:00,31.4,22,0.0,902.6,10.1
2025-09-26T17:00,30.6,22,0.0,902.4,12.8
2025-09-26T18:00,28.8,25,0.0,902.3,16.9
2025-09-26T19:00,27.5,28,0.0,902.5,16.0
2025-09-26T20:00,26.8,29,0.0,902.9,14.9
2025-09-26T21:00,25.8,30,0.0,903.2,14.1
2025-09-26T22:00,24.5,32,0.0,903.1,12.2
2025-09-26T23:00,23.6,34,0.0,903.1,9.7
2025-09-27T00:00,22.9,35,0.0,903.1,8.6
2025-09-27T01:00,22.3,36,0.0,902.9,6.6
2025-09-27T02:00,22.0,36,0.0,902.6,8.8
2025-09-27T03:00,21.6,36,0.0,902.3,8.9
2025-09-27T04:00,21.8,35,0.0,902.4,9.3
2025-09-27T05:00,21.4,36,0.0,902.8,7.2
2025-09-27T06:00,20.9,38,0.0,903.0,5.5
2025-09-27T07:00,21.6,36,0.0,903.6,6.2
2025-09-27T08:00,23.9,32,0.0,904.6,6.5
2025-09-27T09:00,26.0,28,0.0,905.7,9.6
2025-09-27T10:00,27.5,25,0.0,906.1,9.6
2025-09-27T11:00,29.0,22,0.0,906.2,9.2
2025-09-27T12:00,30.4,20,0.0,906.2,8.5
2025-09-27T13:00,31.3,19,0.0,905.8,7.0
2025-09-27T14:00,32.0,18,0.0,905.3,5.0
2025-09-27T15:00,32.3,18,0.0,905.2,5.8
2025-09-27T16:00,32.7,18,0.0,905.5,7.9
2025-09-27T17:00,32.0,18,0.0,905.3,9.5
2025-09-27T18:00,30.6,19,0.0,905.3,13.8
2025-09-27T19:00,29.4,19,0.0,905.5,16.4
2025-09-27T20:00,28.2,21,0.0,905.8,15.4
2025-09-27T21:00,27.3,23,0.0,905.9,11.8
2025-09-27T22:00,26.4,25,0.0,905.7,11.6
2025-09-27T23:00,25.5,26,0.0,905.5,10.5
2025-09-28T00:00,24.7,27,0.0,905.4,9.0
2025-09-28T01:00,24.0,28,0.0,905.1,7.4
2025-09-28T02:00,23.2,29,0.0,904.6,5.8
2025-09-28T03:00,22.2,31,0.0,904.4,4.4
2025-09-28T04:00,22.8,30,0.0,904.7,3.6
2025-09-28T05:00,22.5,30,0.0,904.9,2.4
2025-09-28T06:00,22.0,31,0.0,905.3,1.9
2025-09-28T07:00,22.8,32,0.0,905.8,1.5
2025-09-28T08:00,25.1,26,0.0,907.1,4.1
2025-09-28T09:00,27.7,22,0.0,908.0,7.6
2025-09-28T10:00,30.1,18,0.0,908.4,12.3
2025-09-28T11:00,32.0,15,0.0,908.5,16.5
2025-09-28T12:00,33.5,13,0.0,908.2,16.9
2025-09-28T13:00,34.5,12,0.0,907.6,15.5
2025-09-28T14:00,35.2,12,0.0,907.2,13.6
2025-09-28T15:00,35.5,12,0.0,906.9,9.7
2025-09-28T16:00,35.5,12,0.0,906.6,7.0
2025-09-28T17:00,34.9,13,0.0,906.0,8.5
2025-09-28T18:00,34.0,14,0.0,905.6,14.1
2025-09-28T19:00,32.5,15,0.0,905.2,21.1
2025-09-28T20:00,31.3,16,0.0,905.4,25.7
2025-09-28T21:00,30.1,17,0.0,905.7,23.5
2025-09-28T22:00,29.1,17,0.0,905.7,17.3
2025-09-28T23:00,28.0,18,0.0,905.6,8.7
2025-09-29T00:00,26.2,22,0.0,905.3,3.6
2025-09-29T01:00,25.5,22,0.0,905.0,4.4
2025-09-29T02:00,24.4,23,0.0,905.1,3.4
2025-09-29T03:00,23.5,25,0.0,905.2,3.1
2025-09-29T04:00,23.8,24,0.0,905.3,5.5
2025-09-29T05:00,23.3,24,0.0,905.3,6.5
2025-09-29T06:00,22.5,25,0.0,905.4,5.5
2025-09-29T07:00,23.6,23,0.0,906.1,7.4
2025-09-29T08:00,26.0,20,0.0,906.9,7.6
2025-09-29T09:00,29.0,17,0.0,907.7,7.9
2025-09-29T10:00,31.8,15,0.0,907.7,10.5
2025-09-29T11:00,34.3,13,0.0,907.6,13.2
2025-09-29T12:00,36.5,11,0.0,907.0,13.7
2025-09-29T13:00,37.3,10,0.0,906.1,9.5
2025-09-29T14:00,37.8,10,0.0,905.4,8.9
2025-09-29T15:00,37.7,10,0.0,904.9,9.0
2025-09-29T16:00,37.5,9,0.0,904.8,9.0
2025-09-29T17:00,37.0,9,0.0,904.4,12.6
2025-09-29T18:00,35.6,10,0.0,904.0,10.1
2025-09-29T19:00,34.3,11,0.0,903.9,4.9
2025-09-29T20:00,33.4,12,0.0,904.4,13.8
2025-09-29T21:00,31.5,15,0.0,904.1,5.0
2025-09-29T22:00,30.1,18,0.0,903.9,10.2
2025-09-29T23:00,28.9,21,0.0,903.4,6.7
2025-09-30T00:00,28.0,22,0.0,903.2,7.4
2025-09-30T01:00,27.4,22,0.0,902.7,8.0
2025-09-30T02:00,26.5,23,0.0,902.6,9.3
2025-09-30T03:00,25.9,24,0.0,902.3,8.9
2025-09-30T04:00,25.3,24,0.0,902.1,10.7
2025-09-30T05:00,24.8,25,0.0,901.9,11.5
2025-09-30T06:00,24.4,25,0.0,901.7,11.9
2025-09-30T07:00,24.4,25,0.0,902.2,6.5
2025-09-30T08:00,27.4,21,0.0,903.4,3.8
2025-09-30T09:00,30.6,16,0.0,904.9,6.4
2025-09-30T10:00,32.3,12,0.0,904.9,9.5
2025-09-30T11:00,34.0,11,0.0,904.9,9.4
2025-09-30T12:00,35.3,10,0.0,904.7,10.8
2025-09-30T13:00,36.0,9,0.0,904.2,14.3
2025-09-30T14:00,35.8,9,0.0,903.7,16.6
2025-09-30T15:00,35.5,10,0.0,903.4,16.3
2025-09-30T16:00,34.8,10,0.0,903.2,17.2
2025-09-30T17:00,34.0,10,0.0,903.0,15.9
2025-09-30T18:00,32.6,10,0.0,902.9,15.9
2025-09-30T19:00,31.0,11,0.0,903.1,17.1
2025-09-30T20:00,29.6,13,0.0,903.3,15.3
2025-09-30T21:00,28.6,14,0.0,903.6,14.7
2025-09-30T22:00,27.6,14,0.0,903.2,14.0
2025-09-30T23:00,26.9,15,0.0,902.8,16.6
2025-10-01T00:00,25.9,15,0.0,902.8,19.3
2025-10-01T01:00,24.9,17,0.0,902.2,19.8
2025-10-01T02:00,24.0,19,0.0,901.3,19.7
2025-10-01T03:00,23.3,20,0.0,901.6,18.4
2025-10-01T04:00,22.6,22,0.0,901.7,16.6
2025-10-01T05:00,22.0,25,0.0,901.6,15.2
2025-10-01T06:00,21.4,27,0.0,901.7,14.4
2025-10-01T07:00,21.5,27,0.0,902.2,12.5
2025-10-01T08:00,23.6,24,0.0,903.4,9.4
2025-10-01T09:00,25.8,20,0.0,904.4,8.3
2025-10-01T10:00,27.8,17,0.0,904.6,8.2
2025-10-01T11:00,29.5,14,0.0,904.8,8.0
2025-10-01T12:00,30.8,13,0.0,904.6,8.4
2025-10-01T13:00,31.5,12,0.0,904.2,9.0
2025-10-01T14:00,32.0,11,0.0,903.5,10.6
2025-10-01T15:00,32.3,11,0.0,902.8,13.2
2025-10-01T16:00,31.9,11,0.0,902.7,14.8
2025-10-01T17:00,30.7,12,0.0,902.4,15.4
2025-10-01T18:00,29.2,14,0.0,902.2,13.7
2025-10-01T19:00,28.2,16,0.0,902.2,13.5
2025-10-01T20:00,27.2,18,0.0,902.4,11.9
2025-10-01T21:00,26.4,18,0.0,902.9,12.1
2025-10-01T22:00,25.4,19,0.0,902.7,10.4
2025-10-01T23:00,24.6,21,0.0,902.3,11.2
2025-10-02T00:00,23.9,23,0.0,902.2,12.1
2025-10-02T01:00,23.1,26,0.0,901.9,11.5
2025-10-02T02:00,22.5,27,0.0,901.4,10.5
2025-10-02T03:00,22.0,28,0.0,901.4,9.3
2025-10-02T04:00,21.8,27,0.0,901.2,11.9
2025-10-02T05:00,21.5,27,0.0,901.4,11.0
2025-10-02T06:00,20.9,28,0.0,901.7,8.1
2025-10-02T07:00,21.2,27,0.0,902.4,7.3
2025-10-02T08:00,23.6,24,0.0,903.7,6.1
2025-10-02T09:00,26.2,21,0.0,905.0,6.8
2025-10-02T10:00,28.1,19,0.0,905.2,6.9
2025-10-02T11:00,29.5,17,0.0,905.3,6.3
2025-10-02T12:00,30.8,16,0.0,904.9,6.7
2025-10-02T13:00,31.7,14,0.0,904.4,8.2
2025-10-02T14:00,32.2,13,0.0,903.9,10.9
2025-10-02T15:00,32.0,13,0.0,903.6,13.7
2025-10-02T16:00,31.0,13,0.0,903.4,17.1
2025-10-02T17:00,29.9,13,0.0,903.2,15.8
2025-10-02T18:00,29.0,14,0.0,903.1,13.9
2025-10-02T19:00,27.6,15,0.0,903.5,15.1
2025-10-02T20:00,26.5,16,0.0,903.6,14.9
2025-10-02T21:00,25.5,17,0.0,903.8,14.2
2025-10-02T22:00,24.6,19,0.0,904.0,7.2
2025-10-02T23:00,23.7,20,0.0,903.7,7.7
2025-10-03T00:00,23.2,21,0.0,903.3,11.4
2025-10-03T01:00,22.4,22,0.0,903.1,14.2
2025-10-03T02:00,21.2,25,0.0,902.9,7.1
2025-10-03T03:00,20.9,26,0.0,903.0,5.6
2025-10-03T04:00,20.2,29,0.0,902.9,2.9
2025-10-03T05:00,20.0,30,0.0,903.0,1.5
2025-10-03T06:00,19.8,31,0.0,903.6,1.0
2025-10-03T07:00,20.5,31,0.0,904.6,0.6
2025-10-03T08:00,22.9,25,0.0,906.0,1.5
2025-10-03T09:00,25.9,22,0.0,907.3,5.8
2025-10-03T10:00,28.4,19,0.0,907.6,11.4
2025-10-03T11:00,30.0,16,0.0,907.7,12.7
2025-10-03T12:00,31.4,15,0.0,907.1,11.8
2025-10-03T13:00,32.3,14,0.0,906.5,10.7
2025-10-03T14:00,33.0,13,0.0,906.0,9.7
2025-10-03T15:00,33.0,13,0.0,905.6,8.6
2025-10-03T16:00,32.9,13,0.0,905.6,9.7
2025-10-03T17:00,32.2,14,0.0,905.3,11.6
2025-10-03T18:00,30.6,16,0.0,905.2,14.3
2025-10-03T19:00,29.2,17,0.0,905.5,17.6
2025-10-03T20:00,27.9,19,0.0,906.0,18.7
2025-10-03T21:00,27.0,20,0.0,906.1,17.4
2025-10-03T22:00,26.0,22,0.0,906.3,14.2
2025-10-03T23:00,25.1,23,0.0,906.1,11.9
2025-10-04T00:00,24.0,25,0.0,905.9,5.5
2025-10-04T01:00,23.7,25,0.0,905.8,8.2
2025-10-04T02:00,23.0,26,0.0,905.6,6.9
2025-10-04T03:00,21.7,29,0.0,905.4,5.7
2025-10-04T04:00,21.4,29,0.0,905.6,5.6
2025-10-04T05:00,20.9,30,0.0,905.7,5.3
2025-10-04T06:00,20.4,30,0.0,906.0,5.3
2025-10-04T07:00,21.6,28,0.0,906.9,5.1
2025-10-04T08:00,24.1,24,0.0,908.1,5.2
2025-10-04T09:00,27.5,20,0.0,909.1,8.0
2025-10-04T10:00,30.0,16,0.0,909.6,14.1
2025-10-04T11:00,31.5,15,0.0,909.6,15.4
2025-10-04T12:00,32.8,13,0.0,909.3,14.8
2025-10-04T13:00,33.7,13,0.0,908.8,13.6
2025-10-04T14:00,34.0,12,0.0,908.0,12.0
2025-10-04T15:00,34.2,12,0.0,907.7,11.3
2025-10-04T16:00,34.0,12,0.0,907.4,10.3
2025-10-04T17:00,33.3,12,0.0,907.1,10.1
2025-10-04T18:00,31.5,14,0.0,906.5,13.8
2025-10-04T19:00,29.3,17,0.0,906.8,22.1
2025-10-04T20:00,27.9,20,0.0,907.0,21.9
2025-10-04T21:00,26.6,22,0.0,907.2,19.1
2025-10-04T22:00,25.5,24,0.0,907.3,14.4
2025-10-04T23:00,24.4,26,0.0,907.1,12.0
2025-10-05T00:00,23.5,27,0.0,906.9,9.6
2025-10-05T01:00,22.4,29,0.0,906.4,5.4
2025-10-05T02:00,21.4,32,0.0,906.0,3.3
2025-10-05T03:00,21.0,29,0.0,905.9,5.2
2025-10-05T04:00,20.5,31,0.0,905.6,4.1
2025-10-05T05:00,20.1,32,0.0,905.7,3.1
2025-10-05T06:00,19.8,33,0.0,905.9,2.3
2025-10-05T07:00,20.4,31,0.0,906.3,3.4
2025-10-05T08:00,22.6,27,0.0,907.4,3.4
2025-10-05T09:00,25.4,23,0.0,908.5,6.6
2025-10-05T10:00,27.4,20,0.0,908.8,10.5
2025-10-05T11:00,29.0,17,0.0,908.7,10.0
2025-10-05T12:00,30.5,15,0.0,908.1,9.2
2025-10-05T13:00,31.5,14,0.0,907.4,7.6
2025-10-05T14:00,32.0,14,0.0,907.0,4.6
2025-10-05T15:00,31.9,14,0.0,906.2,4.6
2025-10-05T16:00,31.9,14,0.0,905.8,6.1
2025-10-05T17:00,31.2,14,0.0,905.4,7.7
2025-10-05T18:00,30.0,15,0.0,905.1,10.0
2025-10-05T19:00,28.6,16,0.0,905.4,14.2
2025-10-05T20:00,27.2,17,0.0,905.5,10.8
2025-10-05T21:00,26.2,19,0.0,905.5,10.0
2025-10-05T22:00,25.5,20,0.0,905.3,8.1
2025-10-05T23:00,24.5,21,0.0,905.0,9.3
2025-10-06T00:00,23.4,23,0.0,904.8,8.9
2025-10-06T01:00,22.2,24,0.0,904.5,6.3
2025-10-06T02:00,21.3,27,0.0,904.1,1.5
2025-10-06T03:00,21.0,26,0.0,903.8,1.7
2025-10-06T04:00,20.5,26,0.0,903.7,1.3
2025-10-06T05:00,20.2,26,0.0,903.9,0.9
2025-10-06T06:00,19.6,27,0.0,904.0,1.8
2025-10-06T07:00,20.5,25,0.0,904.5,2.0
2025-10-06T08:00,23.6,20,0.0,905.9,2.9
2025-10-06T09:00,26.9,15,0.0,907.1,6.2
2025-10-06T10:00,28.5,12,0.0,907.4,8.3
2025-10-06T11:00,30.0,11,0.0,907.4,8.4
2025-10-06T12:00,31.1,10,0.0,906.8,8.0
2025-10-06T13:00,32.0,10,0.0,906.3,7.8
2025-10-06T14:00,32.6,9,0.0,905.8,8.7
2025-10-06T15:00,32.8,10,0.0,905.3,11.7
2025-10-06T16:00,32.1,11,0.0,905.1,15.0
2025-10-06T17:00,31.1,11,0.0,904.9,14.7
2025-10-06T18:00,29.6,12,0.0,904.8,11.0
2025-10-06T19:00,28.0,13,0.0,904.9,11.5
2025-10-06T20:00,26.9,15,0.0,905.2,12.9
2025-10-06T21:00,26.0,16,0.0,905.3,12.1
2025-10-06T22:00,25.0,16,0.0,904.8,8.1
2025-10-06T23:00,23.6,18,0.0,904.3,5.4
2025-10-07T00:00,22.9,20,0.0,904.0,5.8
2025-10-07T01:00,22.4,22,0.0,903.7,5.8
2025-10-07T02:00,21.5,23,0.0,903.4,5.3
2025-10-07T03:00,20.8,25,0.0,903.2,4.6
2025-10-07T04:00,20.5,26,0.0,903.0,3.9
2025-10-07T05:00,20.4,27,0.0,902.9,4.0
2025-10-07T06:00,20.8,25,0.0,903.5,7.6
2025-10-07T07:00,20.8,25,0.0,904.1,10.6
2025-10-07T08:00,23.6,21,0.0,905.8,10.2
2025-10-07T09:00,27.0,17,0.0,907.0,8.2
2025-10-07T10:00,29.3,15,0.0,907.6,9.9
2025-10-07T11:00,31.0,13,0.0,907.7,9.9
2025-10-07T12:00,32.3,12,0.0,907.2,7.6
2025-10-07T13:00,33.1,11,0.0,906.6,5.6
2025-10-07T14:00,33.7,11,0.0,906.3,7.3
2025-10-07T15:00,34.0,11,0.0,905.4,12.0
2025-10-07T16:00,33.9,11,0.0,904.9,13.6
2025-10-07T17:00,33.3,11,0.0,904.5,9.5
2025-10-07T18:00,30.9,13,0.0,904.1,4.9
2025-10-07T19:00,29.3,15,0.0,904.2,5.1
2025-10-07T20:00,28.1,16,0.0,904.6,5.8
2025-10-07T21:00,27.5,16,0.0,905.0,8.4
2025-10-07T22:00,26.6,17,0.0,905.1,10.1
2025-10-07T23:00,26.1,17,0.0,904.8,11.7
2025-10-08T00:00,25.3,18,0.0,904.5,11.6
2025-10-08T01:00,24.3,20,0.0,903.7,10.0
2025-10-08T02:00,23.4,21,0.0,903.6,9.4
2025-10-08T03:00,22.7,22,0.0,903.4,11.6
2025-10-08T04:00,22.5,22,0.0,903.5,12.0
2025-10-08T05:00,22.3,22,0.0,903.8,13.0
2025-10-08T06:00,22.0,22,0.0,903.9,12.3
2025-10-08T07:00,22.4,22,0.0,904.3,13.1
2025-10-08T08:00,25.0,19,0.0,905.4,12.6
2025-10-08T09:00,28.3,15,0.0,906.8,11.0
2025-10-08T10:00,31.0,13,0.0,906.9,7.9
2025-10-08T11:00,32.6,12,0.0,907.2,2.1
2025-10-08T12:00,33.7,11,0.0,906.7,2.7
2025-10-08T13:00,34.5,10,0.0,905.9,4.0
2025-10-08T14:00,35.0,10,0.0,905.3,6.0
2025-10-08T15:00,34.5,10,0.0,905.4,15.2
2025-10-08T16:00,33.4,11,0.0,905.4,19.5
2025-10-08T17:00,32.4,12,0.0,905.3,17.8
2025-10-08T18:00,31.2,13,0.0,905.2,11.6
2025-10-08T19:00,29.9,14,0.0,905.2,10.1
2025-10-08T20:00,28.5,16,0.0,905.7,8.1
2025-10-08T21:00,27.4,18,0.0,905.9,7.5
2025-10-08T22:00,26.6,18,0.0,905.8,8.1
2025-10-08T23:00,25.2,20,0.0,905.5,4.4
2025-10-09T00:00,24.3,23,0.0,905.4,3.0
2025-10-09T01:00,23.6,23,0.0,905.1,4.2
2025-10-09T02:00,23.5,22,0.0,905.6,9.7
2025-10-09T03:00,23.1,22,0.0,905.6,9.0
2025-10-09T04:00,22.5,24,0.0,905.7,10.3
2025-10-09T05:00,21.6,28,0.0,905.9,7.4
2025-10-09T06:00,20.6,30,0.0,906.1,6.6
2025-10-09T07:00,20.8,31,0.0,906.5,9.0
2025-10-09T08:00,22.8,28,0.0,907.5,7.3
2025-10-09T09:00,25.4,24,0.0,908.7,8.0
2025-10-09T10:00,27.5,20,0.0,909.0,10.6
2025-10-09T11:00,29.2,18,0.0,909.2,10.9
2025-10-09T12:00,30.8,16,0.0,909.0,10.0
2025-10-09T13:00,32.2,14,0.0,908.7,8.7
2025-10-09T14:00,33.0,13,0.0,908.3,7.3
2025-10-09T15:00,32.8,13,0.0,907.9,5.8
2025-10-09T16:00,33.0,12,0.0,907.4,9.5
2025-10-09T17:00,32.5,12,0.0,906.8,15.9
2025-10-09T18:00,30.0,16,0.0,906.5,21.6
2025-10-09T19:00,28.6,17,0.0,907.1,13.0
2025-10-09T20:00,27.4,19,0.0,907.5,13.5
2025-10-09T21:00,26.4,20,0.0,907.6,11.7
2025-10-09T22:00,25.5,22,0.0,907.4,10.8
2025-10-09T23:00,24.5,23,0.0,907.3,7.4
2025-10-10T00:00,23.7,25,0.0,907.3,7.1
2025-10-10T01:00,22.9,26,0.0,907.2,7.9
2025-10-10T02:00,22.0,28,0.0,906.9,9.9
2025-10-10T03:00,21.6,30,0.0,907.0,9.1
2025-10-10T04:00,21.2,32,0.0,907.0,7.1
2025-10-10T05:00,20.5,34,0.0,906.9,5.9
2025-10-10T06:00,19.5,37,0.0,907.0,4.6
2025-10-10T07:00,20.2,35,0.0,907.5,4.9
2025-10-10T08:00,22.5,31,0.0,908.7,6.4
2025-10-10T09:00,25.1,27,0.0,909.7,11.1
2025-10-10T10:00,27.4,24,0.0,910.1,17.0
2025-10-10T11:00,29.1,21,0.0,909.9,19.1
2025-10-10T12:00,30.8,18,0.0,909.3,16.4
2025-10-10T13:00,32.0,16,0.0,908.9,14.3
2025-10-10T14:00,33.2,12,0.0,908.2,9.7
2025-10-10T15:00,33.2,12,0.0,907.6,7.2
2025-10-10T16:00,33.1,11,0.0,907.2,8.7
2025-10-10T17:00,32.2,12,0.0,906.8,10.9
2025-10-10T18:00,30.8,13,0.0,905.9,7.7
2025-10-10T19:00,29.4,14,0.0,905.6,6.3
2025-10-10T20:00,27.6,16,0.0,905.7,11.4
2025-10-10T21:00,26.1,23,0.0,906.3,19.2
2025-10-10T22:00,25.5,24,0.0,906.1,15.9
2025-10-10T23:00,24.4,25,0.0,906.0,9.1
2025-10-11T00:00,22.8,29,0.0,905.5,4.1
2025-10-11T01:00,22.0,31,0.0,905.1,3.2
2025-10-11T02:00,21.1,33,0.0,904.7,2.4
2025-10-11T03:00,20.5,33,0.0,904.7,4.6
2025-10-11T04:00,20.0,34,0.0,904.8,5.2
2025-10-11T05:00,19.3,35,0.0,904.8,5.4
2025-10-11T06:00,18.7,36,0.0,904.9,5.5
2025-10-11T07:00,19.6,34,0.0,905.7,6.2
2025-10-11T08:00,21.9,29,0.0,906.9,6.4
2025-10-11T09:00,24.9,24,0.0,908.3,11.7
2025-10-11T10:00,27.2,20,0.0,908.4,15.0
2025-10-11T11:00,29.0,18,0.0,908.2,15.8
2025-10-11T12:00,31.0,16,0.0,907.6,16.1
2025-10-11T13:00,33.0,11,0.0,907.0,18.3
2025-10-11T14:00,33.3,9,0.0,906.2,18.8
2025-10-11T15:00,33.3,9,0.0,905.8,15.7
2025-10-11T16:00,33.1,9,0.0,905.3,13.8
2025-10-11T17:00,32.3,9,0.0,905.0,15.4
2025-10-11T18:00,30.6,10,0.0,904.4,16.3
2025-10-11T19:00,29.5,11,0.0,904.2,14.2
2025-10-11T20:00,28.2,12,0.0,904.2,9.4
2025-10-11T21:00,26.6,13,0.0,903.9,9.5
2025-10-11T22:00,26.4,14,0.0,903.9,10.0
2025-10-11T23:00,23.5,18,0.0,903.7,4.4
2025-10-12T00:00,23.8,21,0.0,904.3,11.2
2025-10-12T01:00,23.0,25,0.0,903.9,10.8
2025-10-12T02:00,22.2,26,0.0,903.5,11.8
2025-10-12T03:00,22.0,25,0.0,903.3,14.8
2025-10-12T04:00,21.6,26,0.0,903.2,15.6
2025-10-12T05:00,21.2,26,0.0,903.1,15.9
2025-10-12T06:00,20.8,27,0.0,903.3,17.1
2025-10-12T07:00,21.0,26,0.0,903.8,18.0
2025-10-12T08:00,23.4,22,0.0,904.7,16.2
2025-10-12T09:00,27.0,16,0.0,905.9,16.5
2025-10-12T10:00,30.2,12,0.0,906.3,23.5
2025-10-12T11:00,32.0,10,0.0,906.4,25.9
2025-10-12T12:00,32.8,9,0.0,905.8,25.0
2025-10-12T13:00,33.2,8,0.0,905.4,21.6
2025-10-12T14:00,33.4,8,0.0,904.8,18.7
2025-10-12T15:00,33.2,8,0.0,904.5,16.0
2025-10-12T16:00,32.8,9,0.0,904.3,15.2
2025-10-12T17:00,32.0,9,0.0,904.1,12.3
2025-10-12T18:00,30.0,10,0.0,903.6,8.5
2025-10-12T19:00,28.8,11,0.0,903.4,9.2
2025-10-12T20:00,27.9,12,0.0,903.2,10.1
2025-10-12T21:00,27.0,13,0.0,903.5,8.2
2025-10-12T22:00,26.0,14,0.0,903.3,10.2
2025-10-12T23:00,25.6,15,0.0,903.1,10.0
2025-10-13T00:00,25.8,15,0.0,903.4,10.0
2025-10-13T01:00,25.1,15,0.0,903.0,12.8
2025-10-13T02:00,24.7,15,0.0,902.6,14.1
2025-10-13T03:00,23.8,17,0.0,902.1,7.9
2025-10-13T04:00,22.9,18,0.0,902.2,9.7
2025-10-13T05:00,22.5,18,0.0,902.6,11.4
2025-10-13T06:00,22.5,18,0.0,903.2,10.7
2025-10-13T07:00,22.5,19,0.0,904.1,12.4
2025-10-13T08:00,24.2,19,0.0,905.6,15.8
2025-10-13T09:00,24.3,24,0.0,906.7,17.9
2025-10-13T10:00,25.5,25,0.0,907.0,18.2
2025-10-13T11:00,27.2,23,0.0,907.2,16.8
2025-10-13T12:00,28.7,21,0.0,907.1,14.2
2025-10-13T13:00,30.0,19,0.0,907.1,12.4
2025-10-13T14:00,30.8,17,0.0,906.8,10.8
2025-10-13T15:00,30.9,16,0.0,906.6,11.8
2025-10-13T16:00,30.5,16,0.0,906.4,13.1
2025-10-13T17:00,29.7,17,0.0,906.7,10.5
2025-10-13T18:00,28.2,20,0.0,906.5,14.7
2025-10-13T19:00,26.8,24,0.0,906.6,17.4
2025-10-13T20:00,25.5,27,0.0,906.9,16.3
2025-10-13T21:00,24.1,31,0.0,907.5,14.1
2025-10-13T22:00,23.0,33,0.0,907.3,10.3
2025-10-13T23:00,21.9,35,0.0,907.0,8.1
2025-10-14T00:00,21.1,37,0.0,906.7,10.1
2025-10-14T01:00,19.9,42,0.0,906.4,3.5
2025-10-14T02:00,19.5,42,0.0,906.3,4.6
2025-10-14T03:00,19.5,41,0.0,906.2,5.2
2025-10-14T04:00,18.9,43,0.0,906.4,5.2
2025-10-14T05:00,18.0,46,0.0,906.4,5.3
2025-10-14T06:00,17.6,47,0.0,906.8,6.0
2025-10-14T07:00,17.9,47,0.0,907.0,4.1
2025-10-14T08:00,20.2,40,0.0,908.3,3.1
2025-10-14T09:00,22.8,34,0.0,909.6,8.3
2025-10-14T10:00,25.0,28,0.0,909.5,11.4
2025-10-14T11:00,27.2,24,0.0,909.6,12.5
2025-10-14T12:00,29.1,20,0.0,909.1,13.8
2025-10-14T13:00,30.5,17,0.0,908.6,14.5
2025-10-14T14:00,31.1,15,0.0,908.0,13.5
2025-10-14T15:00,31.2,15,0.0,907.7,11.5
2025-10-14T16:00,30.9,15,0.0,907.4,10.2
2025-10-14T17:00,30.1,16,0.0,907.1,10.1
2025-10-14T18:00,28.6,18,0.0,906.6,14.7
2025-10-14T19:00,27.2,20,0.0,906.5,18.3
2025-10-14T20:00,25.9,23,0.0,906.6,17.8
2025-10-14T21:00,25.0,24,0.0,907.0,15.3
2025-10-14T22:00,24.1,26,0.0,906.6,15.5
2025-10-14T23:00,23.1,27,0.0,906.0,14.4
2025-10-15T00:00,22.4,29,0.0,906.0,11.0
2025-10-15T01:00,21.6,30,0.0,905.8,8.5
2025-10-15T02:00,20.9,31,0.0,905.2,6.6
2025-10-15T03:00,20.5,31,0.0,905.0,6.0
2025-10-15T04:00,20.4,31,0.0,904.9,5.0
2025-10-15T05:00,20.1,33,0.0,904.9,3.6
2025-10-15T06:00,20.4,32,0.0,905.4,3.9
2025-10-15T07:00,20.9,31,0.0,906.0,8.7
2025-10-15T08:00,22.2,28,0.0,907.0,10.1
2025-10-15T09:00,24.5,24,0.0,907.9,11.9
2025-10-15T10:00,26.0,21,0.0,908.2,14.3
2025-10-15T11:00,28.0,19,0.0,908.2,15.8
2025-10-15T12:00,30.1,15,0.0,907.5,15.7
2025-10-15T13:00,32.0,13,0.0,907.2,13.4
2025-10-15T14:00,32.3,12,0.0,906.5,9.7
2025-10-15T15:00,32.0,12,0.0,906.2,7.8
2025-10-15T16:00,31.8,12,0.0,905.8,8.6
2025-10-15T17:00,31.1,13,0.0,905.6,12.2
2025-10-15T18:00,30.2,13,0.0,905.4,12.4
2025-10-15T19:00,29.4,14,0.0,905.2,8.9
2025-10-15T20:00,28.0,16,0.0,905.9,16.4
2025-10-15T21:00,27.4,17,0.0,906.3,19.8
2025-10-15T22:00,25.8,18,0.0,906.1,15.7
2025-10-15T23:00,24.6,19,0.0,905.9,16.6
2025-10-16T00:00,23.8,20,0.0,905.4,13.7
2025-10-16T01:00,23.0,21,0.0,904.9,9.9
2025-10-16T02:00,22.1,22,0.0,904.6,9.3
2025-10-16T03:00,22.0,22,0.0,904.6,11.9
2025-10-16T04:00,21.1,23,0.0,904.4,13.9
2025-10-16T05:00,20.5,24,0.0,904.4,13.9
2025-10-16T06:00,20.0,24,0.0,904.8,14.6
2025-10-16T07:00,20.2,24,0.0,905.4,16.2
2025-10-16T08:00,22.5,21,0.0,906.3,16.5
2025-10-16T09:00,25.8,18,0.0,907.8,16.5
2025-10-16T10:00,28.4,16,0.0,908.3,20.0
2025-10-16T11:00,30.1,14,0.0,908.4,21.5
2025-10-16T12:00,31.1,13,0.0,907.9,18.6
2025-10-16T13:00,31.8,12,0.0,907.9,14.8
2025-10-16T14:00,32.0,12,0.0,907.3,10.6
2025-10-16T15:00,32.2,12,0.0,907.0,7.8
2025-10-16T16:00,31.9,12,0.0,906.7,12.1
2025-10-16T17:00,31.0,12,0.0,906.6,16.0
2025-10-16T18:00,29.3,14,0.0,906.4,18.1
2025-10-16T19:00,28.4,15,0.0,906.8,7.0
2025-10-16T20:00,28.1,15,0.0,907.5,20.2
2025-10-16T21:00,26.7,17,0.0,907.4,13.6
2025-10-16T22:00,25.6,18,0.0,907.4,11.0
2025-10-16T23:00,24.8,19,0.0,907.3,13.5
2025-10-17T00:00,23.9,20,0.0,907.1,12.2
2025-10-17T01:00,23.1,21,0.0,907.0,11.4
2025-10-17T02:00,22.1,22,0.0,906.5,12.4
2025-10-17T03:00,21.9,23,0.0,906.8,12.8
2025-10-17T04:00,21.0,24,0.0,906.7,13.6
2025-10-17T05:00,20.6,25,0.0,906.5,15.3
2025-10-17T06:00,20.3,26,0.0,906.8,16.7
2025-10-17T07:00,20.5,25,0.0,907.3,16.3
2025-10-17T08:00,22.9,22,0.0,908.7,15.3
2025-10-17T09:00,26.3,18,0.0,910.3,12.9
2025-10-17T10:00,28.8,16,0.0,910.7,15.5
2025-10-17T11:00,30.2,15,0.0,910.9,14.1
2025-10-17T12:00,31.1,13,0.0,910.4,11.7
2025-10-17T13:00,31.6,13,0.0,909.7,9.0
2025-10-17T14:00,32.2,12,0.0,909.3,7.8
2025-10-17T15:00,32.5,11,0.0,909.1,12.9
2025-10-17T16:00,31.6,12,0.0,909.0,18.8
2025-10-17T17:00,30.0,14,0.0,909.0,19.3
2025-10-17T18:00,28.9,15,0.0,909.0,16.6
2025-10-17T19:00,27.8,16,0.0,909.1,14.3
2025-10-17T20:00,26.7,17,0.0,909.6,14.0
2025-10-17T21:00,25.5,18,0.0,909.8,8.9
2025-10-17T22:00,24.5,20,0.0,909.8,8.6
2025-10-17T23:00,23.6,21,0.0,909.4,7.0
2025-10-18T00:00,23.1,22,0.0,909.3,7.2
2025-10-18T01:00,22.5,23,0.0,908.8,7.0
2025-10-18T02:00,21.8,24,0.0,908.1,9.5
2025-10-18T03:00,21.6,23,0.0,908.2,8.2
2025-10-18T04:00,20.7,25,0.0,907.7,11.0
2025-10-18T05:00,20.3,25,0.0,907.9,12.4
2025-10-18T06:00,19.8,26,0.0,908.0,12.8
2025-10-18T07:00,20.0,26,0.0,908.5,13.6
2025-10-18T08:00,22.5,22,0.0,909.8,13.6
2025-10-18T09:00,26.4,18,0.0,911.4,11.9
2025-10-18T10:00,28.8,15,0.0,911.9,15.8
2025-10-18T11:00,30.0,13,0.0,911.6,12.9
2025-10-18T12:00,30.9,12,0.0,911.0,11.7
2025-10-18T13:00,31.4,11,0.0,910.1,11.1
2025-10-18T14:00,31.5,10,0.0,909.3,10.5
2025-10-18T15:00,31.5,10,0.0,909.0,11.4
2025-10-18T16:00,30.9,10,0.0,908.7,11.9
2025-10-18T17:00,29.9,11,0.0,908.5,11.5
2025-10-18T18:00,28.1,12,0.0,907.7,6.0
2025-10-18T19:00,26.6,16,0.0,907.6,0.7
2025-10-18T20:00,25.9,16,0.0,907.8,0.9
2025-10-18T21:00,24.9,15,0.0,907.8,7.9
2025-10-18T22:00,23.0,16,0.0,907.5,5.4
2025-10-18T23:00,22.7,16,0.0,907.4,6.0
2025-10-19T00:00,22.1,17,0.0,907.2,7.5
2025-10-19T01:00,21.5,18,0.0,906.9,12.0
2025-10-19T02:00,21.2,19,0.0,906.4,12.0
2025-10-19T03:00,21.1,19,0.0,906.3,9.6
2025-10-19T04:00,20.6,20,0.0,906.1,12.5
2025-10-19T05:00,20.1,20,0.0,906.0,13.8
2025-10-19T06:00,20.0,20,0.0,906.2,14.4
2025-10-19T07:00,20.4,19,0.0,906.9,14.7
2025-10-19T08:00,23.0,16,0.0,908.1,14.7
2025-10-19T09:00,26.5,13,0.0,909.9,11.6
2025-10-19T10:00,28.9,12,0.0,910.6,16.0
2025-10-19T11:00,30.0,11,0.0,910.4,12.8
2025-10-19T12:00,30.5,11,0.0,909.5,7.1
2025-10-19T13:00,30.8,10,0.0,908.8,4.1
2025-10-19T14:00,30.9,10,0.0,908.1,2.7
2025-10-19T15:00,30.6,10,0.0,907.4,3.5
2025-10-19T16:00,30.9,10,0.0,907.2,5.0
2025-10-19T17:00,30.1,10,0.0,906.6,7.1
2025-10-19T18:00,28.5,11,0.0,906.3,14.4
2025-10-19T19:00,27.2,13,0.0,906.5,13.6
2025-10-19T20:00,25.6,15,0.0,906.4,5.5
2025-10-19T21:00,24.2,17,0.0,906.3,4.6
2025-10-19T22:00,24.3,17,0.0,906.6,7.3
2025-10-19T23:00,23.5,18,0.0,906.2,6.3
2025-10-20T00:00,22.1,20,0.0,905.6,5.3
2025-10-20T01:00,21.6,22,0.0,905.4,5.6
2025-10-20T02:00,21.5,23,0.0,905.2,8.0
2025-10-20T03:00,20.8,26,0.0,905.0,7.3
2025-10-20T04:00,20.1,28,0.0,904.7,6.0
2025-10-20T05:00,19.0,31,0.0,904.5,5.0
2025-10-20T06:00,18.9,32,0.0,904.9,3.1
2025-10-20T07:00,19.0,32,0.0,905.5,3.3
2025-10-20T08:00,21.5,27,0.0,906.6,3.9
2025-10-20T09:00,24.3,23,0.0,908.1,3.3
2025-10-20T10:00,26.7,20,0.0,908.7,5.4
2025-10-20T11:00,28.4,17,0.0,908.9,7.4
2025-10-20T12:00,29.5,15,0.0,908.5,5.9
2025-10-20T13:00,30.3,12,0.0,907.8,4.5
2025-10-20T14:00,30.6,11,0.0,907.1,8.0
2025-10-20T15:00,30.6,11,0.0,906.6,10.2
2025-10-20T16:00,30.5,10,0.0,906.5,8.9
2025-10-20T17:00,29.5,10,0.0,906.1,6.1
2025-10-20T18:00,27.6,14,0.0,905.9,13.3
2025-10-20T19:00,26.2,15,0.0,906.4,13.6
2025-10-20T20:00,25.0,17,0.0,906.4,13.9
2025-10-20T21:00,24.0,19,0.0,906.7,12.7
2025-10-20T22:00,23.3,20,0.0,906.9,8.9
2025-10-20T23:00,22.5,21,0.0,906.5,7.2
2025-10-21T00:00,21.1,23,0.0,906.1,4.7
2025-10-21T01:00,20.2,25,0.0,905.8,4.2
2025-10-21T02:00,19.6,27,0.0,905.3,1.8
2025-10-21T03:00,19.0,28,0.0,905.0,0.2
2025-10-21T04:00,19.0,27,0.0,905.0,0.2
2025-10-21T05:00,18.8,27,0.0,905.0,0.5
2025-10-21T06:00,18.4,27,0.0,905.4,1.6
2025-10-21T07:00,18.5,26,0.0,905.7,3.2
2025-10-21T08:00,21.0,22,0.0,907.1,6.9
2025-10-21T09:00,24.5,18,0.0,908.6,5.8
2025-10-21T10:00,27.5,15,0.0,909.3,10.1
2025-10-21T11:00,29.1,13,0.0,909.2,15.9
2025-10-21T12:00,30.2,12,0.0,908.7,13.8
2025-10-21T13:00,31.0,10,0.0,908.1,10.1
2025-10-21T14:00,31.0,10,0.0,907.5,9.5
2025-10-21T15:00,30.7,10,0.0,907.2,9.5
2025-10-21T16:00,30.2,10,0.0,907.0,9.1
2025-10-21T17:00,29.2,11,0.0,906.8,7.7
2025-10-21T18:00,26.8,13,0.0,906.1,4.5
2025-10-21T19:00,26.4,13,0.0,906.4,5.6
2025-10-21T20:00,25.6,14,0.0,906.5,8.0
2025-10-21T21:00,24.9,14,0.0,906.6,10.9
2025-10-21T22:00,24.1,15,0.0,906.5,8.5
2025-10-21T23:00,22.4,18,0.0,906.3,0.5
2025-10-22T00:00,21.1,19,0.0,906.5,11.6
2025-10-22T01:00,19.2,23,0.0,905.8,5.4
2025-10-22T02:00,19.5,22,0.0,905.6,8.8
2025-10-22T03:00,19.1,22,0.0,905.4,6.8
2025-10-22T04:00,18.9,22,0.0,905.6,9.0
2025-10-22T05:00,18.9,21,0.0,905.9,11.1
2025-10-22T06:00,18.5,21,0.0,906.3,13.2
2025-10-22T07:00,18.4,21,0.0,906.7,15.8
2025-10-22T08:00,20.9,18,0.0,908.0,16.9
2025-10-22T09:00,24.8,15,0.0,909.7,15.5
2025-10-22T10:00,28.1,12,0.0,910.3,18.4
2025-10-22T11:00,29.9,11,0.0,910.3,24.2
2025-10-22T12:00,30.8,10,0.0,910.1,21.5
2025-10-22T13:00,31.2,10,0.0,909.6,17.1
2025-10-22T14:00,31.4,10,0.0,909.3,13.5
2025-10-22T15:00,31.1,10,0.0,909.0,9.9
2025-10-22T16:00,30.6,10,0.0,908.9,8.4
2025-10-22T17:00,29.6,11,0.0,908.7,5.7
2025-10-22T18:00,27.0,14,0.0,908.1,4.1
2025-10-22T19:00,26.5,15,0.0,908.1,2.2
2025-10-22T20:00,25.9,14,0.0,908.4,9.4
2025-10-22T21:00,24.6,16,0.0,908.3,10.8
2025-10-22T22:00,23.6,16,0.0,908.1,12.1
2025-10-22T23:00,22.8,17,0.0,907.8,12.6
2025-10-23T00:00,21.9,18,0.0,907.4,13.1
2025-10-23T01:00,21.5,18,0.0,907.4,12.5
2025-10-23T02:00,20.9,18,0.0,907.2,11.5
2025-10-23T03:00,20.5,18,0.0,907.0,14.9
2025-10-23T04:00,20.1,19,0.0,907.1,16.7
2025-10-23T05:00,19.6,20,0.0,907.2,16.7
2025-10-23T06:00,19.4,20,0.0,907.4,16.3
2025-10-23T07:00,19.4,20,0.0,907.9,15.2
2025-10-23T08:00,21.4,18,0.0,908.9,14.0
2025-10-23T09:00,25.0,14,0.0,910.2,12.3
2025-10-23T10:00,28.2,12,0.0,911.0,15.5
2025-10-23T11:00,30.1,10,0.0,910.6,18.2
2025-10-23T12:00,31.0,10,0.0,910.1,11.7
2025-10-23T13:00,31.4,9,0.0,909.6,8.2
2025-10-23T14:00,31.4,9,0.0,909.1,7.4
2025-10-23T15:00,31.0,9,0.0,908.7,6.9
2025-10-23T16:00,30.5,9,0.0,908.3,6.8
2025-10-23T17:00,29.5,10,0.0,908.1,6.1
2025-10-23T18:00,27.6,11,0.0,907.5,6.7
2025-10-23T19:00,26.9,12,0.0,907.4,7.5
2025-10-23T20:00,25.6,13,0.0,907.4,10.7
2025-10-23T21:00,24.5,14,0.0,907.7,12.9
2025-10-23T22:00,23.4,15,0.0,907.5,12.4
2025-10-23T23:00,22.5,16,0.0,907.2,10.7
2025-10-24T00:00,22.2,16,0.0,906.7,10.3
2025-10-24T01:00,22.0,17,0.0,906.7,11.3
2025-10-24T02:00,21.1,18,0.0,906.3,12.7
2025-10-24T03:00,20.6,18,0.0,905.8,14.8
2025-10-24T04:00,20.2,19,0.0,906.0,14.0
2025-10-24T05:00,19.6,19,0.0,906.3,11.6
2025-10-24T06:00,19.0,20,0.0,906.5,12.1
2025-10-24T07:00,19.0,21,0.0,906.9,13.4
2025-10-24T08:00,21.5,18,0.0,908.1,13.6
2025-10-24T09:00,25.5,15,0.0,909.8,12.9
2025-10-24T10:00,28.5,13,0.0,910.2,19.9
2025-10-24T11:00,29.7,11,0.0,910.1,22.0
2025-10-24T12:00,30.4,10,0.0,909.7,17.8
2025-10-24T13:00,30.6,10,0.0,909.1,15.1
2025-10-24T14:00,30.7,10,0.0,908.6,13.0
2025-10-24T15:00,30.5,10,0.0,908.1,11.9
2025-10-24T16:00,30.0,10,0.0,907.7,10.9
2025-10-24T17:00,29.0,11,0.0,907.3,9.0
2025-10-24T18:00,27.2,12,0.0,906.9,8.3
2025-10-24T19:00,26.7,12,0.0,906.8,9.3
2025-10-24T20:00,25.2,14,0.0,906.6,7.2
2025-10-24T21:00,23.4,15,0.0,906.4,5.8
2025-10-24T22:00,22.7,16,0.0,906.3,5.4
2025-10-24T23:00,21.9,17,0.0,905.9,4.6
2025-10-25T00:00,21.0,18,0.0,905.5,4.6
2025-10-25T01:00,20.5,18,0.0,905.3,11.7
2025-10-25T02:00,20.3,19,0.0,904.8,11.5
2025-10-25T03:00,19.7,19,0.0,904.8,9.0
2025-10-25T04:00,19.5,20,0.0,904.4,12.9
2025-10-25T05:00,19.2,20,0.0,904.1,15.3
2025-10-25T06:00,19.1,20,0.0,904.3,16.3
2025-10-25T07:00,19.5,20,0.0,904.8,17.2
2025-10-25T08:00,21.9,17,0.0,906.2,16.2
2025-10-25T09:00,25.3,14,0.0,907.8,12.8
2025-10-25T10:00,28.4,12,0.0,908.5,17.4
2025-10-25T11:00,29.9,11,0.0,908.4,20.3
2025-10-25T12:00,30.6,10,0.0,908.0,16.9
2025-10-25T13:00,31.0,10,0.0,907.6,14.8
2025-10-25T14:00,31.2,9,0.0,907.0,14.4
2025-10-25T15:00,31.3,9,0.0,906.5,13.1
2025-10-25T16:00,31.0,9,0.0,906.0,8.1
2025-10-25T17:00,29.5,10,0.0,906.0,5.5
2025-10-25T18:00,27.2,12,0.0,905.8,7.3
2025-10-25T19:00,26.1,13,0.0,906.0,7.8
2025-10-25T20:00,24.9,14,0.0,905.8,6.3
2025-10-25T21:00,23.5,17,0.0,905.6,5.7
2025-10-25T22:00,22.9,18,0.0,905.8,3.2
2025-10-25T23:00,22.1,19,0.0,905.7,2.4
2025-10-26T00:00,21.4,19,0.0,905.5,4.6
2025-10-26T01:00,21.1,19,0.0,905.1,4.1
2025-10-26T02:00,20.8,20,0.0,904.8,2.8
2025-10-26T03:00,19.5,22,0.0,904.4,2.3
2025-10-26T04:00,18.5,23,0.0,903.7,2.1
2025-10-26T05:00,18.4,23,0.0,903.8,3.2
2025-10-26T06:00,18.3,22,0.0,904.0,5.6
2025-10-26T07:00,18.4,22,0.0,904.6,8.7
2025-10-26T08:00,21.2,18,0.0,906.1,9.3
2025-10-26T09:00,24.9,14,0.0,907.7,6.1
2025-10-26T10:00,27.4,12,0.0,908.6,6.2
2025-10-26T11:00,29.2,10,0.0,908.5,10.1
2025-10-26T12:00,30.4,10,0.0,908.1,10.1
2025-10-26T13:00,31.1,9,0.0,907.4,9.8
2025-10-26T14:00,31.5,9,0.0,906.5,9.6
2025-10-26T15:00,31.5,9,0.0,906.7,11.6
2025-10-26T16:00,31.0,9,0.0,906.5,5.2
2025-10-26T17:00,29.4,10,0.0,906.5,6.9
2025-10-26T18:00,27.4,12,0.0,906.2,11.0
2025-10-26T19:00,26.5,12,0.0,906.4,9.8
2025-10-26T20:00,25.1,14,0.0,906.7,11.0
2025-10-26T21:00,23.8,15,0.0,906.6,7.7
2025-10-26T22:00,23.4,16,0.0,906.1,8.6
2025-10-26T23:00,21.1,20,0.0,905.5,4.1
2025-10-27T00:00,20.5,20,0.0,905.4,2.5
2025-10-27T01:00,20.2,21,0.0,905.3,2.4
2025-10-27T02:00,20.1,20,0.0,905.5,5.5
2025-10-27T03:00,18.6,22,0.0,904.8,4.5
2025-10-27T04:00,18.8,22,0.0,904.8,5.2
2025-10-27T05:00,18.0,23,0.0,904.6,4.6
2025-10-27T06:00,17.8,24,0.0,905.0,4.6
2025-10-27T07:00,18.5,22,0.0,905.8,7.8
2025-10-27T08:00,20.4,20,0.0,907.0,10.7
2025-10-27T09:00,23.9,15,0.0,908.8,8.9
2025-10-27T10:00,26.7,12,0.0,909.6,11.8
2025-10-27T11:00,29.1,10,0.0,909.7,16.0
2025-10-27T12:00,30.2,9,0.0,909.3,12.7
2025-10-27T13:00,30.6,9,0.0,908.7,10.8
2025-10-27T14:00,30.7,8,0.0,908.3,9.4
2025-10-27T15:00,30.5,9,0.0,908.0,8.6
2025-10-27T16:00,30.0,9,0.0,907.6,8.5
2025-10-27T17:00,29.0,9,0.0,907.5,7.8
2025-10-27T18:00,27.1,11,0.0,907.2,8.9
2025-10-27T19:00,25.6,12,0.0,907.1,10.3
2025-10-27T20:00,24.5,13,0.0,906.9,11.0
2025-10-27T21:00,23.6,14,0.0,906.9,11.6
2025-10-27T22:00,22.9,14,0.0,906.7,12.9
2025-10-27T23:00,22.0,15,0.0,906.4,11.5
2025-10-28T00:00,21.2,16,0.0,906.0,10.9
2025-10-28T01:00,20.4,17,0.0,905.6,8.3
2025-10-28T02:00,19.6,17,0.0,905.3,9.3
2025-10-28T03:00,18.9,18,0.0,905.0,8.4
2025-10-28T04:00,18.2,19,0.0,905.0,10.3
2025-10-28T05:00,18.1,19,0.0,905.3,11.1
2025-10-28T06:00,17.9,19,0.0,905.6,11.2
2025-10-28T07:00,17.9,19,0.0,906.1,14.8
2025-10-28T08:00,20.1,17,0.0,907.2,15.0
2025-10-28T09:00,24.0,14,0.0,909.0,12.1
2025-10-28T10:00,27.1,12,0.0,909.7,14.3
2025-10-28T11:00,29.1,10,0.0,909.5,18.6
2025-10-28T12:00,30.0,8,0.0,908.8,13.6
2025-10-28T13:00,30.4,8,0.0,908.2,13.0
2025-10-28T14:00,30.3,8,0.0,907.7,11.9
2025-10-28T15:00,30.2,8,0.0,907.4,8.5
2025-10-28T16:00,29.7,9,0.0,906.8,7.6
2025-10-28T17:00,28.6,10,0.0,906.7,5.1
2025-10-28T18:00,26.2,12,0.0,906.1,4.9
2025-10-28T19:00,26.2,12,0.0,906.5,9.9
2025-10-28T20:00,25.2,12,0.0,906.5,11.7
2025-10-28T21:00,24.4,13,0.0,906.5,11.1
2025-10-28T22:00,23.5,14,0.0,906.0,10.4
2025-10-28T23:00,22.0,15,0.0,905.5,7.4
2025-10-29T00:00,21.1,16,0.0,905.1,8.2
2025-10-29T01:00,20.8,17,0.0,905.1,9.6
2025-10-29T02:00,19.6,18,0.0,904.7,7.6
2025-10-29T03:00,19.5,17,0.0,904.8,10.7
2025-10-29T04:00,18.9,18,0.0,904.7,13.9
2025-10-29T05:00,18.1,19,0.0,904.6,13.9
2025-10-29T06:00,17.6,19,0.0,904.8,14.3
2025-10-29T07:00,17.7,19,0.0,905.4,16.7
2025-10-29T08:00,20.1,17,0.0,906.6,16.6
2025-10-29T09:00,23.8,14,0.0,908.2,14.4
2025-10-29T10:00,26.8,12,0.0,908.8,17.8
2025-10-29T11:00,28.9,11,0.0,908.5,22.0
2025-10-29T12:00,30.0,10,0.0,908.0,22.2
2025-10-29T13:00,30.6,9,0.0,907.2,17.6
2025-10-29T14:00,30.8,9,0.0,906.5,13.1
2025-10-29T15:00,30.8,9,0.0,905.9,12.6
2025-10-29T16:00,30.4,9,0.0,905.6,17.9
2025-10-29T17:00,29.3,10,0.0,905.3,17.1
2025-10-29T18:00,27.8,11,0.0,905.0,11.4
2025-10-29T19:00,25.8,14,0.0,904.9,4.8
2025-10-29T20:00,24.7,14,0.0,904.8,4.2
2025-10-29T21:00,24.9,13,0.0,904.9,6.0
2025-10-29T22:00,22.5,16,0.0,904.5,4.6
2025-10-29T23:00,21.4,17,0.0,904.3,5.9
2025-10-30T00:00,21.3,17,0.0,903.7,1.0
2025-10-30T01:00,20.0,18,0.0,903.5,3.3
2025-10-30T02:00,19.5,20,0.0,903.1,1.3
2025-10-30T03:00,19.9,18,0.0,902.9,8.6
2025-10-30T04:00,19.9,18,0.0,903.0,11.1
2025-10-30T05:00,19.1,19,0.0,902.9,11.1
2025-10-30T06:00,18.4,20,0.0,903.4,15.7
2025-10-30T07:00,18.8,20,0.0,903.8,16.5
2025-10-30T08:00,21.2,17,0.0,905.2,16.1
2025-10-30T09:00,24.7,14,0.0,907.1,13.1
2025-10-30T10:00,27.3,12,0.0,907.8,16.7
2025-10-30T11:00,29.1,10,0.0,907.8,19.4
2025-10-30T12:00,30.3,10,0.0,907.4,16.2
2025-10-30T13:00,30.8,9,0.0,906.7,14.2
2025-10-30T14:00,30.9,10,0.0,906.3,15.8
2025-10-30T15:00,30.7,10,0.0,906.1,15.9
2025-10-30T16:00,30.3,10,0.0,905.9,10.0
2025-10-30T17:00,29.1,11,0.0,905.7,7.4
2025-10-30T18:00,26.6,15,0.0,905.9,19.9
2025-10-30T19:00,24.9,17,0.0,906.1,14.4
2025-10-30T20:00,23.5,19,0.0,906.5,14.5
2025-10-30T21:00,22.6,20,0.0,906.7,14.9
2025-10-30T22:00,21.5,21,0.0,906.7,10.4
2025-10-30T23:00,20.8,22,0.0,906.7,5.8
2025-10-31T00:00,20.3,22,0.0,906.6,10.3
2025-10-31T01:00,19.6,22,0.0,906.2,11.3
2025-10-31T02:00,18.5,24,0.0,906.0,9.3
2025-10-31T03:00,17.4,28,0.0,905.4,4.7
2025-10-31T04:00,17.0,29,0.0,905.1,4.5
2025-10-31T05:00,16.7,30,0.0,905.3,6.0
2025-10-31T06:00,15.7,33,0.0,905.3,3.2
2025-10-31T07:00,16.1,31,0.0,905.9,1.9
2025-10-31T08:00,18.4,25,0.0,907.3,4.4
2025-10-31T09:00,21.1,20,0.0,908.7,1.5
2025-10-31T10:00,24.0,16,0.0,909.6,4.3
2025-10-31T11:00,26.6,13,0.0,909.6,7.6
2025-10-31T12:00,28.6,11,0.0,909.0,9.4
2025-10-31T13:00,30.0,10,0.0,908.2,10.2
2025-10-31T14:00,30.5,10,0.0,907.7,11.2
2025-10-31T15:00,30.3,10,0.0,907.6,11.2
2025-10-31T16:00,29.9,10,0.0,907.2,12.3
2025-10-31T17:00,28.9,11,0.0,906.8,14.3
2025-10-31T18:00,27.8,12,0.0,906.7,17.4
2025-10-31T19:00,26.5,13,0.0,906.8,12.7
2025-10-31T20:00,24.1,15,0.0,906.8,5.2
2025-10-31T21:00,23.0,16,0.0,907.3,9.7
2025-10-31T22:00,22.6,16,0.0,907.2,8.7
2025-10-31T23:00,21.2,18,0.0,907.1,4.7
2025-11-01T00:00,20.9,18,0.0,906.9,4.6
2025-11-01T01:00,20.1,19,0.0,906.7,5.1
2025-11-01T02:00,19.4,20,0.0,906.5,5.1
2025-11-01T03:00,19.5,19,0.0,906.3,11.8
2025-11-01T04:00,18.8,20,0.0,906.5,6.1
2025-11-01T05:00,17.4,24,0.0,906.2,1.1
2025-11-01T06:00,16.6,24,0.0,906.4,4.6
2025-11-01T07:00,17.2,23,0.0,907.3,5.5
2025-11-01T08:00,19.2,20,0.0,908.7,8.8
2025-11-01T09:00,22.3,17,0.0,910.0,5.3
2025-11-01T10:00,24.7,15,0.0,910.7,8.3
2025-11-01T11:00,26.5,13,0.0,910.5,9.9
2025-11-01T12:00,28.0,12,0.0,910.0,10.5
2025-11-01T13:00,29.0,11,0.0,909.4,9.0
2025-11-01T14:00,29.5,11,0.0,908.8,9.6
2025-11-01T15:00,29.1,11,0.0,908.7,6.1
2025-11-01T16:00,28.8,11,0.0,908.4,6.3
2025-11-01T17:00,28.3,12,0.0,908.4,5.1
2025-11-01T18:00,27.0,13,0.0,908.8,7.9
2025-11-01T19:00,25.6,17,0.0,909.3,13.4
2025-11-01T20:00,24.9,18,0.0,909.5,11.1
2025-11-01T21:00,24.2,19,0.0,909.6,10.9
2025-11-01T22:00,23.3,19,0.0,909.5,8.9
2025-11-01T23:00,21.1,21,0.0,908.9,4.3
2025-11-02T00:00,20.0,24,0.0,908.6,3.7
2025-11-02T01:00,19.0,26,0.0,908.2,5.1
2025-11-02T02:00,18.5,27,0.0,907.7,3.2
2025-11-02T03:00,19.2,23,0.0,907.5,9.5
2025-11-02T04:00,18.1,24,0.0,907.1,10.8
2025-11-02T05:00,17.8,24,0.0,907.2,12.1
2025-11-02T06:00,17.2,25,0.0,907.5,11.5
2025-11-02T07:00,16.9,25,0.0,908.0,11.6
2025-11-02T08:00,18.9,23,0.0,909.3,11.8
2025-11-02T09:00,22.2,19,0.0,910.7,11.2
2025-11-02T10:00,25.2,16,0.0,911.6,14.2
2025-11-02T11:00,27.2,14,0.0,911.7,15.1
2025-11-02T12:00,28.5,12,0.0,911.0,8.4
2025-11-02T13:00,29.0,12,0.0,910.4,5.8
2025-11-02T14:00,29.1,12,0.0,909.9,7.7
2025-11-02T15:00,29.4,12,0.0,909.6,14.4
2025-11-02T16:00,28.8,12,0.0,909.4,12.6
2025-11-02T17:00,27.5,13,0.0,909.3,4.9
2025-11-02T18:00,24.9,18,0.0,908.8,2.8
2025-11-02T19:00,24.4,16,0.0,909.3,6.1
2025-11-02T20:00,23.4,18,0.0,909.9,7.9
2025-11-02T21:00,22.3,19,0.0,910.2,8.1
2025-11-02T22:00,21.2,21,0.0,910.0,7.6
2025-11-02T23:00,20.1,23,0.0,909.8,6.2
2025-11-03T00:00,19.1,25,0.0,909.3,6.2
2025-11-03T01:00,18.4,26,0.0,909.0,6.1
2025-11-03T02:00,18.5,25,0.0,908.9,8.6
2025-11-03T03:00,18.2,25,0.0,908.4,9.3
2025-11-03T04:00,17.7,26,0.0,908.2,10.8
2025-11-03T05:00,17.2,27,0.0,908.1,12.1
2025-11-03T06:00,16.8,28,0.0,908.3,11.0
2025-11-03T07:00,16.8,28,0.0,908.9,10.3
2025-11-03T08:00,18.6,25,0.0,910.3,10.7
2025-11-03T09:00,21.6,20,0.0,911.8,9.6
2025-11-03T10:00,24.3,17,0.0,912.6,11.8
2025-11-03T11:00,26.4,15,0.0,912.6,11.3
2025-11-03T12:00,27.6,14,0.0,911.8,8.3
2025-11-03T13:00,28.2,13,0.0,911.4,4.9
2025-11-03T14:00,28.5,13,0.0,910.8,4.7
2025-11-03T15:00,28.2,13,0.0,910.3,6.3
2025-11-03T16:00,27.9,13,0.0,910.3,7.1
2025-11-03T17:00,27.0,14,0.0,910.1,7.4
2025-11-03T18:00,25.5,15,0.0,910.0,8.6
2025-11-03T19:00,24.0,17,0.0,909.9,8.0
2025-11-03T20:00,22.5,18,0.0,910.6,9.8
2025-11-03T21:00,21.0,19,0.0,910.6,5.3
2025-11-03T22:00,20.3,20,0.0,910.5,4.9
2025-11-03T23:00,19.5,22,0.0,910.1,4.1
2025-11-04T00:00,19.1,22,0.0,909.8,5.0
2025-11-04T01:00,18.5,23,0.0,909.4,4.9
2025-11-04T02:00,18.0,23,0.0,908.6,6.9
2025-11-04T03:00,17.4,24,0.0,908.3,7.8
2025-11-04T04:00,16.6,24,0.0,907.8,10.9
2025-11-04T05:00,16.2,25,0.0,907.5,13.0
2025-11-04T06:00,15.9,26,0.0,907.7,12.1
2025-11-04T07:00,15.6,26,0.0,907.9,12.9
2025-11-04T08:00,17.8,22,0.0,909.1,13.9
2025-11-04T09:00,21.2,17,0.0,910.7,11.5
2025-11-04T10:00,24.2,14,0.0,911.7,12.7
2025-11-04T11:00,26.3,13,0.0,911.7,9.7
2025-11-04T12:00,27.3,12,0.0,911.0,3.5
2025-11-04T13:00,27.9,12,0.0,910.5,6.2
2025-11-04T14:00,28.1,11,0.0,910.1,8.0
2025-11-04T15:00,28.0,12,0.0,909.7,11.5
2025-11-04T16:00,27.4,12,0.0,909.6,12.1
2025-11-04T17:00,26.5,13,0.0,909.5,13.1
2025-11-04T18:00,24.7,13,0.0,909.4,14.4
2025-11-04T19:00,23.4,14,0.0,909.4,13.5
2025-11-04T20:00,22.3,16,0.0,909.5,11.6
2025-11-04T21:00,21.5,16,0.0,909.7,8.5
2025-11-04T22:00,19.8,18,0.0,909.2,5.7
2025-11-04T23:00,19.1,20,0.0,908.8,3.7
2025-11-05T00:00,18.5,20,0.0,908.5,3.1
2025-11-05T01:00,17.9,21,0.0,907.9,3.1
2025-11-05T02:00,17.0,22,0.0,907.5,3.4
2025-11-05T03:00,16.4,23,0.0,907.0,3.1
2025-11-05T04:00,15.6,23,0.0,906.8,4.2
2025-11-05T05:00,15.4,23,0.0,906.6,6.7
2025-11-05T06:00,14.4,25,0.0,906.5,7.9
2025-11-05T07:00,14.9,25,0.0,907.1,9.4
2025-11-05T08:00,18.2,20,0.0,908.4,9.9
2025-11-05T09:00,22.1,16,0.0,910.1,5.9
2025-11-05T10:00,24.8,15,0.0,911.0,4.9
2025-11-05T11:00,26.0,15,0.0,910.7,10.2
2025-11-05T12:00,26.9,14,0.0,910.1,15.3
2025-11-05T13:00,27.2,13,0.0,909.6,17.6
2025-11-05T14:00,27.4,13,0.0,909.0,17.7
2025-11-05T15:00,27.0,13,0.0,908.7,18.4
2025-11-05T16:00,26.6,13,0.0,908.8,18.5
2025-11-05T17:00,25.5,14,0.0,908.4,17.9
2025-11-05T18:00,23.9,16,0.0,908.1,15.0
2025-11-05T19:00,22.8,18,0.0,908.4,11.4
2025-11-05T20:00,21.6,19,0.0,908.3,8.8
2025-11-05T21:00,20.5,20,0.0,908.2,6.5
2025-11-05T22:00,19.1,22,0.0,907.8,5.5
2025-11-05T23:00,18.2,24,0.0,907.3,3.6
2025-11-06T00:00,17.5,26,0.0,906.9,1.7
2025-11-06T01:00,16.8,27,0.0,906.6,0.7
2025-11-06T02:00,16.1,28,0.0,906.2,1.1
2025-11-06T03:00,15.6,28,0.0,905.5,2.7
2025-11-06T04:00,14.9,28,0.0,905.5,3.7
2025-11-06T05:00,15.0,28,0.0,905.3,4.5
2025-11-06T06:00,14.6,28,0.0,905.7,5.9
2025-11-06T07:00,14.4,28,0.0,905.9,6.8
2025-11-06T08:00,16.5,24,0.0,907.1,8.8
2025-11-06T09:00,21.0,18,0.0,908.9,5.1
2025-11-06T10:00,23.6,14,0.0,909.7,6.1
2025-11-06T11:00,25.4,15,0.0,909.5,12.8
2025-11-06T12:00,26.1,15,0.0,908.9,15.9
2025-11-06T13:00,26.6,14,0.0,908.4,15.5
2025-11-06T14:00,27.0,13,0.0,907.7,14.3
2025-11-06T15:00,26.6,13,0.0,907.4,16.9
2025-11-06T16:00,26.0,13,0.0,907.2,16.4
2025-11-06T17:00,25.1,13,0.0,907.1,13.9
2025-11-06T18:00,23.7,15,0.0,906.8,12.1
2025-11-06T19:00,22.4,16,0.0,907.1,11.0
2025-11-06T20:00,21.1,18,0.0,907.2,8.8
2025-11-06T21:00,20.0,17,0.0,907.2,6.6
2025-11-06T22:00,18.9,19,0.0,907.1,6.9
2025-11-06T23:00,17.8,20,0.0,906.7,6.5
2025-11-07T00:00,16.9,21,0.0,906.3,6.4
2025-11-07T01:00,16.9,19,0.0,906.3,7.5
2025-11-07T02:00,16.4,18,0.0,905.9,7.7
2025-11-07T03:00,16.0,17,0.0,905.9,6.8
2025-11-07T04:00,14.6,18,0.0,905.4,6.4
2025-11-07T05:00,14.4,18,0.0,905.4,6.0
2025-11-07T06:00,14.2,18,0.0,905.6,5.8
2025-11-07T07:00,14.9,17,0.0,906.4,6.0
2025-11-07T08:00,17.3,15,0.0,907.7,8.1
2025-11-07T09:00,20.7,12,0.0,909.4,7.2
2025-11-07T10:00,23.1,11,0.0,910.3,11.6
2025-11-07T11:00,24.6,12,0.0,910.1,17.1
2025-11-07T12:00,25.5,10,0.0,909.6,17.6
2025-11-07T13:00,26.1,9,0.0,909.2,16.9
2025-11-07T14:00,26.4,9,0.0,908.8,16.2
2025-11-07T15:00,26.4,10,0.0,908.3,16.4
2025-11-07T16:00,25.9,10,0.0,908.0,15.2
2025-11-07T17:00,24.7,11,0.0,907.8,12.6
2025-11-07T18:00,22.9,13,0.0,907.7,10.7
2025-11-07T19:00,21.8,15,0.0,908.1,10.8
2025-11-07T20:00,21.0,17,0.0,908.1,10.8
2025-11-07T21:00,19.9,18,0.0,908.6,9.5
2025-11-07T22:00,18.8,19,0.0,908.4,8.7
2025-11-07T23:00,18.3,19,0.0,908.4,9.2
2025-11-08T00:00,17.8,19,0.0,908.1,8.1
2025-11-08T01:00,16.6,20,0.0,907.7,6.5
2025-11-08T02:00,15.9,21,0.0,907.3,6.0
2025-11-08T03:00,15.4,20,0.0,907.2,5.3
2025-11-08T04:00,14.6,21,0.0,906.9,5.6
2025-11-08T05:00,14.2,21,0.0,906.8,5.5
2025-11-08T06:00,13.7,21,0.0,907.1,5.4
2025-11-08T07:00,14.0,21,0.0,907.8,4.8
2025-11-08T08:00,16.5,18,0.0,909.0,6.9
2025-11-08T09:00,20.0,14,0.0,910.6,5.8
2025-11-08T10:00,22.7,11,0.0,911.7,8.0
2025-11-08T11:00,24.5,10,0.0,911.6,13.1
2025-11-08T12:00,25.6,9,0.0,911.1,12.3
2025-11-08T13:00,26.2,9,0.0,910.5,9.8
2025-11-08T14:00,26.5,8,0.0,910.3,7.6
2025-11-08T15:00,26.5,8,0.0,909.7,7.1
2025-11-08T16:00,26.0,8,0.0,909.6,8.0
2025-11-08T17:00,24.8,9,0.0,909.5,9.6
2025-11-08T18:00,22.9,11,0.0,909.3,11.5
2025-11-08T19:00,21.5,14,0.0,909.3,10.3
2025-11-08T20:00,20.4,16,0.0,909.6,8.8
2025-11-08T21:00,19.4,17,0.0,909.8,7.3
2025-11-08T22:00,18.4,19,0.0,909.7,6.4
2025-11-08T23:00,18.0,21,0.0,909.6,7.2
2025-11-09T00:00,17.0,23,0.0,908.9,6.5
2025-11-09T01:00,16.1,24,0.0,908.5,6.3
2025-11-09T02:00,16.0,23,0.0,908.4,5.7
2025-11-09T03:00,15.6,23,0.0,908.2,4.8
2025-11-09T04:00,14.5,25,0.0,908.1,4.1
2025-11-09T05:00,13.7,26,0.0,907.8,3.1
2025-11-09T06:00,13.4,27,0.0,908.0,2.6
2025-11-09T07:00,13.8,27,0.0,908.6,1.0
2025-11-09T08:00,16.1,23,0.0,909.8,2.6
2025-11-09T09:00,19.1,19,0.0,911.0,2.4
2025-11-09T10:00,22.0,17,0.0,912.1,3.9
2025-11-09T11:00,24.0,17,0.0,912.0,7.9
2025-11-09T12:00,25.1,15,0.0,911.3,8.1
2025-11-09T13:00,25.8,14,0.0,910.7,6.5
2025-11-09T14:00,26.0,13,0.0,910.4,5.7
2025-11-09T15:00,25.9,13,0.0,909.8,7.7
2025-11-09T16:00,25.3,13,0.0,909.6,9.7
2025-11-09T17:00,24.1,14,0.0,909.5,10.8
2025-11-09T18:00,22.5,16,0.0,909.4,11.5
2025-11-09T19:00,21.1,19,0.0,909.5,13.6
2025-11-09T20:00,20.0,20,0.0,909.7,11.6
2025-11-09T21:00,19.1,21,0.0,909.8,8.9
2025-11-09T22:00,17.8,23,0.0,909.3,4.8
2025-11-09T23:00,17.4,25,0.0,909.2,1.3
2025-11-10T00:00,16.7,25,0.0,908.9,0.9
2025-11-10T01:00,16.0,26,0.0,908.6,1.9
2025-11-10T02:00,15.4,27,0.0,908.5,1.5
2025-11-10T03:00,14.7,27,0.0,908.0,2.5
2025-11-10T04:00,13.9,28,0.0,907.8,2.6
2025-11-10T05:00,13.8,29,0.0,907.9,2.4
2025-11-10T06:00,13.6,30,0.0,907.9,0.9
2025-11-10T07:00,13.4,31,0.0,908.0,0.7
2025-11-10T08:00,15.9,27,0.0,909.2,2.3
2025-11-10T09:00,18.9,22,0.0,910.4,1.9
2025-11-10T10:00,21.4,19,0.0,911.2,2.2
2025-11-10T11:00,22.9,17,0.0,911.1,6.6
2025-11-10T12:00,23.8,13,0.0,910.5,9.3
2025-11-10T13:00,24.2,12,0.0,909.9,10.1
2025-11-10T14:00,24.3,12,0.0,909.5,10.4
2025-11-10T15:00,24.2,13,0.0,909.0,10.7
2025-11-10T16:00,23.6,14,0.0,908.9,11.2
2025-11-10T17:00,22.5,15,0.0,908.8,10.6
2025-11-10T18:00,21.0,17,0.0,908.8,9.4
2025-11-10T19:00,19.9,18,0.0,908.6,9.9
2025-11-10T20:00,19.0,20,0.0,908.6,9.1
2025-11-10T21:00,18.1,21,0.0,908.8,7.9
2025-11-10T22:00,17.2,22,0.0,908.4,6.3
2025-11-10T23:00,15.9,25,0.0,908.1,5.3
2025-11-11T00:00,14.9,27,0.0,907.7,4.9
2025-11-11T01:00,14.6,28,0.0,907.6,2.3
2025-11-11T02:00,14.2,31,0.0,907.3,0.9
2025-11-11T03:00,13.8,34,0.0,906.9,0.9
2025-11-11T04:00,12.6,31,0.0,906.7,1.8
2025-11-11T05:00,12.2,32,0.0,906.3,1.7
2025-11-11T06:00,12.4,32,0.0,906.6,1.0
2025-11-11T07:00,12.8,31,0.0,907.0,0.6
2025-11-11T08:00,15.4,26,0.0,908.1,1.5
2025-11-11T09:00,18.0,22,0.0,909.2,0.9
2025-11-11T10:00,20.5,18,0.0,910.0,3.5
2025-11-11T11:00,22.1,16,0.0,909.8,6.5
2025-11-11T12:00,23.0,14,0.0,909.1,4.7
2025-11-11T13:00,23.6,14,0.0,908.8,3.6
2025-11-11T14:00,23.8,13,0.0,908.2,3.1
2025-11-11T15:00,23.7,14,0.0,907.8,4.0
2025-11-11T16:00,23.4,14,0.0,907.7,4.5
2025-11-11T17:00,22.4,14,0.0,907.3,5.0
2025-11-11T18:00,20.9,16,0.0,907.4,9.2
2025-11-11T19:00,19.8,17,0.0,907.3,8.0
2025-11-11T20:00,18.2,19,0.0,907.3,5.0
2025-11-11T21:00,16.9,20,0.0,907.2,4.6
2025-11-11T22:00,15.9,22,0.0,907.1,3.7
2025-11-11T23:00,15.4,23,0.0,907.0,2.3
2025-11-12T00:00,15.1,24,0.0,906.8,1.2
2025-11-12T01:00,14.4,24,0.0,906.2,2.9
2025-11-12T02:00,13.8,25,0.0,905.8,3.8
2025-11-12T03:00,13.2,25,0.0,905.4,4.4
2025-11-12T04:00,13.0,25,0.0,905.4,5.2
2025-11-12T05:00,12.3,26,0.0,905.3,5.6
2025-11-12T06:00,12.1,26,0.0,905.6,6.0
2025-11-12T07:00,11.9,26,0.0,905.9,7.5
2025-11-12T08:00,13.9,23,0.0,907.0,9.9
2025-11-12T09:00,18.0,18,0.0,908.9,7.7
2025-11-12T10:00,20.8,16,0.0,910.1,9.0
2025-11-12T11:00,22.8,14,0.0,909.9,11.5
2025-11-12T12:00,24.1,13,0.0,909.4,8.6
2025-11-12T13:00,24.7,11,0.0,909.0,5.2
2025-11-12T14:00,25.0,11,0.0,908.4,4.9
2025-11-12T15:00,24.7,11,0.0,908.0,4.6
2025-11-12T16:00,24.5,11,0.0,908.0,4.2
2025-11-12T17:00,23.0,15,0.0,907.6,1.6
2025-11-12T18:00,21.0,15,0.0,907.3,4.6
2025-11-12T19:00,19.8,15,0.0,907.5,5.6
2025-11-12T20:00,18.2,17,0.0,907.6,5.3
2025-11-12T21:00,17.4,18,0.0,908.0,5.2
2025-11-12T22:00,16.5,19,0.0,907.8,6.1
2025-11-12T23:00,16.1,19,0.0,907.8,6.7
2025-11-13T00:00,15.4,21,0.0,907.5,6.6
2025-11-13T01:00,14.8,22,0.0,907.5,7.2
2025-11-13T02:00,14.1,23,0.0,907.1,8.5
2025-11-13T03:00,13.6,23,0.0,906.8,9.8
2025-11-13T04:00,13.3,22,0.0,906.6,12.9
2025-11-13T05:00,12.8,23,0.0,906.4,13.5
2025-11-13T06:00,12.4,24,0.0,906.6,14.4
2025-11-13T07:00,12.4,24,0.0,907.3,15.6
2025-11-13T08:00,14.4,22,0.0,908.2,15.4
2025-11-13T09:00,17.9,18,0.0,909.8,13.0
2025-11-13T10:00,21.2,15,0.0,910.5,14.5
2025-11-13T11:00,23.8,13,0.0,910.2,19.5
2025-11-13T12:00,25.0,12,0.0,909.4,21.4
2025-11-13T13:00,25.6,11,0.0,908.7,20.9
2025-11-13T14:00,25.8,11,0.0,908.1,19.0
2025-11-13T15:00,25.7,11,0.0,907.8,14.8
2025-11-13T16:00,25.2,12,0.0,907.8,12.5
2025-11-13T17:00,24.0,13,0.0,907.2,8.0
2025-11-13T18:00,22.4,15,0.0,906.8,8.5
2025-11-13T19:00,21.0,16,0.0,906.6,11.1
2025-11-13T20:00,19.9,17,0.0,906.4,12.1
2025-11-13T21:00,19.4,18,0.0,906.1,11.2
2025-11-13T22:00,19.0,18,0.0,905.8,12.6
2025-11-13T23:00,18.4,19,0.0,905.6,14.4
2025-11-14T00:00,17.9,19,0.0,905.6,16.8
2025-11-14T01:00,17.1,20,0.0,905.5,15.7
2025-11-14T02:00,16.4,21,0.0,905.3,15.5
2025-11-14T03:00,16.0,21,0.0,904.8,16.2
2025-11-14T04:00,15.9,20,0.0,904.7,16.1
2025-11-14T05:00,15.8,20,0.0,904.4,18.6
2025-11-14T06:00,15.6,21,0.0,904.4,19.1
2025-11-14T07:00,15.3,21,0.0,904.5,19.3
2025-11-14T08:00,17.1,19,0.0,905.1,21.2
2025-11-14T09:00,20.1,17,0.0,906.4,21.7
2025-11-14T10:00,22.8,16,0.0,906.9,24.8
2025-11-14T11:00,24.7,16,0.0,906.6,26.7
2025-11-14T12:00,24.6,19,0.0,905.9,30.1
2025-11-14T13:00,22.8,29,0.3,905.3,28.9
2025-11-14T14:00,22.5,33,0.0,904.6,26.5
2025-11-14T15:00,20.8,43,0.0,904.2,22.1
2025-11-14T16:00,19.2,61,0.0,903.7,25.3
2025-11-14T17:00,20.1,56,0.1,903.7,29.9
2025-11-14T18:00,19.2,60,0.3,902.9,12.4
2025-11-14T19:00,19.4,59,0.2,903.0,17.6
2025-11-14T20:00,18.4,65,0.6,903.6,19.8
2025-11-14T21:00,18.0,71,0.4,904.0,9.1
2025-11-14T22:00,17.1,78,0.9,904.4,7.2
2025-11-14T23:00,16.8,77,0.0,903.8,1.5
2025-11-15T00:00,16.1,86,0.0,903.5,7.0
2025-11-15T01:00,15.7,88,0.0,902.8,7.2
2025-11-15T02:00,15.2,86,0.0,902.6,13.7
2025-11-15T03:00,15.2,88,0.0,902.6,15.9
2025-11-15T04:00,15.2,89,0.0,903.1,17.5
2025-11-15T05:00,14.6,92,0.0,902.8,17.3
2025-11-15T06:00,14.4,92,0.0,903.0,13.9
2025-11-15T07:00,14.4,90,0.0,903.3,12.1
2025-11-15T08:00,15.6,85,0.0,904.1,10.2
2025-11-15T09:00,18.0,71,0.0,905.3,8.3
2025-11-15T10:00,19.5,53,0.0,905.6,11.4
2025-11-15T11:00,19.8,53,0.0,905.5,11.1
2025-11-15T12:00,20.4,45,0.0,905.1,9.4
2025-11-15T13:00,20.9,39,0.0,904.7,9.1
2025-11-15T14:00,21.0,36,0.0,904.5,8.9
2025-11-15T15:00,21.0,38,0.0,904.5,7.5
2025-11-15T16:00,20.4,39,0.0,904.5,6.1
2025-11-15T17:00,18.3,58,0.0,904.2,3.7
2025-11-15T18:00,16.3,66,0.0,904.2,7.8
2025-11-15T19:00,15.1,71,0.0,904.4,6.6
2025-11-15T20:00,14.1,77,0.0,904.3,3.2
2025-11-15T21:00,13.7,75,0.0,904.7,1.9
2025-11-15T22:00,13.6,74,0.0,904.9,0.9
2025-11-15T23:00,12.6,78,0.0,905.0,2.1
2025-11-16T00:00,12.4,74,0.0,904.9,4.3
2025-11-16T01:00,11.8,74,0.0,904.6,2.9
2025-11-16T02:00,11.6,74,0.0,904.3,2.4
2025-11-16T03:00,12.1,83,0.0,904.6,2.6
2025-11-16T04:00,11.9,83,0.0,904.5,2.8
2025-11-16T05:00,11.9,83,0.0,904.6,2.7
2025-11-16T06:00,11.7,83,0.0,905.1,2.9
2025-11-16T07:00,12.1,83,0.0,906.1,2.9
2025-11-16T08:00,13.9,80,0.0,907.2,5.3
2025-11-16T09:00,16.0,75,0.0,908.6,3.5
2025-11-16T10:00,18.1,66,0.0,909.4,6.2
2025-11-16T11:00,19.7,60,0.0,909.3,8.0
2025-11-16T12:00,20.6,58,0.0,909.0,6.5
2025-11-16T13:00,21.5,48,0.0,908.6,4.0
2025-11-16T14:00,22.0,42,0.0,908.3,4.9
2025-11-16T15:00,22.6,41,0.0,907.9,5.7
2025-11-16T16:00,22.8,39,0.0,908.2,4.5
2025-11-16T17:00,21.5,53,0.0,908.1,2.7
2025-11-16T18:00,19.5,60,0.0,908.1,1.3
2025-11-16T19:00,18.6,60,0.0,908.8,5.0
2025-11-16T20:00,17.5,70,0.0,909.0,5.7
2025-11-16T21:00,17.1,74,0.0,909.4,5.9
2025-11-16T22:00,16.4,78,0.0,909.6,4.3
2025-11-16T23:00,16.2,78,0.0,909.8,4.9
2025-11-17T00:00,15.9,79,0.0,909.7,2.8
2025-11-17T01:00,15.6,80,0.0,909.5,8.4
2025-11-17T02:00,14.8,85,0.0,909.1,5.2
2025-11-17T03:00,14.9,78,0.0,908.8,8.4
2025-11-17T04:00,14.6,81,0.0,908.7,4.9
2025-11-17T05:00,14.2,83,0.0,908.6,1.0
2025-11-17T06:00,13.8,84,0.0,909.0,2.7
2025-11-17T07:00,14.2,81,0.0,910.1,4.4
2025-11-17T08:00,15.2,75,0.0,911.0,6.6
2025-11-17T09:00,17.8,64,0.0,912.1,4.8
2025-11-17T10:00,19.5,56,0.0,912.9,9.6
2025-11-17T11:00,21.0,49,0.0,912.8,12.2
2025-11-17T12:00,22.6,43,0.0,912.3,12.8
2025-11-17T13:00,23.5,41,0.0,911.8,12.2
2025-11-17T14:00,24.0,39,0.0,911.2,11.8
2025-11-17T15:00,24.4,34,0.0,910.9,11.4
2025-11-17T16:00,24.1,33,0.0,910.9,11.1
2025-11-17T17:00,23.2,35,0.0,910.6,12.7
2025-11-17T18:00,22.0,39,0.0,910.6,13.7
2025-11-17T19:00,20.8,41,0.0,911.1,12.7
2025-11-17T20:00,20.1,42,0.0,911.6,14.0
2025-11-17T21:00,19.6,41,0.0,911.9,15.4
2025-11-17T22:00,19.1,42,0.0,911.7,14.5
2025-11-17T23:00,18.5,44,0.0,911.6,13.3
2025-11-18T00:00,17.9,48,0.0,911.1,13.8
2025-11-18T01:00,16.9,54,0.0,911.0,13.5
2025-11-18T02:00,15.9,60,0.0,910.5,12.1
2025-11-18T03:00,15.6,59,0.0,910.5,10.8
2025-11-18T04:00,14.9,61,0.0,910.5,11.1
2025-11-18T05:00,14.4,63,0.0,910.2,11.3
2025-11-18T06:00,13.8,64,0.0,910.5,10.4
2025-11-18T07:00,13.4,61,0.0,911.2,9.5
2025-11-18T08:00,14.7,52,0.0,911.9,10.6
2025-11-18T09:00,16.5,46,0.0,913.1,16.4
2025-11-18T10:00,18.1,44,0.0,913.5,19.5
2025-11-18T11:00,20.2,38,0.0,913.2,20.1
2025-11-18T12:00,21.8,33,0.0,912.3,19.4
2025-11-18T13:00,22.6,31,0.0,912.0,14.6
2025-11-18T14:00,23.2,28,0.0,911.2,19.8
2025-11-18T15:00,24.0,25,0.0,910.7,16.4
2025-11-18T16:00,23.5,26,0.0,910.6,16.6
2025-11-18T17:00,22.5,28,0.0,910.4,15.7
2025-11-18T18:00,21.2,31,0.0,910.4,16.5
2025-11-18T19:00,20.0,36,0.0,910.6,22.3
2025-11-18T20:00,16.9,57,0.0,910.8,22.8
2025-11-18T21:00,18.0,42,0.0,910.8,17.1
2025-11-18T22:00,18.1,38,0.0,910.8,17.6
2025-11-18T23:00,17.4,42,0.0,910.7,14.1
2025-11-19T00:00,16.9,44,0.0,910.4,12.9
2025-11-19T01:00,16.5,43,0.0,910.1,12.4
2025-11-19T02:00,15.8,45,0.0,909.9,10.6
2025-11-19T03:00,14.9,49,0.0,909.3,5.7
2025-11-19T04:00,13.7,53,0.0,908.9,4.3
2025-11-19T05:00,13.4,54,0.0,908.8,4.9
2025-11-19T06:00,13.1,56,0.0,909.2,6.7
2025-11-19T07:00,13.1,59,0.0,909.8,9.5
2025-11-19T08:00,14.8,50,0.0,910.7,10.3
2025-11-19T09:00,17.9,39,0.0,911.7,11.2
2025-11-19T10:00,20.4,32,0.0,912.1,14.0
2025-11-19T11:00,22.6,28,0.0,912.0,16.0
2025-11-19T12:00,24.4,24,0.0,911.6,17.1
2025-11-19T13:00,25.2,22,0.0,911.1,16.0
2025-11-19T14:00,25.6,21,0.0,910.4,14.6
2025-11-19T15:00,25.8,21,0.0,909.9,13.2
2025-11-19T16:00,25.3,21,0.0,909.6,12.7
2025-11-19T17:00,24.1,23,0.0,909.6,12.3
2025-11-19T18:00,22.2,26,0.0,909.8,17.1
2025-11-19T19:00,20.9,28,0.0,910.4,18.8
2025-11-19T20:00,19.9,29,0.0,910.5,17.6
2025-11-19T21:00,19.1,30,0.0,910.8,19.1
2025-11-19T22:00,18.2,32,0.0,910.8,17.4
2025-11-19T23:00,17.4,36,0.0,910.9,13.0
2025-11-20T00:00,16.2,40,0.0,910.7,5.1
2025-11-20T01:00,15.6,43,0.0,910.9,1.3
2025-11-20T02:00,14.8,45,0.0,910.7,2.4
2025-11-20T03:00,14.3,46,0.0,910.3,4.8
2025-11-20T04:00,14.1,47,0.0,910.2,5.2
2025-11-20T05:00,13.6,48,0.0,910.1,6.5
2025-11-20T06:00,13.3,50,0.0,910.3,7.9
2025-11-20T07:00,13.4,49,0.0,910.7,9.4
2025-11-20T08:00,15.2,43,0.0,911.7,11.7
2025-11-20T09:00,18.5,35,0.0,913.3,10.5
2025-11-20T10:00,21.0,30,0.0,914.0,12.7
2025-11-20T11:00,23.5,25,0.0,913.9,14.2
2025-11-20T12:00,25.0,23,0.0,913.4,16.0
2025-11-20T13:00,25.8,21,0.0,912.8,13.7
2025-11-20T14:00,26.0,20,0.0,912.3,12.3
2025-11-20T15:00,25.8,21,0.0,912.1,11.5
2025-11-20T16:00,25.2,22,0.0,911.9,9.5
2025-11-20T17:00,24.0,24,0.0,911.5,4.1
2025-11-20T18:00,22.3,28,0.0,911.5,1.0
2025-11-20T19:00,21.1,30,0.0,911.8,1.2
2025-11-20T20:00,19.8,33,0.0,912.0,3.5
2025-11-20T21:00,18.5,34,0.0,912.0,5.3
2025-11-20T22:00,17.6,37,0.0,911.9,4.8
2025-11-20T23:00,16.9,38,0.0,911.9,3.1
2025-11-21T00:00,16.1,40,0.0,911.8,2.4
2025-11-21T01:00,15.2,42,0.0,911.5,4.0
2025-11-21T02:00,15.4,41,0.0,911.3,5.3
2025-11-21T03:00,15.4,41,0.0,911.3,7.0
2025-11-21T04:00,14.5,44,0.0,910.9,11.5
2025-11-21T05:00,14.1,45,0.0,910.8,10.3
2025-11-21T06:00,14.1,46,0.0,910.9,9.7
2025-11-21T07:00,14.0,46,0.0,911.3,10.3
2025-11-21T08:00,15.6,42,0.0,912.3,12.7
2025-11-21T09:00,18.5,35,0.0,913.9,9.7
2025-11-21T10:00,21.1,30,0.0,914.7,10.8
2025-11-21T11:00,23.4,25,0.0,914.7,10.4
2025-11-21T12:00,24.7,22,0.0,914.4,6.7
2025-11-21T13:00,25.2,20,0.0,913.7,3.3
2025-11-21T14:00,25.5,19,0.0,913.1,3.8
2025-11-21T15:00,25.5,18,0.0,912.9,5.0
2025-11-21T16:00,25.2,19,0.0,912.9,8.4
2025-11-21T17:00,23.9,21,0.0,912.7,12.1
2025-11-21T18:00,22.4,23,0.0,912.9,14.8
2025-11-21T19:00,21.3,26,0.0,913.2,14.3
2025-11-21T20:00,20.1,29,0.0,913.4,12.1
2025-11-21T21:00,19.0,30,0.0,913.4,8.7
2025-11-21T22:00,18.1,32,0.0,913.3,7.1
2025-11-21T23:00,17.3,35,0.0,913.1,6.4
2025-11-22T00:00,16.1,38,0.0,912.4,5.6
2025-11-22T01:00,15.4,40,0.0,912.0,4.3
2025-11-22T02:00,15.0,41,0.0,911.5,2.6
2025-11-22T03:00,14.6,42,0.0,911.6,2.9
2025-11-22T04:00,13.8,44,0.0,911.2,4.2
2025-11-22T05:00,13.1,46,0.0,910.7,4.0
2025-11-22T06:00,12.5,48,0.0,910.7,2.9
2025-11-22T07:00,12.5,48,0.0,911.1,3.5
2025-11-22T08:00,14.2,42,0.0,912.0,6.2
2025-11-22T09:00,18.4,34,0.0,913.7,2.4
2025-11-22T10:00,21.2,27,0.0,914.7,3.5
2025-11-22T11:00,22.5,23,0.0,914.7,7.8
2025-11-22T12:00,23.2,21,0.0,913.8,8.5
2025-11-22T13:00,23.5,20,0.0,913.2,9.9
2025-11-22T14:00,23.5,20,0.0,912.6,11.1
2025-11-22T15:00,23.0,20,0.0,912.4,11.5
2025-11-22T16:00,22.3,20,0.0,912.1,12.9
2025-11-22T17:00,21.0,21,0.0,911.8,12.7
2025-11-22T18:00,19.5,22,0.0,911.6,13.0
2025-11-22T19:00,18.2,24,0.0,911.8,12.0
2025-11-22T20:00,17.1,26,0.0,911.7,10.6
2025-11-22T21:00,15.9,27,0.0,911.4,8.2
2025-11-22T22:00,15.1,29,0.0,911.0,7.2
2025-11-22T23:00,13.7,33,0.0,910.5,5.1
2025-11-23T00:00,12.9,35,0.0,910.3,2.4
2025-11-23T01:00,12.4,38,0.0,910.0,1.2
2025-11-23T02:00,11.9,38,0.0,909.8,1.1
2025-11-23T03:00,11.1,39,0.0,909.3,1.7
2025-11-23T04:00,10.4,41,0.0,908.9,2.2
2025-11-23T05:00,10.1,42,0.0,908.9,2.8
2025-11-23T06:00,9.8,42,0.0,908.9,3.1
2025-11-23T07:00,9.9,42,0.0,909.3,3.9
2025-11-23T08:00,11.4,38,0.0,909.9,6.9
2025-11-23T09:00,15.2,30,0.0,911.6,4.7
2025-11-23T10:00,17.9,24,0.0,912.4,5.7
2025-11-23T11:00,19.8,21,0.0,912.2,6.3
2025-11-23T12:00,21.3,20,0.0,911.6,6.1
2025-11-23T13:00,22.3,19,0.0,910.9,4.3
2025-11-23T14:00,22.8,17,0.0,910.5,4.5
2025-11-23T15:00,22.8,18,0.0,909.9,7.2
2025-11-23T16:00,22.2,18,0.0,909.6,9.2
2025-11-23T17:00,21.0,20,0.0,909.3,10.7
2025-11-23T18:00,19.2,22,0.0,909.1,11.1
2025-11-23T19:00,18.0,22,0.0,909.0,8.2
2025-11-23T20:00,16.6,23,0.0,909.2,6.2
2025-11-23T21:00,15.1,24,0.0,909.0,4.5
2025-11-23T22:00,14.8,22,0.0,908.9,5.4
2025-11-23T23:00,14.2,22,0.0,908.6,5.5
2025-11-24T00:00,13.6,23,0.0,908.2,5.5
2025-11-24T01:00,13.2,24,0.0,907.7,8.3
2025-11-24T02:00,12.6,25,0.0,907.4,10.7
2025-11-24T03:00,12.0,28,0.0,906.9,12.1
2025-11-24T04:00,11.6,28,0.0,906.7,12.9
2025-11-24T05:00,11.4,27,0.0,906.4,13.1
2025-11-24T06:00,11.1,27,0.0,906.6,14.2
2025-11-24T07:00,11.1,27,0.0,907.2,15.5
2025-11-24T08:00,12.7,25,0.0,908.2,15.7
2025-11-24T09:00,15.9,21,0.0,909.5,13.0
2025-11-24T10:00,18.7,17,0.0,910.5,14.4
2025-11-24T11:00,21.1,16,0.0,910.5,15.3
2025-11-24T12:00,22.9,16,0.0,910.0,15.6
2025-11-24T13:00,23.9,16,0.0,909.4,12.9
2025-11-24T14:00,24.2,16,0.0,908.6,9.6
2025-11-24T15:00,24.1,16,0.0,908.2,8.9
2025-11-24T16:00,23.6,16,0.0,907.8,9.5
2025-11-24T17:00,22.4,18,0.0,907.5,7.2
2025-11-24T18:00,20.9,19,0.0,907.4,8.5
2025-11-24T19:00,19.6,21,0.0,907.4,11.5
2025-11-24T20:00,18.9,22,0.0,907.5,14.2
2025-11-24T21:00,18.2,22,0.0,907.6,14.1
2025-11-24T22:00,17.1,24,0.0,907.4,12.4
2025-11-24T23:00,15.9,26,0.0,907.1,12.0
2025-11-25T00:00,15.0,28,0.0,907.0,12.8
2025-11-25T01:00,14.4,29,0.0,906.9,12.9
2025-11-25T02:00,13.9,30,0.0,906.3,14.3
2025-11-25T03:00,14.1,29,0.0,906.1,15.3
2025-11-25T04:00,13.8,29,0.0,906.1,15.6
2025-11-25T05:00,13.4,29,0.0,906.1,16.2
2025-11-25T06:00,13.1,29,0.0,906.2,16.9
2025-11-25T07:00,13.0,29,0.0,906.4,17.7
2025-11-25T08:00,14.5,26,0.0,907.4,18.3
2025-11-25T09:00,17.5,22,0.0,908.4,15.6
2025-11-25T10:00,20.3,19,0.0,909.3,17.6
2025-11-25T11:00,22.6,16,0.0,909.0,19.9
2025-11-25T12:00,24.1,15,0.0,908.4,21.4
2025-11-25T13:00,24.6,15,0.0,907.6,20.9
2025-11-25T14:00,24.6,16,0.0,907.3,19.0
2025-11-25T15:00,25.7,16,0.0,907.3,13.9
2025-11-25T16:00,25.0,17,0.0,907.1,13.9
2025-11-25T17:00,24.1,18,0.0,906.9,11.7
2025-11-25T18:00,23.4,18,0.0,907.1,9.3
2025-11-25T19:00,22.5,20,0.0,907.2,4.5
2025-11-25T20:00,20.2,23,0.0,906.9,3.9
2025-11-25T21:00,20.9,26,0.0,907.7,19.2
2025-11-25T22:00,19.6,30,0.0,907.6,18.0
2025-11-25T23:00,18.3,34,0.0,907.1,13.2
2025-11-26T00:00,18.1,37,0.0,906.6,7.7
2025-11-26T01:00,16.8,41,0.0,905.9,6.0
2025-11-26T02:00,15.9,45,0.0,905.4,2.3
2025-11-26T03:00,16.1,35,0.0,905.5,6.1
2025-11-26T04:00,14.7,38,0.0,905.1,4.3
2025-11-26T05:00,14.2,38,0.0,904.9,2.5
2025-11-26T06:00,13.7,38,0.0,905.3,2.5
2025-11-26T07:00,13.6,38,0.0,905.9,3.1
2025-11-26T08:00,15.0,35,0.0,906.6,4.2
2025-11-26T09:00,18.6,29,0.0,908.2,2.4
2025-11-26T10:00,21.4,25,0.0,909.2,2.3
2025-11-26T11:00,23.0,21,0.0,909.2,4.7
2025-11-26T12:00,24.0,19,0.0,908.7,4.6
2025-11-26T13:00,24.6,19,0.0,908.2,4.2
2025-11-26T14:00,25.0,19,0.0,907.5,6.6
2025-11-26T15:00,25.1,20,0.0,907.0,9.7
2025-11-26T16:00,25.1,19,0.0,906.9,10.3
2025-11-26T17:00,23.9,21,0.0,906.8,7.0
2025-11-26T18:00,21.6,25,0.0,907.0,10.1
2025-11-26T19:00,19.9,33,0.0,907.6,15.3
2025-11-26T20:00,18.9,36,0.0,907.9,12.4
2025-11-26T21:00,18.0,35,0.0,908.0,8.8
2025-11-26T22:00,17.0,37,0.0,907.7,6.4
2025-11-26T23:00,16.4,37,0.0,907.7,6.4
2025-11-27T00:00,15.6,38,0.0,907.2,7.4
2025-11-27T01:00,14.3,41,0.0,906.9,4.0
2025-11-27T02:00,13.9,41,0.0,906.5,2.4
2025-11-27T03:00,13.8,39,0.0,906.4,2.2
2025-11-27T04:00,13.4,40,0.0,906.3,1.6
2025-11-27T05:00,12.8,41,0.0,906.2,1.1
2025-11-27T06:00,11.9,43,0.0,906.3,4.2
2025-11-27T07:00,11.2,46,0.0,906.9,4.3
2025-11-27T08:00,12.6,42,0.0,907.9,5.9
2025-11-27T09:00,14.6,35,0.0,909.3,6.1
2025-11-27T10:00,16.5,30,0.0,909.7,8.2
2025-11-27T11:00,18.5,25,0.0,909.7,9.3
2025-11-27T12:00,20.2,22,0.0,909.1,10.2
2025-11-27T13:00,22.0,20,0.0,908.8,10.5
2025-11-27T14:00,23.1,19,0.0,908.4,10.2
2025-11-27T15:00,23.5,19,0.0,908.1,9.4
2025-11-27T16:00,23.0,20,0.0,907.9,13.7
2025-11-27T17:00,21.4,22,0.0,907.7,17.5
2025-11-27T18:00,20.4,23,0.0,907.9,14.2
2025-11-27T19:00,19.5,24,0.0,908.5,13.0
2025-11-27T20:00,18.2,26,0.0,908.9,10.1
2025-11-27T21:00,17.4,26,0.0,909.0,9.4
2025-11-27T22:00,16.8,28,0.0,908.7,10.8
2025-11-27T23:00,16.1,29,0.0,908.7,8.5
2025-11-28T00:00,14.8,33,0.0,908.2,5.1
2025-11-28T01:00,14.4,34,0.0,908.0,1.7
2025-11-28T02:00,14.1,35,0.0,908.3,0.4
2025-11-28T03:00,13.6,46,0.0,907.9,2.1
2025-11-28T04:00,13.4,43,0.0,907.7,1.7
2025-11-28T05:00,13.1,41,0.0,907.3,5.0
2025-11-28T06:00,13.1,39,0.0,907.5,7.0
2025-11-28T07:00,12.6,40,0.0,907.9,6.9
2025-11-28T08:00,14.3,36,0.0,908.7,10.7
2025-11-28T09:00,17.6,29,0.0,910.6,11.9
2025-11-28T10:00,20.6,25,0.0,911.4,16.2
2025-11-28T11:00,22.9,23,0.0,910.8,18.9
2025-11-28T12:00,24.5,22,0.0,910.2,21.4
2025-11-28T13:00,25.2,21,0.0,909.6,22.2
2025-11-28T14:00,25.5,21,0.0,909.2,21.2
2025-11-28T15:00,25.4,21,0.0,909.1,18.7
2025-11-28T16:00,24.8,22,0.0,908.8,17.3
2025-11-28T17:00,23.7,23,0.0,908.6,14.4
2025-11-28T18:00,22.4,25,0.0,908.5,13.5
2025-11-28T19:00,21.5,27,0.0,908.6,13.1
2025-11-28T20:00,20.5,28,0.0,908.4,12.7
2025-11-28T21:00,20.0,29,0.0,908.3,13.2
2025-11-28T22:00,19.4,30,0.0,908.5,15.1
2025-11-28T23:00,18.8,30,0.0,908.4,15.1
2025-11-29T00:00,17.8,30,0.0,907.9,14.2
2025-11-29T01:00,17.1,31,0.0,907.6,15.1
2025-11-29T02:00,16.5,32,0.0,907.5,15.4
2025-11-29T03:00,16.1,31,0.0,907.6,16.5
2025-11-29T04:00,15.5,32,0.0,907.4,17.6
2025-11-29T05:00,15.1,33,0.0,907.0,18.8
2025-11-29T06:00,14.7,33,0.0,907.2,19.4
2025-11-29T07:00,14.6,33,0.0,907.7,20.0
2025-11-29T08:00,15.9,29,0.0,908.5,20.2
2025-11-29T09:00,18.6,25,0.0,909.6,18.4
2025-11-29T10:00,21.0,22,0.0,910.2,21.5
2025-11-29T11:00,22.9,19,0.0,909.9,25.9
2025-11-29T12:00,24.1,18,0.0,909.4,27.8
2025-11-29T13:00,24.8,18,0.0,908.5,26.9
2025-11-29T14:00,25.1,18,0.0,908.1,24.7
2025-11-29T15:00,25.3,18,0.0,907.8,21.5
2025-11-29T16:00,24.7,18,0.0,907.6,19.9
2025-11-29T17:00,23.5,20,0.0,907.5,15.1
2025-11-29T18:00,21.9,22,0.0,907.2,13.3
2025-11-29T19:00,20.8,23,0.0,907.4,14.1
2025-11-29T20:00,20.0,24,0.0,907.5,16.0
2025-11-29T21:00,19.4,24,0.0,907.4,17.3
2025-11-29T22:00,18.5,25,0.0,907.0,17.9
2025-11-29T23:00,18.0,26,0.0,906.9,17.9
2025-11-30T00:00,17.5,26,0.0,906.6,18.9
2025-11-30T01:00,17.0,26,0.0,906.5,20.1
2025-11-30T02:00,16.3,27,0.0,906.6,20.7
2025-11-30T03:00,16.0,26,0.0,906.2,19.8
2025-11-30T04:00,15.4,27,0.0,906.1,19.9
2025-11-30T05:00,15.4,26,0.0,906.0,20.3
2025-11-30T06:00,15.2,25,0.0,906.4,21.0
2025-11-30T07:00,15.0,25,0.0,907.0,20.9
2025-11-30T08:00,16.1,23,0.0,907.7,20.4
2025-11-30T09:00,19.0,19,0.0,908.7,18.2
2025-11-30T10:00,21.5,16,0.0,909.4,20.0
2025-11-30T11:00,23.5,14,0.0,908.9,23.9
2025-11-30T12:00,24.5,14,0.0,908.4,24.0
2025-11-30T13:00,25.0,14,0.0,907.9,22.7
2025-11-30T14:00,25.5,14,0.0,907.4,20.6
2025-11-30T15:00,25.5,15,0.0,907.1,16.1
2025-11-30T16:00,25.0,15,0.0,907.0,14.0
2025-11-30T17:00,23.6,16,0.0,906.8,11.3
2025-11-30T18:00,22.0,18,0.0,906.7,11.4
2025-11-30T19:00,20.9,19,0.0,906.9,12.8
2025-11-30T20:00,19.9,20,0.0,906.7,14.9
2025-11-30T21:00,19.0,20,0.0,906.8,15.3
2025-11-30T22:00,18.2,20,0.0,906.4,16.3
2025-11-30T23:00,17.6,21,0.0,906.1,17.2
2025-12-01T00:00,16.9,22,0.0,905.8,18.4
2025-12-01T01:00,16.4,22,0.0,905.4,18.9
2025-12-01T02:00,16.4,22,0.0,905.4,20.2
2025-12-01T03:00,16.4,21,0.0,904.9,19.8
2025-12-01T04:00,15.9,21,0.0,904.7,20.2
2025-12-01T05:00,15.8,21,0.0,904.7,20.4
2025-12-01T06:00,15.6,22,0.0,905.1,20.0
2025-12-01T07:00,15.6,22,0.0,905.6,20.2
2025-12-01T08:00,16.6,21,0.0,906.3,20.3
2025-12-01T09:00,19.2,18,0.0,908.0,17.4
2025-12-01T10:00,20.7,17,0.0,908.5,19.9
2025-12-01T11:00,22.2,16,0.0,908.2,21.9
2025-12-01T12:00,23.8,14,0.0,907.9,22.5
2025-12-01T13:00,24.2,14,0.0,907.3,20.1
2025-12-01T14:00,24.5,14,0.0,906.9,17.7
2025-12-01T15:00,24.4,14,0.0,906.8,13.3
2025-12-01T16:00,23.7,14,0.0,906.8,11.0
2025-12-01T17:00,22.6,14,0.0,906.5,9.3
2025-12-01T18:00,21.5,15,0.0,906.5,12.8
2025-12-01T19:00,20.0,19,0.0,906.6,4.2
2025-12-01T20:00,19.1,19,0.0,907.1,7.3
2025-12-01T21:00,18.2,26,0.0,907.6,10.3
2025-12-01T22:00,17.2,30,0.0,907.4,7.2
2025-12-01T23:00,16.1,33,0.0,906.9,4.5
2025-12-02T00:00,15.6,35,0.0,906.3,3.6
2025-12-02T01:00,15.0,35,0.0,905.8,2.5
2025-12-02T02:00,15.1,33,0.0,905.4,4.1
2025-12-02T03:00,14.4,36,0.0,905.2,0.6
2025-12-02T04:00,13.6,37,0.0,904.7,2.3
2025-12-02T05:00,13.7,34,0.0,904.5,6.1
2025-12-02T06:00,13.2,32,0.0,904.7,9.6
2025-12-02T07:00,13.2,30,0.0,905.1,11.1
2025-12-02T08:00,14.1,28,0.0,905.4,13.0
2025-12-02T09:00,16.5,24,0.0,907.3,11.2
2025-12-02T10:00,19.2,20,0.0,908.5,11.6
2025-12-02T11:00,21.0,18,0.0,908.1,13.7
2025-12-02T12:00,22.0,18,0.0,907.2,17.9
2025-12-02T13:00,22.4,17,0.0,906.5,17.7
2025-12-02T14:00,23.1,15,0.0,905.9,14.6
2025-12-02T15:00,23.3,15,0.0,905.3,15.0
2025-12-02T16:00,22.9,15,0.0,905.2,11.9
2025-12-02T17:00,21.7,16,0.0,904.8,8.7
2025-12-02T18:00,20.1,17,0.0,904.7,11.2
2025-12-02T19:00,19.0,19,0.0,904.9,11.7
2025-12-02T20:00,18.1,21,0.0,904.7,11.3
2025-12-02T21:00,17.4,21,0.0,904.7,9.6
2025-12-02T22:00,16.1,23,0.0,904.5,7.5
2025-12-02T23:00,14.9,25,0.0,903.9,5.8
2025-12-03T00:00,14.1,26,0.0,903.6,5.1
2025-12-03T01:00,14.0,26,0.0,903.3,6.0
2025-12-03T02:00,13.6,28,0.0,903.1,6.8
2025-12-03T03:00,13.6,30,0.0,903.2,9.9
2025-12-03T04:00,12.6,32,0.0,902.6,13.5
2025-12-03T05:00,12.4,33,0.0,902.7,15.2
2025-12-03T06:00,12.1,33,0.0,903.0,15.8
2025-12-03T07:00,11.1,36,0.0,903.8,3.1
2025-12-03T08:00,10.7,39,0.0,904.9,11.0
2025-12-03T09:00,12.4,39,0.0,906.1,6.6
2025-12-03T10:00,14.5,37,0.0,907.3,8.7
2025-12-03T11:00,16.8,31,0.0,907.2,10.1
2025-12-03T12:00,18.9,27,0.0,907.1,11.4
2025-12-03T13:00,20.7,23,0.0,906.5,11.8
2025-12-03T14:00,21.9,20,0.0,906.1,11.0
2025-12-03T15:00,22.1,20,0.0,906.1,10.2
2025-12-03T16:00,21.5,22,0.0,906.0,13.0
2025-12-03T17:00,20.4,25,0.0,905.8,12.8
2025-12-03T18:00,19.0,28,0.0,905.7,12.5
2025-12-03T19:00,17.8,32,0.0,906.1,10.6
2025-12-03T20:00,16.5,35,0.0,906.2,7.9
2025-12-03T21:00,15.9,35,0.0,906.2,8.3
2025-12-03T22:00,15.2,35,0.0,906.0,8.0
2025-12-03T23:00,14.1,38,0.0,906.0,5.4
2025-12-04T00:00,13.0,41,0.0,905.7,4.2
2025-12-04T01:00,12.8,42,0.0,905.8,2.8
2025-12-04T02:00,12.7,43,0.0,905.6,3.3
2025-12-04T03:00,12.5,43,0.0,905.3,3.0
2025-12-04T04:00,11.8,46,0.0,904.9,3.3
2025-12-04T05:00,11.6,46,0.0,904.8,4.7
2025-12-04T06:00,12.6,43,0.0,905.3,7.9
2025-12-04T07:00,12.8,41,0.0,905.7,11.0
2025-12-04T08:00,14.6,36,0.0,906.7,13.9
2025-12-04T09:00,16.8,31,0.0,908.1,13.3
2025-12-04T10:00,19.3,26,0.0,908.9,14.6
2025-12-04T11:00,20.2,24,0.0,908.4,15.9
2025-12-04T12:00,21.7,22,0.0,907.9,23.4
2025-12-04T13:00,21.4,23,0.0,907.3,23.8
2025-12-04T14:00,20.0,31,0.0,906.7,20.0
2025-12-04T15:00,22.5,21,0.4,906.4,17.9
2025-12-04T16:00,21.6,24,0.0,906.2,17.7
2025-12-04T17:00,20.9,25,0.0,906.1,9.0
2025-12-04T18:00,20.1,24,0.0,905.9,12.6
2025-12-04T19:00,19.5,25,0.0,906.4,16.0
2025-12-04T20:00,18.8,26,0.0,906.5,13.1
2025-12-04T21:00,18.1,27,0.0,906.5,9.0
2025-12-04T22:00,17.8,28,0.0,906.7,7.3
2025-12-04T23:00,16.4,31,0.0,905.8,10.6
2025-12-05T00:00,15.8,33,0.0,905.7,13.7
2025-12-05T01:00,15.1,35,0.0,905.7,12.7
2025-12-05T02:00,14.6,37,0.0,905.5,16.6
2025-12-05T03:00,13.8,42,0.0,905.0,15.5
2025-12-05T04:00,13.2,44,0.0,904.9,16.6
2025-12-05T05:00,13.1,45,0.0,904.7,17.7
2025-12-05T06:00,12.6,46,0.0,904.8,17.0
2025-12-05T07:00,12.1,47,0.0,905.1,16.5
2025-12-05T08:00,13.6,41,0.0,906.0,17.2
2025-12-05T09:00,16.7,34,0.0,907.2,15.4
2025-12-05T10:00,19.6,27,0.0,908.0,16.4
2025-12-05T11:00,22.0,23,0.0,908.0,17.5
2025-12-05T12:00,23.7,24,0.0,907.7,16.1
2025-12-05T13:00,24.5,27,0.0,907.2,11.8
2025-12-05T14:00,24.7,26,0.0,906.8,9.0
2025-12-05T15:00,24.6,26,0.0,906.6,9.5
2025-12-05T16:00,24.1,26,0.0,906.6,8.6
2025-12-05T17:00,22.6,29,0.0,906.3,8.2
2025-12-05T18:00,21.3,32,0.0,906.2,9.2
2025-12-05T19:00,20.5,32,0.0,906.3,6.6
2025-12-05T20:00,19.0,35,0.0,906.1,5.1
2025-12-05T21:00,18.3,33,0.0,906.7,11.4
2025-12-05T22:00,17.6,31,0.0,906.6,13.0
2025-12-05T23:00,17.2,31,0.0,906.5,13.6
2025-12-06T00:00,16.8,30,0.0,906.3,14.8
2025-12-06T01:00,16.4,31,0.0,906.3,14.3
2025-12-06T02:00,15.9,32,0.0,906.0,13.4
2025-12-06T03:00,15.8,33,0.0,906.2,13.2
2025-12-06T04:00,16.0,33,0.0,906.3,12.8
2025-12-06T05:00,15.9,34,0.0,906.3,13.1
2025-12-06T06:00,15.8,34,0.0,906.5,13.8
2025-12-06T07:00,15.5,35,0.0,906.9,15.1
2025-12-06T08:00,16.1,33,0.0,907.5,16.5
2025-12-06T09:00,17.9,31,0.0,908.3,16.9
2025-12-06T10:00,19.5,29,0.0,908.8,19.5
2025-12-06T11:00,20.5,29,0.0,908.4,20.0
2025-12-06T12:00,22.1,26,0.0,907.7,22.1
2025-12-06T13:00,23.8,23,0.0,907.0,22.4
2025-12-06T14:00,24.7,20,0.0,906.5,24.7
2025-12-06T15:00,23.8,25,0.0,906.2,25.0
2025-12-06T16:00,22.5,28,0.0,905.9,24.7
2025-12-06T17:00,22.2,26,0.0,906.0,21.4
2025-12-06T18:00,20.8,27,0.0,905.9,18.6
2025-12-06T19:00,20.0,29,0.0,906.0,16.2
2025-12-06T20:00,19.1,32,0.0,905.9,15.5
2025-12-06T21:00,18.2,33,0.0,905.8,17.0
2025-12-06T22:00,18.4,33,0.0,905.9,17.9
2025-12-06T23:00,18.0,34,0.0,905.7,18.3
2025-12-07T00:00,18.0,33,0.0,905.3,18.7
2025-12-07T01:00,18.0,33,0.0,905.5,22.7
2025-12-07T02:00,18.2,31,0.0,905.5,24.8
2025-12-07T03:00,18.3,30,0.0,905.2,23.3
2025-12-07T04:00,17.0,34,0.0,905.2,23.5
2025-12-07T05:00,17.0,36,0.0,904.9,23.5
2025-12-07T06:00,17.1,37,0.0,905.4,25.5
2025-12-07T07:00,16.8,37,0.0,905.6,26.9
2025-12-07T08:00,17.0,38,0.0,905.3,25.0
2025-12-07T09:00,18.4,37,0.0,906.3,23.8
2025-12-07T10:00,19.2,35,0.0,906.7,24.7
2025-12-07T11:00,19.9,33,0.0,906.2,25.2
2025-12-07T12:00,21.0,31,0.0,905.7,25.6
2025-12-07T13:00,21.4,31,0.0,905.0,25.6
2025-12-07T14:00,21.9,30,0.0,904.8,24.0
2025-12-07T15:00,16.9,61,0.0,904.6,15.8
2025-12-07T16:00,17.5,59,0.2,904.7,6.4
2025-12-07T17:00,17.5,62,0.1,905.3,8.6
2025-12-07T18:00,16.6,67,0.3,905.5,3.8
2025-12-07T19:00,15.9,73,0.1,905.9,5.5
2025-12-07T20:00,15.7,73,0.0,906.2,3.9
2025-12-07T21:00,15.6,75,1.4,906.8,6.4
2025-12-07T22:00,14.3,91,1.6,906.0,7.1
2025-12-07T23:00,14.5,89,2.0,906.4,13.4
2025-12-08T00:00,14.4,86,1.4,905.3,11.8
2025-12-08T01:00,14.9,81,0.9,906.0,16.9
2025-12-08T02:00,14.6,84,1.6,906.0,16.8
2025-12-08T03:00,15.6,76,0.5,906.1,25.4
2025-12-08T04:00,15.2,78,0.1,904.7,21.5
2025-12-08T05:00,14.6,81,0.0,904.2,18.9
2025-12-08T06:00,13.9,85,0.0,904.2,16.6
2025-12-08T07:00,13.6,85,0.0,904.5,16.5
2025-12-08T08:00,14.4,80,0.0,905.0,17.3
2025-12-08T09:00,16.5,77,0.0,906.0,15.0
2025-12-08T10:00,18.4,70,0.0,906.3,16.9
2025-12-08T11:00,19.9,59,0.0,906.1,20.9
2025-12-08T12:00,20.6,55,0.0,905.5,20.8
2025-12-08T13:00,21.5,52,0.0,905.3,21.4
2025-12-08T14:00,21.9,51,0.0,904.8,19.3
2025-12-08T15:00,21.7,52,0.0,905.1,16.9
2025-12-08T16:00,20.9,59,0.0,904.5,11.4
2025-12-08T17:00,19.9,65,0.0,904.0,9.5
2025-12-08T18:00,15.8,78,0.2,904.8,26.4
2025-12-08T19:00,15.9,77,0.0,904.1,10.7
2025-12-08T20:00,15.4,78,0.3,904.8,7.7
2025-12-08T21:00,15.1,82,0.4,905.3,6.1
2025-12-08T22:00,14.9,86,1.3,904.7,0.5
2025-12-08T23:00,14.1,93,0.0,904.1,6.0
2025-12-09T00:00,13.8,93,0.0,903.4,6.4
2025-12-09T01:00,14.1,91,0.0,904.2,17.1
2025-12-09T02:00,14.0,87,0.0,904.1,18.1
2025-12-09T03:00,14.6,83,0.0,903.3,15.5
2025-12-09T04:00,14.2,84,0.0,903.0,12.8
2025-12-09T05:00,13.6,83,0.0,902.6,12.1
2025-12-09T06:00,13.6,82,0.0,902.7,14.7
2025-12-09T07:00,13.4,83,0.0,902.8,14.0
2025-12-09T08:00,14.1,81,0.0,903.5,14.9
2025-12-09T09:00,16.2,77,0.0,904.3,15.2
2025-12-09T10:00,17.8,71,0.0,904.7,18.1
2025-12-09T11:00,19.5,66,0.0,904.2,16.0
2025-12-09T12:00,19.5,61,0.2,903.8,23.7
2025-12-09T13:00,17.4,70,0.7,902.9,24.4
2025-12-09T14:00,16.9,76,2.2,902.0,21.7
2025-12-09T15:00,17.2,70,0.3,901.5,22.5
2025-12-09T16:00,16.8,73,0.0,901.5,22.4
2025-12-09T17:00,14.9,80,0.3,901.7,24.8
2025-12-09T18:00,14.9,83,0.2,901.6,19.2
2025-12-09T19:00,14.4,85,0.0,901.4,13.2
2025-12-09T20:00,13.8,89,0.0,901.4,10.8
2025-12-09T21:00,13.9,90,0.0,901.8,5.6
2025-12-09T22:00,13.1,92,0.1,902.1,9.7
2025-12-09T23:00,13.1,87,0.0,902.0,4.8
2025-12-10T00:00,11.7,89,0.0,901.2,3.1
2025-12-10T01:00,10.6,91,0.0,900.8,7.0
2025-12-10T02:00,9.9,86,0.0,901.0,9.4
2025-12-10T03:00,9.1,88,0.0,900.5,5.4
2025-12-10T04:00,8.7,87,0.0,900.7,5.9
2025-12-10T05:00,8.8,78,0.0,901.1,8.8
2025-12-10T06:00,7.5,82,0.0,901.2,5.4
2025-12-10T07:00,7.8,80,0.0,902.2,5.6
2025-12-10T08:00,9.1,76,0.0,903.2,5.1
2025-12-10T09:00,11.6,66,0.0,904.6,5.2
2025-12-10T10:00,13.1,59,0.0,905.4,5.4
2025-12-10T11:00,14.1,53,0.0,905.1,6.4
2025-12-10T12:00,14.9,51,0.0,904.6,5.1
2025-12-10T13:00,15.2,51,0.0,904.1,5.0
2025-12-10T14:00,15.5,50,0.0,903.9,5.7
2025-12-10T15:00,15.2,52,0.0,903.8,6.8
2025-12-10T16:00,14.8,54,0.0,903.8,9.1
2025-12-10T17:00,13.2,64,0.0,903.2,11.8
2025-12-10T18:00,11.9,70,0.0,903.7,9.0
2025-12-10T19:00,11.6,74,0.0,904.2,6.9
2025-12-10T20:00,10.9,80,0.0,904.3,6.1
2025-12-10T21:00,10.6,83,0.0,904.5,4.9
2025-12-10T22:00,9.9,86,0.0,904.0,4.2
2025-12-10T23:00,9.6,85,0.0,903.6,2.2
2025-12-11T00:00,9.4,84,0.0,903.5,0.9
2025-12-11T01:00,9.3,86,0.0,903.5,0.8
2025-12-11T02:00,9.1,87,0.0,903.4,0.6
2025-12-11T03:00,9.5,87,0.1,903.5,0.6
2025-12-11T04:00,9.3,89,0.0,903.2,0.4
2025-12-11T05:00,8.8,91,0.0,902.6,1.4
2025-12-11T06:00,7.9,93,0.0,902.4,2.9
2025-12-11T07:00,7.8,93,0.0,902.8,3.6
2025-12-11T08:00,8.8,93,0.0,903.4,7.5
2025-12-11T09:00,11.7,81,0.0,904.5,6.9
2025-12-11T10:00,14.4,68,0.0,905.4,4.8
2025-12-11T11:00,15.4,57,0.0,904.9,5.0
2025-12-11T12:00,16.4,50,0.0,904.7,5.9
2025-12-11T13:00,16.8,45,0.0,903.7,7.9
2025-12-11T14:00,17.0,42,0.0,903.3,8.9
2025-12-11T15:00,17.0,43,0.0,903.1,9.6
2025-12-11T16:00,16.5,44,0.0,903.1,10.0
2025-12-11T17:00,14.9,55,0.0,902.8,8.8
2025-12-11T18:00,13.4,63,0.0,902.9,8.8
2025-12-11T19:00,11.9,73,0.0,903.0,4.6
2025-12-11T20:00,10.9,77,0.0,903.3,1.0
2025-12-11T21:00,10.6,79,0.0,903.3,0.6
2025-12-11T22:00,10.6,82,0.0,903.4,2.2
2025-12-11T23:00,10.2,82,0.0,903.3,2.3
2025-12-12T00:00,10.1,82,0.0,903.1,1.8
2025-12-12T01:00,9.6,82,0.0,902.7,1.9
2025-12-12T02:00,9.4,80,0.0,902.4,2.3
2025-12-12T03:00,8.8,78,0.0,902.1,2.6
2025-12-12T04:00,8.8,76,0.0,901.6,5.0
2025-12-12T05:00,8.4,76,0.0,901.3,8.2
2025-12-12T06:00,8.5,76,0.0,901.6,8.2
2025-12-12T07:00,8.4,77,0.0,902.1,7.6
2025-12-12T08:00,9.4,76,0.0,902.8,9.4
2025-12-12T09:00,12.1,68,0.0,904.2,7.4
2025-12-12T10:00,14.4,60,0.0,905.3,7.2
2025-12-12T11:00,16.0,49,0.0,905.2,10.2
2025-12-12T12:00,16.9,44,0.0,904.6,10.3
2025-12-12T13:00,17.4,43,0.0,903.9,10.7
2025-12-12T14:00,17.5,40,0.0,903.6,11.3
2025-12-12T15:00,17.5,39,0.0,903.5,12.2
2025-12-12T16:00,16.8,41,0.0,903.3,11.9
2025-12-12T17:00,15.4,48,0.0,903.1,9.9
2025-12-12T18:00,14.0,56,0.0,903.3,7.4
2025-12-12T19:00,12.7,64,0.0,903.5,4.4
2025-12-12T20:00,11.8,68,0.0,903.7,4.2
2025-12-12T21:00,11.5,66,0.0,903.6,4.8
2025-12-12T22:00,10.9,66,0.0,903.5,3.7
2025-12-12T23:00,10.2,66,0.0,903.3,3.6
2025-12-13T00:00,9.8,65,0.0,903.1,3.3
2025-12-13T01:00,9.3,64,0.0,902.7,3.5
2025-12-13T02:00,9.2,62,0.0,902.9,3.8
2025-12-13T03:00,8.6,67,0.0,902.5,4.1
2025-12-13T04:00,8.1,68,0.0,902.1,2.5
2025-12-13T05:00,7.7,69,0.0,901.8,3.3
2025-12-13T06:00,6.9,71,0.0,901.9,3.2
2025-12-13T07:00,6.6,71,0.0,902.3,2.5
2025-12-13T08:00,8.3,61,0.0,903.4,2.8
2025-12-13T09:00,11.7,49,0.0,905.2,2.2
2025-12-13T10:00,14.2,42,0.0,906.5,0.8
2025-12-13T11:00,15.7,37,0.0,906.6,3.3
2025-12-13T12:00,16.5,34,0.0,905.9,4.0
2025-12-13T13:00,16.9,33,0.0,905.3,4.1
2025-12-13T14:00,17.3,32,0.0,904.8,3.6
2025-12-13T15:00,17.6,28,0.0,904.5,5.6
2025-12-13T16:00,17.2,29,0.0,904.3,6.6
2025-12-13T17:00,15.9,31,0.0,904.5,6.7
2025-12-13T18:00,14.2,41,0.0,904.7,8.1
2025-12-13T19:00,13.5,44,0.0,904.9,7.8
2025-12-13T20:00,12.5,48,0.0,904.7,7.7
2025-12-13T21:00,11.6,49,0.0,904.7,5.0
2025-12-13T22:00,10.9,53,0.0,904.4,0.5
2025-12-13T23:00,10.1,56,0.0,904.3,0.5
2025-12-14T00:00,9.4,57,0.0,903.9,1.9
2025-12-14T01:00,8.7,58,0.0,903.6,2.6
2025-12-14T02:00,8.6,58,0.0,903.5,5.5
2025-12-14T03:00,8.6,60,0.0,904.0,7.1
2025-12-14T04:00,8.4,62,0.0,903.6,4.8
2025-12-14T05:00,8.1,66,0.0,903.5,5.5
2025-12-14T06:00,7.1,73,0.0,903.6,4.3
2025-12-14T07:00,6.4,77,0.0,903.9,2.5
2025-12-14T08:00,8.1,69,0.0,905.0,2.3
2025-12-14T09:00,9.9,61,0.0,906.1,2.3
2025-12-14T10:00,12.2,57,0.0,907.0,4.2
2025-12-14T11:00,13.9,55,0.0,906.8,8.9
2025-12-14T12:00,14.7,52,0.0,906.0,11.9
2025-12-14T13:00,15.4,48,0.0,905.4,12.6
2025-12-14T14:00,15.9,46,0.0,904.9,12.7
2025-12-14T15:00,16.1,43,0.0,904.7,11.9
2025-12-14T16:00,15.8,45,0.0,904.5,12.2
2025-12-14T17:00,15.1,47,0.0,904.4,13.5
2025-12-14T18:00,14.2,51,0.0,904.6,16.2
2025-12-14T19:00,13.6,56,0.0,905.0,15.0
2025-12-14T20:00,12.1,69,0.0,905.1,17.3
2025-12-14T21:00,11.1,79,0.0,904.3,20.0
2025-12-14T22:00,10.6,82,0.0,904.2,14.2
2025-12-14T23:00,10.3,83,0.0,904.3,10.5
2025-12-15T00:00,10.1,84,0.3,904.0,11.0
2025-12-15T01:00,9.8,89,1.6,904.2,10.5
2025-12-15T02:00,9.4,94,3.5,903.7,13.3
2025-12-15T03:00,9.2,95,4.8,903.0,16.2
2025-12-15T04:00,8.7,86,2.5,902.5,17.6
2025-12-15T05:00,8.4,84,0.5,902.1,9.7
2025-12-15T06:00,8.2,84,0.3,902.4,3.2
2025-12-15T07:00,7.8,85,0.0,903.2,2.9
2025-12-15T08:00,8.6,84,0.0,904.1,5.4
2025-12-15T09:00,9.8,78,0.0,904.5,3.4
2025-12-15T10:00,11.0,74,0.0,904.9,10.1
2025-12-15T11:00,12.0,66,0.0,904.4,10.1
2025-12-15T12:00,12.8,62,0.0,903.3,9.2
2025-12-15T13:00,12.9,62,0.0,902.7,7.8
2025-12-15T14:00,13.2,61,0.0,902.1,6.6
2025-12-15T15:00,13.2,63,0.0,901.5,3.2
2025-12-15T16:00,12.6,66,0.1,901.5,2.9
2025-12-15T17:00,10.9,80,0.0,901.3,8.1
2025-12-15T18:00,9.9,86,0.0,901.5,6.9
2025-12-15T19:00,9.5,91,0.0,901.7,3.1
2025-12-15T20:00,8.7,94,0.0,902.0,3.1
2025-12-15T21:00,9.4,93,0.0,902.1,5.0
2025-12-15T22:00,9.0,95,0.0,902.3,7.6
2025-12-15T23:00,8.4,95,0.0,901.8,8.8
2025-12-16T00:00,8.1,95,0.0,901.2,6.6
2025-12-16T01:00,7.9,97,0.0,901.1,8.0
2025-12-16T02:00,7.9,96,0.0,900.6,10.2
2025-12-16T03:00,8.7,97,0.0,900.3,11.7
2025-12-16T04:00,8.4,97,0.0,899.7,13.2
2025-12-16T05:00,8.1,95,0.0,899.2,12.7
2025-12-16T06:00,8.1,93,0.0,899.3,13.6
2025-12-16T07:00,8.0,95,0.0,899.7,14.9
2025-12-16T08:00,8.6,96,0.0,900.2,14.5
2025-12-16T09:00,9.8,88,0.0,901.0,18.8
2025-12-16T10:00,11.4,80,0.0,901.0,14.8
2025-12-16T11:00,13.0,73,0.0,900.8,14.2
2025-12-16T12:00,13.8,66,0.1,899.9,11.9
2025-12-16T13:00,14.1,56,0.1,899.2,12.6
2025-12-16T14:00,13.8,56,0.1,898.6,13.0
2025-12-16T15:00,10.1,73,0.4,898.7,15.9
2025-12-16T16:00,10.4,73,0.0,898.2,4.0
2025-12-16T17:00,9.6,77,2.1,898.3,1.5
2025-12-16T18:00,8.2,91,2.3,898.8,10.8
2025-12-16T19:00,7.9,84,0.1,899.0,12.6
2025-12-16T20:00,7.5,86,0.0,899.0,7.4
2025-12-16T21:00,7.6,85,0.0,898.8,5.9
2025-12-16T22:00,7.8,83,0.0,899.1,7.7
2025-12-16T23:00,7.9,82,0.0,899.2,15.3
2025-12-17T00:00,7.2,85,0.0,899.5,16.3
2025-12-17T01:00,6.7,87,0.0,899.7,17.3
2025-12-17T02:00,5.9,85,0.0,899.6,17.8
2025-12-17T03:00,6.3,81,0.0,899.6,15.0
2025-12-17T04:00,5.4,78,0.0,899.4,16.9
2025-12-17T05:00,4.7,77,0.0,899.5,17.4
2025-12-17T06:00,4.2,77,0.0,899.7,17.4
2025-12-17T07:00,4.1,78,0.0,900.5,18.7
2025-12-17T08:00,4.6,78,0.0,901.4,17.9
2025-12-17T09:00,5.8,74,0.0,902.5,15.1
2025-12-17T10:00,6.9,69,0.0,903.0,16.1
2025-12-17T11:00,7.9,64,0.0,902.9,13.4
2025-12-17T12:00,8.7,59,0.0,902.1,13.2
2025-12-17T13:00,9.2,58,0.0,901.4,12.6
2025-12-17T14:00,9.6,56,0.0,901.1,12.3
2025-12-17T15:00,9.6,57,0.0,900.8,12.6
2025-12-17T16:00,9.1,58,0.0,901.1,12.8
2025-12-17T17:00,7.9,64,0.0,901.4,11.0
2025-12-17T18:00,6.6,73,0.0,901.8,10.5
2025-12-17T19:00,5.5,77,0.0,902.4,12.1
2025-12-17T20:00,4.7,80,0.0,902.6,15.3
2025-12-17T21:00,4.3,81,0.5,903.0,16.4
2025-12-17T22:00,4.2,83,0.1,903.5,17.5
2025-12-17T23:00,3.8,87,0.8,904.4,16.2
2025-12-18T00:00,3.8,86,0.9,904.6,16.3
2025-12-18T01:00,3.8,86,0.3,904.8,14.0
2025-12-18T02:00,3.5,86,0.2,904.5,14.1
2025-12-18T03:00,4.0,85,0.1,904.9,13.5
2025-12-18T04:00,3.7,87,0.0,905.2,13.7
2025-12-18T05:00,3.6,87,0.0,905.2,18.5
2025-12-18T06:00,3.0,91,0.0,905.7,20.8
2025-12-18T07:00,3.0,91,0.0,906.4,20.0
2025-12-18T08:00,3.3,91,0.0,907.0,17.4
2025-12-18T09:00,4.4,82,0.0,907.8,24.9
2025-12-18T10:00,5.0,82,0.0,908.3,24.6
2025-12-18T11:00,5.4,82,0.0,908.3,22.2
2025-12-18T12:00,5.2,85,0.0,907.8,19.6
2025-12-18T13:00,6.4,77,0.1,907.3,22.9
2025-12-18T14:00,7.3,72,0.0,907.1,22.9
2025-12-18T15:00,7.8,68,0.0,907.2,20.8
2025-12-18T16:00,7.7,74,0.0,907.0,22.2
2025-12-18T17:00,7.6,77,0.0,907.0,18.1
2025-12-18T18:00,6.9,78,0.0,906.8,16.6
2025-12-18T19:00,6.5,78,0.0,907.1,20.5
2025-12-18T20:00,6.2,79,0.0,907.2,21.0
2025-12-18T21:00,6.2,78,0.0,907.5,21.1
2025-12-18T22:00,5.8,80,0.0,907.6,19.8
2025-12-18T23:00,5.7,82,0.0,907.6,20.6
2025-12-19T00:00,5.2,87,0.0,907.7,20.0
2025-12-19T01:00,4.8,91,0.0,908.0,18.4
2025-12-19T02:00,4.7,94,0.0,908.0,17.9
2025-12-19T03:00,5.3,92,0.0,908.0,18.6
2025-12-19T04:00,5.3,89,0.0,908.1,19.6
2025-12-19T05:00,4.9,87,0.0,907.9,18.8
2025-12-19T06:00,4.1,86,0.0,907.6,18.7
2025-12-19T07:00,3.9,83,0.0,907.5,18.7
2025-12-19T08:00,4.6,77,0.0,907.7,20.4
2025-12-19T09:00,6.3,70,0.0,908.2,17.7
2025-12-19T10:00,7.7,60,0.0,908.4,21.8
2025-12-19T11:00,8.6,56,0.0,908.1,22.7
2025-12-19T12:00,9.4,53,0.0,907.3,21.9
2025-12-19T13:00,10.1,50,0.0,906.7,21.2
2025-12-19T14:00,10.6,45,0.0,906.4,19.5
2025-12-19T15:00,10.9,41,0.0,905.8,18.0
2025-12-19T16:00,10.4,43,0.0,905.8,16.2
2025-12-19T17:00,9.1,50,0.0,905.5,13.2
2025-12-19T18:00,7.6,54,0.0,905.2,12.3
2025-12-19T19:00,6.9,54,0.0,905.6,13.4
2025-12-19T20:00,6.6,54,0.0,905.6,15.1
2025-12-19T21:00,6.9,53,0.0,905.4,15.2
2025-12-19T22:00,6.8,53,0.0,905.3,15.3
2025-12-19T23:00,6.6,52,0.0,905.1,15.1
2025-12-20T00:00,6.4,53,0.0,904.7,15.8
2025-12-20T01:00,6.3,54,0.0,904.8,16.5
2025-12-20T02:00,6.1,56,0.0,904.6,17.0
2025-12-20T03:00,5.8,60,0.0,904.5,16.6
2025-12-20T04:00,5.6,62,0.0,904.5,15.6
2025-12-20T05:00,5.2,65,0.0,904.4,14.2
2025-12-20T06:00,4.9,68,0.0,904.5,12.0
2025-12-20T07:00,4.4,72,0.0,904.7,9.5
2025-12-20T08:00,4.7,76,0.0,905.2,7.7
2025-12-20T09:00,7.8,70,0.0,906.3,7.2
2025-12-20T10:00,10.3,59,0.0,907.4,6.0
2025-12-20T11:00,12.1,47,0.0,907.0,8.8
2025-12-20T12:00,13.1,39,0.0,906.3,11.3
2025-12-20T13:00,13.6,36,0.0,905.8,13.2
2025-12-20T14:00,13.7,36,0.0,905.4,13.0
2025-12-20T15:00,13.6,37,0.0,905.3,10.7
2025-12-20T16:00,12.9,40,0.0,905.4,9.2
2025-12-20T17:00,10.9,56,0.0,904.9,6.6
2025-12-20T18:00,8.5,66,0.0,904.5,5.3
2025-12-20T19:00,7.4,69,0.0,904.6,4.3
2025-12-20T20:00,6.8,70,0.0,904.6,3.6
2025-12-20T21:00,6.4,68,0.0,904.6,3.5
2025-12-20T22:00,6.5,64,0.0,904.9,2.1
2025-12-20T23:00,6.1,62,0.0,905.1,1.3
2025-12-21T00:00,5.6,62,0.0,904.9,0.5
2025-12-21T01:00,4.8,64,0.0,904.8,1.2
2025-12-21T02:00,4.2,65,0.0,904.3,2.7
2025-12-21T03:00,3.8,71,0.0,903.6,3.3
2025-12-21T04:00,3.8,72,0.0,903.8,5.4
2025-12-21T05:00,3.4,75,0.0,903.6,7.7
2025-12-21T06:00,3.5,75,0.0,903.8,9.8
2025-12-21T07:00,3.5,75,0.0,904.3,10.7
2025-12-21T08:00,4.7,72,0.0,905.5,12.2
2025-12-21T09:00,7.3,68,0.0,907.1,12.1
2025-12-21T10:00,9.8,61,0.0,908.2,11.3
2025-12-21T11:00,11.8,59,0.0,907.9,12.9
2025-12-21T12:00,13.1,55,0.0,907.2,12.6
2025-12-21T13:00,14.1,49,0.0,906.5,14.4
2025-12-21T14:00,14.4,47,0.0,905.9,16.8
2025-12-21T15:00,14.4,42,0.0,905.5,17.1
2025-12-21T16:00,13.7,44,0.0,905.3,15.9
2025-12-21T17:00,12.1,57,0.0,904.8,13.7
2025-12-21T18:00,10.4,67,0.0,904.3,13.3
2025-12-21T19:00,9.4,72,0.0,904.3,13.8
2025-12-21T20:00,8.6,75,0.0,904.4,14.8
2025-12-21T21:00,8.2,74,0.0,904.4,14.7
2025-12-21T22:00,7.7,75,0.0,904.4,14.3
2025-12-21T23:00,7.2,77,0.0,904.5,15.0
2025-12-22T00:00,6.8,76,0.0,904.5,16.5
2025-12-22T01:00,6.8,75,0.0,904.4,17.9
2025-12-22T02:00,6.7,75,0.0,904.0,18.6
2025-12-22T03:00,6.8,72,0.0,903.8,17.7
2025-12-22T04:00,6.6,69,0.0,903.7,18.9
2025-12-22T05:00,6.5,67,0.0,903.5,20.3
2025-12-22T06:00,6.3,66,0.0,903.5,21.0
2025-12-22T07:00,6.2,65,0.0,903.7,20.4
2025-12-22T08:00,7.1,61,0.0,904.4,19.9
2025-12-22T09:00,9.8,53,0.0,905.6,17.7
2025-12-22T10:00,12.4,45,0.0,906.4,17.5
2025-12-22T11:00,14.8,42,0.0,906.5,18.6
2025-12-22T12:00,16.5,40,0.0,905.8,18.8
2025-12-22T13:00,17.8,39,0.0,905.4,18.7
2025-12-22T14:00,18.4,39,0.0,905.1,17.8
2025-12-22T15:00,18.6,39,0.0,904.8,15.9
2025-12-22T16:00,18.0,42,0.0,904.7,14.8
2025-12-22T17:00,16.1,51,0.0,904.3,13.2
2025-12-22T18:00,13.9,61,0.0,903.9,13.9
2025-12-22T19:00,12.6,67,0.0,904.0,14.4
2025-12-22T20:00,11.4,70,0.0,903.9,14.6
2025-12-22T21:00,11.0,66,0.0,904.0,13.7
2025-12-22T22:00,10.9,61,0.0,904.0,13.9
2025-12-22T23:00,10.6,58,0.0,903.8,15.6
2025-12-23T00:00,10.4,56,0.0,903.8,15.4
2025-12-23T01:00,9.9,59,0.0,903.5,16.4
2025-12-23T02:00,9.9,59,0.0,903.3,18.3
2025-12-23T03:00,9.9,60,0.0,902.9,19.6
2025-12-23T04:00,9.7,60,0.0,902.5,19.0
2025-12-23T05:00,9.4,60,0.0,902.5,18.6
2025-12-23T06:00,9.2,59,0.0,902.5,18.0
2025-12-23T07:00,9.1,58,0.0,902.7,17.5
2025-12-23T08:00,9.8,53,0.0,903.4,17.1
2025-12-23T09:00,12.4,46,0.0,904.8,14.2
2025-12-23T10:00,15.1,40,0.0,905.9,15.4
2025-12-23T11:00,17.6,37,0.0,905.7,16.4
2025-12-23T12:00,19.6,34,0.0,905.2,17.1
2025-12-23T13:00,20.9,35,0.0,904.8,17.3
2025-12-23T14:00,21.1,39,0.0,904.3,17.1
2025-12-23T15:00,21.5,43,0.0,904.0,14.7
2025-12-23T16:00,20.9,46,0.0,904.1,13.6
2025-12-23T17:00,19.4,50,0.0,903.9,11.9
2025-12-23T18:00,17.4,56,0.0,903.7,11.7
2025-12-23T19:00,16.0,63,0.0,903.7,10.2
2025-12-23T20:00,14.7,68,0.0,903.3,13.0
2025-12-23T21:00,14.0,69,0.0,903.2,12.8
2025-12-23T22:00,13.9,65,0.0,902.8,13.6
2025-12-23T23:00,14.2,61,0.0,903.1,12.4
2025-12-24T00:00,14.9,58,0.0,903.2,9.6
2025-12-24T01:00,14.5,61,0.0,903.5,8.0
2025-12-24T02:00,13.9,66,0.0,903.8,8.0
2025-12-24T03:00,13.1,73,0.0,903.7,10.2
2025-12-24T04:00,13.1,73,0.0,904.1,11.4
2025-12-24T05:00,11.9,72,0.0,904.1,11.3
2025-12-24T06:00,10.9,68,0.0,904.3,11.2
2025-12-24T07:00,10.4,65,0.0,904.8,10.1
2025-12-24T08:00,11.1,59,0.0,905.9,9.1
2025-12-24T09:00,13.5,48,0.0,907.4,7.6
2025-12-24T10:00,15.6,38,0.0,908.7,10.9
2025-12-24T11:00,16.2,34,0.0,908.3,14.3
2025-12-24T12:00,17.0,30,0.0,907.7,13.7
2025-12-24T13:00,17.7,29,0.0,907.2,13.2
2025-12-24T14:00,17.9,30,0.0,907.0,11.9
2025-12-24T15:00,17.6,30,0.0,906.7,12.6
2025-12-24T16:00,17.0,31,0.0,906.9,12.4
2025-12-24T17:00,15.9,33,0.0,907.0,11.4
2025-12-24T18:00,14.4,36,0.0,907.0,10.2
2025-12-24T19:00,13.2,38,0.0,907.2,11.2
2025-12-24T20:00,12.1,41,0.0,907.2,10.6
2025-12-24T21:00,11.4,41,0.0,907.1,8.7
2025-12-24T22:00,10.6,45,0.0,907.1,7.3
2025-12-24T23:00,9.8,49,0.0,906.8,6.9
2025-12-25T00:00,8.6,55,0.0,906.5,5.0
2025-12-25T01:00,7.6,61,0.0,906.3,4.2
2025-12-25T02:00,6.9,64,0.0,906.1,3.4
2025-12-25T03:00,6.7,66,0.0,906.0,2.2
2025-12-25T04:00,6.7,67,0.0,906.0,1.2
2025-12-25T05:00,6.6,69,0.0,906.0,1.2
2025-12-25T06:00,6.2,71,0.0,906.2,1.3
2025-12-25T07:00,5.7,75,0.0,906.5,1.5
2025-12-25T08:00,6.4,72,0.0,907.6,2.4
2025-12-25T09:00,8.2,66,0.0,908.7,2.5
2025-12-25T10:00,10.2,59,0.0,909.1,5.1
2025-12-25T11:00,12.4,48,0.0,908.6,7.4
2025-12-25T12:00,13.9,41,0.0,907.7,8.6
2025-12-25T13:00,14.9,37,0.0,906.7,9.2
2025-12-25T14:00,15.8,35,0.0,906.4,9.9
2025-12-25T15:00,16.0,38,0.0,905.9,10.7
2025-12-25T16:00,15.6,44,0.0,905.6,11.4
2025-12-25T17:00,15.0,47,0.0,905.3,11.3
2025-12-25T18:00,14.6,48,0.0,905.3,8.6
2025-12-25T19:00,14.2,51,0.0,905.1,9.7
2025-12-25T20:00,13.2,57,0.0,905.1,7.5
2025-12-25T21:00,12.6,62,0.0,905.0,8.4
2025-12-25T22:00,12.3,64,0.0,904.6,10.7
2025-12-25T23:00,11.8,65,0.0,904.4,10.3
2025-12-26T00:00,10.8,70,0.0,903.6,9.3
2025-12-26T01:00,9.9,74,0.0,903.0,9.6
2025-12-26T02:00,9.4,76,0.0,902.6,12.3
2025-12-26T03:00,10.2,72,0.3,902.8,13.0
2025-12-26T04:00,9.8,73,0.0,902.2,7.7
2025-12-26T05:00,9.6,74,0.7,901.9,10.1
2025-12-26T06:00,9.2,86,1.4,901.8,12.1
2025-12-26T07:00,9.3,90,0.0,901.6,13.6
2025-12-26T08:00,9.7,86,0.0,902.0,17.2
2025-12-26T09:00,11.9,74,0.0,903.3,12.6
2025-12-26T10:00,14.2,61,0.2,904.0,13.6
2025-12-26T11:00,15.1,57,0.2,903.6,7.7
2025-12-26T12:00,16.9,51,0.0,902.9,12.8
2025-12-26T13:00,17.1,52,0.0,902.1,15.0
2025-12-26T14:00,17.9,50,0.0,901.6,11.1
2025-12-26T15:00,18.9,45,0.0,901.3,8.8
2025-12-26T16:00,19.1,44,0.0,901.2,3.5
2025-12-26T17:00,18.0,46,0.0,901.0,7.5
2025-12-26T18:00,16.1,52,0.0,900.7,5.8
2025-12-26T19:00,15.0,57,0.0,901.0,1.4
2025-12-26T20:00,14.2,60,0.0,901.1,0.3
2025-12-26T21:00,13.4,61,0.0,900.9,2.1
2025-12-26T22:00,13.1,66,0.0,900.6,3.9
2025-12-26T23:00,12.0,74,0.0,900.3,8.2
2025-12-27T00:00,11.4,77,0.0,899.7,8.9
2025-12-27T01:00,10.9,79,0.0,899.7,9.4
2025-12-27T02:00,10.1,81,0.0,899.0,8.1
2025-12-27T03:00,10.1,81,0.0,898.8,1.5
2025-12-27T04:00,9.9,81,0.0,898.8,1.7
2025-12-27T05:00,9.4,82,0.0,898.6,1.2
2025-12-27T06:00,8.8,84,0.0,898.6,1.8
2025-12-27T07:00,7.9,88,0.0,899.0,3.1
2025-12-27T08:00,8.9,85,0.0,899.8,3.8
2025-12-27T09:00,10.0,86,0.0,901.5,4.0
2025-12-27T10:00,11.1,83,0.0,902.0,3.3
2025-12-27T11:00,12.9,75,0.0,901.7,5.2
2025-12-27T12:00,14.4,70,0.0,900.9,7.2
2025-12-27T13:00,15.4,66,0.0,900.0,7.1
2025-12-27T14:00,16.5,62,0.0,899.4,7.6
2025-12-27T15:00,16.9,61,0.1,899.0,9.3
2025-12-27T16:00,16.4,65,0.0,898.8,9.6
2025-12-27T17:00,14.8,73,0.0,898.5,10.7
2025-12-27T18:00,12.7,83,0.0,898.2,12.7
2025-12-27T19:00,11.7,84,0.0,898.2,9.9
2025-12-27T20:00,10.6,90,0.0,897.7,4.0
2025-12-27T21:00,10.6,89,0.0,897.6,1.9
2025-12-27T22:00,9.7,93,0.0,897.2,2.0
2025-12-27T23:00,9.6,91,0.0,896.8,4.4
2025-12-28T00:00,9.2,88,0.0,896.1,6.2
2025-12-28T01:00,9.1,81,0.0,895.7,8.9
2025-12-28T02:00,10.1,56,0.0,896.2,15.9
2025-12-28T03:00,10.8,61,0.0,896.5,15.9
2025-12-28T04:00,10.1,72,0.0,896.4,15.3
2025-12-28T05:00,9.5,80,0.0,896.3,17.2
2025-12-28T06:00,9.0,81,0.0,896.8,19.1
2025-12-28T07:00,8.4,79,0.0,897.5,17.1
2025-12-28T08:00,8.5,72,0.0,898.1,12.4
2025-12-28T09:00,10.5,60,0.0,899.2,7.1
2025-12-28T10:00,12.4,48,0.0,899.8,10.8
2025-12-28T11:00,13.6,43,0.0,899.7,16.1
2025-12-28T12:00,14.4,39,0.0,899.0,19.2
2025-12-28T13:00,15.3,33,0.0,898.2,22.0
2025-12-28T14:00,15.5,33,0.0,897.9,23.4
2025-12-28T15:00,15.5,34,0.0,898.2,20.6
2025-12-28T16:00,14.9,35,0.0,898.2,20.3
2025-12-28T17:00,14.1,36,0.0,898.5,17.5
2025-12-28T18:00,13.0,38,0.0,898.8,15.9
2025-12-28T19:00,12.2,40,0.0,899.7,14.6
2025-12-28T20:00,11.7,41,0.0,899.9,12.7
2025-12-28T21:00,11.5,40,0.0,899.9,9.5
2025-12-28T22:00,11.1,40,0.0,900.1,6.8
2025-12-28T23:00,10.2,43,0.0,900.0,5.8
2025-12-29T00:00,9.1,46,0.0,899.7,5.1
2025-12-29T01:00,7.7,51,0.0,899.4,6.7
2025-12-29T02:00,6.9,54,0.0,899.0,7.8
2025-12-29T03:00,7.7,57,0.0,899.3,6.8
2025-12-29T04:00,7.6,55,0.0,899.3,6.7
2025-12-29T05:00,6.9,57,0.0,899.5,6.8
2025-12-29T06:00,6.2,60,0.0,899.9,6.0
2025-12-29T07:00,5.4,62,0.0,900.3,5.2
2025-12-29T08:00,5.9,60,0.0,901.1,7.0
2025-12-29T09:00,9.2,50,0.0,903.2,6.0
2025-12-29T10:00,12.2,41,0.0,904.3,7.0
2025-12-29T11:00,14.1,33,0.0,904.3,11.3
2025-12-29T12:00,15.4,26,0.0,903.5,17.1
2025-12-29T13:00,15.9,25,0.0,902.7,20.2
2025-12-29T14:00,16.1,26,0.0,902.1,22.5
2025-12-29T15:00,16.1,26,0.0,902.0,24.9
2025-12-29T16:00,15.8,26,0.0,901.9,25.1
2025-12-29T17:00,14.9,26,0.0,902.2,22.3
2025-12-29T18:00,13.8,29,0.0,902.3,18.2
2025-12-29T19:00,13.1,31,0.0,902.6,11.2
2025-12-29T20:00,12.8,32,0.0,903.0,12.1
2025-12-29T21:00,12.6,30,0.0,903.6,13.1
2025-12-29T22:00,11.8,29,0.0,903.7,10.8
2025-12-29T23:00,10.9,30,0.0,903.8,8.5
2025-12-30T00:00,10.1,30,0.0,903.3,8.6
2025-12-30T01:00,9.8,31,0.0,903.7,10.4
2025-12-30T02:00,9.2,34,0.0,903.8,11.2
2025-12-30T03:00,9.2,42,0.0,903.9,11.4
2025-12-30T04:00,8.6,45,0.0,904.1,10.7
2025-12-30T05:00,8.2,49,0.0,904.2,10.3
2025-12-30T06:00,7.8,54,0.0,905.0,11.0
2025-12-30T07:00,7.8,58,0.0,906.0,11.6
2025-12-30T08:00,8.5,61,0.0,906.9,12.9
2025-12-30T09:00,10.8,53,0.0,908.2,11.1
2025-12-30T10:00,12.4,50,0.0,908.8,15.2
2025-12-30T11:00,13.1,49,0.0,909.1,17.2
2025-12-30T12:00,13.8,46,0.0,909.0,15.7
2025-12-30T13:00,14.5,43,0.0,908.4,14.3
2025-12-30T14:00,14.9,40,0.0,908.1,12.9
2025-12-30T15:00,14.9,40,0.0,908.0,9.5
2025-12-30T16:00,14.6,40,0.0,907.9,8.7
2025-12-30T17:00,13.8,42,0.0,908.0,7.8
2025-12-30T18:00,12.3,47,0.0,908.0,5.7
2025-12-30T19:00,10.9,52,0.0,907.9,4.3
2025-12-30T20:00,10.3,55,0.0,908.3,1.2
2025-12-30T21:00,9.6,58,0.0,908.0,1.7
2025-12-30T22:00,8.7,62,0.0,907.8,1.9
2025-12-30T23:00,7.9,64,0.0,907.3,2.2
2025-12-31T00:00,7.1,68,0.0,906.7,4.9
2025-12-31T01:00,6.5,71,0.0,906.1,5.1
2025-12-31T02:00,6.3,71,0.0,906.0,7.3
2025-12-31T03:00,6.3,72,0.0,905.6,12.0
2025-12-31T04:00,5.9,74,0.0,905.4,13.9
2025-12-31T05:00,5.6,77,0.0,905.1,14.4
2025-12-31T06:00,5.3,79,0.0,905.1,15.2
2025-12-31T07:00,5.2,81,0.0,905.4,17.1
2025-12-31T08:00,6.1,77,0.0,906.1,18.2
2025-12-31T09:00,9.1,63,0.0,907.0,17.1
2025-12-31T10:00,12.1,51,0.0,907.2,19.0
2025-12-31T11:00,14.8,40,0.0,907.0,22.3
2025-12-31T12:00,16.8,31,0.0,906.1,25.3
2025-12-31T13:00,18.3,25,0.0,904.9,26.8
2025-12-31T14:00,19.2,21,0.0,904.0,27.0
2025-12-31T15:00,19.5,19,0.0,903.6,24.9
2025-12-31T16:00,18.9,21,0.0,903.3,24.2
2025-12-31T17:00,17.8,24,0.0,902.8,19.8
2025-12-31T18:00,16.5,25,0.0,902.3,17.8
2025-12-31T19:00,15.4,27,0.0,902.2,16.3
2025-12-31T20:00,14.1,30,0.0,902.2,14.6
2025-12-31T21:00,13.4,33,0.0,902.2,14.1
2025-12-31T22:00,13.1,31,0.0,902.0,15.4
2025-12-31T23:00,13.0,27,0.0,901.7,13.8
2026-01-01T00:00,12.6,26,0.0,901.4,10.5
2026-01-01T01:00,12.2,27,0.0,901.2,10.8
2026-01-01T02:00,12.3,30,0.0,901.3,13.0
2026-01-01T03:00,11.7,33,0.0,901.0,11.3
2026-01-01T04:00,10.5,36,0.0,900.9,8.6
2026-01-01T05:00,9.7,38,0.0,900.6,7.8
2026-01-01T06:00,9.1,40,0.0,901.3,8.0
2026-01-01T07:00,8.6,41,0.0,901.7,6.8
2026-01-01T08:00,9.6,39,0.0,902.6,7.4
2026-01-01T09:00,12.5,32,0.0,904.1,7.1
2026-01-01T10:00,15.4,25,0.0,905.5,7.3
2026-01-01T11:00,17.3,20,0.0,905.4,11.2
2026-01-01T12:00,18.5,16,0.0,905.0,11.9
2026-01-01T13:00,19.3,14,0.0,904.5,10.3
2026-01-01T14:00,19.9,13,0.0,904.2,8.3
2026-01-01T15:00,19.9,13,0.0,904.1,9.6
2026-01-01T16:00,19.5,14,0.0,904.1,10.0
2026-01-01T17:00,18.2,16,0.0,904.1,7.8
2026-01-01T18:00,15.6,20,0.0,903.7,4.5
2026-01-01T19:00,14.4,24,0.0,903.9,3.1
2026-01-01T20:00,13.2,26,0.0,903.5,3.0
2026-01-01T21:00,12.6,29,0.0,903.7,0.9
2026-01-01T22:00,11.9,29,0.0,903.9,4.8
2026-01-01T23:00,11.4,29,0.0,903.8,11.3
2026-01-02T00:00,11.1,30,0.0,903.6,13.4
2026-01-02T01:00,11.1,30,0.0,903.5,11.5
2026-01-02T02:00,10.6,32,0.0,903.1,9.7
2026-01-02T03:00,11.9,39,0.0,903.8,10.5
2026-01-02T04:00,11.8,44,0.0,903.7,11.8
2026-01-02T05:00,11.6,49,0.0,903.8,11.4
2026-01-02T06:00,11.6,53,0.0,904.3,10.5
2026-01-02T07:00,11.5,55,0.0,905.1,10.7
2026-01-02T08:00,12.2,53,0.0,906.2,11.7
2026-01-02T09:00,14.5,46,0.0,907.4,9.7
2026-01-02T10:00,16.5,41,0.0,908.5,5.2
2026-01-02T11:00,18.1,35,0.0,908.7,3.0
2026-01-02T12:00,19.3,32,0.0,908.1,3.9
2026-01-02T13:00,20.1,30,0.0,907.7,4.7
2026-01-02T14:00,20.7,28,0.0,907.3,6.8
2026-01-02T15:00,19.5,33,0.0,907.3,12.2
2026-01-02T16:00,18.5,35,0.0,907.4,13.4
2026-01-02T17:00,17.4,36,0.0,907.3,11.2
2026-01-02T18:00,16.0,39,0.0,907.2,10.3
2026-01-02T19:00,14.8,37,0.0,907.4,11.8
2026-01-02T20:00,13.7,37,0.0,907.5,8.6
2026-01-02T21:00,12.9,38,0.0,907.5,8.5
2026-01-02T22:00,12.1,39,0.0,907.5,6.9
2026-01-02T23:00,10.9,43,0.0,907.3,5.0
2026-01-03T00:00,10.1,49,0.0,906.8,4.9
2026-01-03T01:00,9.4,54,0.0,906.7,4.9
2026-01-03T02:00,8.6,58,0.0,906.8,4.6
2026-01-03T03:00,8.3,56,0.0,906.4,3.8
2026-01-03T04:00,8.4,57,0.0,906.2,2.3
2026-01-03T05:00,8.2,57,0.0,906.1,1.5
2026-01-03T06:00,7.8,59,0.0,906.6,1.4
2026-01-03T07:00,7.3,60,0.0,907.2,1.9
2026-01-03T08:00,8.1,57,0.0,908.3,3.8
2026-01-03T09:00,10.6,48,0.0,909.9,5.9
2026-01-03T10:00,12.8,41,0.0,911.1,9.9
2026-01-03T11:00,14.4,36,0.0,911.4,15.1
2026-01-03T12:00,15.5,33,0.0,911.0,19.4
2026-01-03T13:00,16.2,31,0.0,910.3,20.3
2026-01-03T14:00,16.6,30,0.0,910.0,20.1
2026-01-03T15:00,16.2,33,0.0,909.9,19.8
2026-01-03T16:00,15.6,35,0.0,909.8,19.9
2026-01-03T17:00,14.8,37,0.0,910.3,19.8
2026-01-03T18:00,13.5,41,0.0,910.7,18.1
2026-01-03T19:00,12.4,46,0.0,911.4,18.3
2026-01-03T20:00,11.4,51,0.0,911.9,17.8
2026-01-03T21:00,10.9,54,0.0,912.3,15.5
2026-01-03T22:00,10.1,57,0.0,912.3,14.0
2026-01-03T23:00,9.2,61,0.0,912.3,12.0
2026-01-04T00:00,8.3,66,0.0,912.1,11.4
2026-01-04T01:00,7.4,72,0.0,912.2,9.9
2026-01-04T02:00,6.7,77,0.0,912.2,8.3
2026-01-04T03:00,6.2,83,0.0,911.9,8.3
2026-01-04T04:00,5.7,88,0.0,911.8,8.7
2026-01-04T05:00,5.1,93,0.0,911.8,8.2
2026-01-04T06:00,4.6,95,0.0,912.2,7.3
2026-01-04T07:00,4.1,95,0.0,912.5,6.7
2026-01-04T08:00,4.7,92,0.0,913.3,7.7
2026-01-04T09:00,6.8,76,0.0,914.2,6.7
2026-01-04T10:00,8.9,61,0.0,914.8,10.8
2026-01-04T11:00,10.8,51,0.0,914.7,13.3
2026-01-04T12:00,12.4,45,0.0,913.7,14.4
2026-01-04T13:00,13.6,40,0.0,912.7,15.9
2026-01-04T14:00,14.3,37,0.0,912.4,16.7
2026-01-04T15:00,14.5,37,0.0,911.9,16.9
2026-01-04T16:00,14.0,38,0.0,911.6,17.9
2026-01-04T17:00,12.9,40,0.0,911.4,17.9
2026-01-04T18:00,11.6,45,0.0,911.4,16.0
2026-01-04T19:00,10.4,48,0.0,911.8,15.3
2026-01-04T20:00,9.4,52,0.0,912.2,14.4
2026-01-04T21:00,8.9,53,0.0,912.3,13.5
2026-01-04T22:00,8.2,53,0.0,912.3,11.8
2026-01-04T23:00,7.6,52,0.0,912.0,10.2
2026-01-05T00:00,7.1,50,0.0,911.7,8.9
2026-01-05T01:00,6.9,50,0.0,911.1,7.9
2026-01-05T02:00,6.2,50,0.0,910.8,5.8
2026-01-05T03:00,5.9,52,0.0,910.1,5.0
2026-01-05T04:00,5.3,55,0.0,909.6,3.8
2026-01-05T05:00,5.2,55,0.0,909.4,3.8
2026-01-05T06:00,5.3,54,0.0,909.7,5.8
2026-01-05T07:00,5.2,53,0.0,910.0,9.1
2026-01-05T08:00,5.9,47,0.0,910.6,12.3
2026-01-05T09:00,9.1,36,0.0,912.2,13.5
2026-01-05T10:00,11.6,28,0.0,912.8,14.1
2026-01-05T11:00,14.1,24,0.0,912.7,16.0
2026-01-05T12:00,15.9,24,0.0,911.9,17.4
2026-01-05T13:00,17.2,24,0.0,911.1,18.2
2026-01-05T14:00,18.0,24,0.0,910.7,18.1
2026-01-05T15:00,18.1,25,0.0,910.3,15.6
2026-01-05T16:00,17.9,25,0.0,910.1,13.9
2026-01-05T17:00,16.9,26,0.0,909.9,12.4
2026-01-05T18:00,15.0,28,0.0,909.5,13.7
2026-01-05T19:00,13.4,28,0.0,909.6,14.7
2026-01-05T20:00,12.1,26,0.0,909.7,14.5
2026-01-05T21:00,11.4,26,0.0,909.8,13.2
2026-01-05T22:00,10.6,25,0.0,909.7,10.4
2026-01-05T23:00,9.6,25,0.0,909.5,7.7
2026-01-06T00:00,8.9,26,0.0,909.0,6.7
2026-01-06T01:00,8.5,27,0.0,908.7,8.6
2026-01-06T02:00,8.2,28,0.0,908.3,11.3
2026-01-06T03:00,8.4,31,0.0,908.0,13.1
2026-01-06T04:00,8.2,32,0.0,907.9,14.9
2026-01-06T05:00,7.8,33,0.0,907.6,15.7
2026-01-06T06:00,7.4,33,0.0,907.8,16.0
2026-01-06T07:00,7.4,32,0.0,908.2,16.1
2026-01-06T08:00,8.3,29,0.0,909.0,16.4
2026-01-06T09:00,11.0,26,0.0,910.5,15.5
2026-01-06T10:00,13.6,23,0.0,911.6,15.8
2026-01-06T11:00,16.1,21,0.0,911.6,15.5
2026-01-06T12:00,18.4,21,0.0,911.2,15.0
2026-01-06T13:00,19.8,21,0.0,910.6,12.3
2026-01-06T14:00,20.5,21,0.0,910.2,8.1
2026-01-06T15:00,20.5,22,0.0,910.1,6.7
2026-01-06T16:00,20.2,22,0.0,910.0,6.8
2026-01-06T17:00,19.2,24,0.0,910.0,6.9
2026-01-06T18:00,17.6,26,0.0,909.7,8.8
2026-01-06T19:00,16.5,29,0.0,909.6,12.8
2026-01-06T20:00,15.4,31,0.0,909.6,12.4
2026-01-06T21:00,14.7,33,0.0,909.7,13.6
2026-01-06T22:00,13.6,35,0.0,909.5,12.8
2026-01-06T23:00,12.5,38,0.0,909.5,12.3
2026-01-07T00:00,11.6,41,0.0,909.2,12.8
2026-01-07T01:00,10.9,43,0.0,908.7,13.6
2026-01-07T02:00,10.4,43,0.0,908.7,14.5
2026-01-07T03:00,10.5,42,0.0,908.5,14.0
2026-01-07T04:00,10.4,41,0.0,908.4,14.8
2026-01-07T05:00,10.2,41,0.0,908.3,15.0
2026-01-07T06:00,10.0,41,0.0,908.6,14.4
2026-01-07T07:00,9.8,41,0.0,908.8,14.8
2026-01-07T08:00,10.6,39,0.0,909.4,15.0
2026-01-07T09:00,13.4,33,0.0,910.9,13.0
2026-01-07T10:00,16.6,27,0.0,912.5,12.7
2026-01-07T11:00,19.1,23,0.0,912.6,12.7
2026-01-07T12:00,20.9,24,0.0,912.0,10.0
2026-01-07T13:00,21.8,24,0.0,911.2,5.9
2026-01-07T14:00,22.2,23,0.0,910.6,5.8
2026-01-07T15:00,22.1,24,0.0,910.2,7.6
2026-01-07T16:00,21.8,24,0.0,910.4,9.3
2026-01-07T17:00,20.6,26,0.0,910.3,10.0
2026-01-07T18:00,18.9,28,0.0,910.1,7.3
2026-01-07T19:00,18.0,30,0.0,910.3,7.9
2026-01-07T20:00,16.8,33,0.0,910.5,10.0
2026-01-07T21:00,15.3,36,0.0,910.8,6.0
2026-01-07T22:00,14.1,39,0.0,910.4,3.2
2026-01-07T23:00,13.4,40,0.0,909.9,1.9
2026-01-08T00:00,13.1,48,0.0,909.4,0.4
2026-01-08T01:00,12.4,41,0.0,909.3,1.0
2026-01-08T02:00,12.0,41,0.0,908.9,3.3
2026-01-08T03:00,11.6,45,0.0,908.4,3.1
2026-01-08T04:00,11.4,46,0.0,908.2,3.7
2026-01-08T05:00,11.2,47,0.0,908.0,2.5
2026-01-08T06:00,11.2,47,0.0,908.3,2.5
2026-01-08T07:00,10.7,49,0.0,908.7,2.7
2026-01-08T08:00,11.4,47,0.0,909.6,2.0
2026-01-08T09:00,14.1,39,0.0,911.2,4.8
2026-01-08T10:00,16.6,32,0.0,912.7,3.6
2026-01-08T11:00,18.8,28,0.0,912.8,5.2
2026-01-08T12:00,20.0,26,0.0,912.2,6.6
2026-01-08T13:00,20.6,26,0.0,911.2,6.5
2026-01-08T14:00,21.0,25,0.0,910.7,6.2
2026-01-08T15:00,20.9,25,0.0,910.4,5.2
2026-01-08T16:00,20.8,25,0.0,910.3,4.8
2026-01-08T17:00,20.0,27,0.0,909.8,4.4
2026-01-08T18:00,17.5,31,0.0,909.2,4.5
2026-01-08T19:00,16.8,32,0.0,909.1,7.2
2026-01-08T20:00,15.4,35,0.0,908.6,5.5
2026-01-08T21:00,13.9,40,0.0,907.8,3.5
2026-01-08T22:00,13.6,40,0.0,907.3,8.8
2026-01-08T23:00,12.8,41,0.0,906.8,10.9
2026-01-09T00:00,12.4,42,0.0,906.5,12.4
2026-01-09T01:00,11.9,42,0.0,906.1,14.4
2026-01-09T02:00,11.6,44,0.0,906.2,15.4
2026-01-09T03:00,10.9,47,0.0,905.1,15.5
2026-01-09T04:00,10.4,49,0.0,905.0,16.5
2026-01-09T05:00,10.1,48,0.0,904.8,17.6
2026-01-09T06:00,10.0,48,0.0,904.4,17.9
2026-01-09T07:00,9.9,47,0.0,904.3,19.1
2026-01-09T08:00,10.9,43,0.0,904.3,20.6
2026-01-09T09:00,13.9,36,0.0,905.4,19.0
2026-01-09T10:00,16.6,29,0.0,905.9,20.7
2026-01-09T11:00,19.4,24,0.0,905.5,23.4
2026-01-09T12:00,21.2,20,0.0,904.8,27.9
2026-01-09T13:00,22.2,17,0.0,903.7,27.7
2026-01-09T14:00,22.8,16,0.0,902.5,27.4
2026-01-09T15:00,23.1,15,0.0,902.2,24.9
2026-01-09T16:00,22.6,15,0.0,902.0,23.3
2026-01-09T17:00,22.1,16,0.0,901.5,19.2
2026-01-09T18:00,21.0,17,0.0,901.2,14.5
2026-01-09T19:00,20.5,18,0.0,901.4,15.4
2026-01-09T20:00,21.5,19,0.0,901.9,28.0
2026-01-09T21:00,20.6,23,0.0,902.2,24.9
2026-01-09T22:00,17.5,36,0.0,902.6,30.5
2026-01-09T23:00,13.8,55,0.0,902.6,23.0
2026-01-10T00:00,12.9,64,0.0,902.8,21.2
2026-01-10T01:00,11.8,74,0.0,903.2,15.7
2026-01-10T02:00,11.6,73,0.0,903.7,16.3
2026-01-10T03:00,11.4,67,0.0,904.2,18.9
2026-01-10T04:00,9.9,62,0.0,904.4,16.4
2026-01-10T05:00,9.1,59,0.0,904.6,15.4
2026-01-10T06:00,8.2,61,0.0,905.1,16.3
2026-01-10T07:00,7.5,65,0.0,905.7,17.4
2026-01-10T08:00,7.7,66,0.0,906.6,18.7
2026-01-10T09:00,9.4,57,0.0,907.4,22.2
2026-01-10T10:00,10.4,52,0.0,908.2,24.2
2026-01-10T11:00,11.7,46,0.0,908.1,22.4
2026-01-10T12:00,12.9,41,0.0,907.5,20.4
2026-01-10T13:00,13.6,38,0.0,906.9,19.6
2026-01-10T14:00,14.1,36,0.0,906.8,17.4
2026-01-10T15:00,14.1,36,0.0,906.6,13.1
2026-01-10T16:00,13.6,37,0.0,906.8,12.4
2026-01-10T17:00,12.8,40,0.0,907.1,11.4
2026-01-10T18:00,11.6,45,0.0,907.4,9.1
2026-01-10T19:00,10.6,49,0.0,907.7,8.8
2026-01-10T20:00,9.9,52,0.0,907.9,7.5
2026-01-10T21:00,9.1,55,0.0,908.0,4.7
2026-01-10T22:00,8.2,59,0.0,907.9,3.9
2026-01-10T23:00,7.8,62,0.0,907.8,1.6
2026-01-11T00:00,7.3,65,0.0,907.6,0.8
2026-01-11T01:00,6.8,68,0.0,907.3,0.7
2026-01-11T02:00,5.9,71,0.0,907.1,2.3
2026-01-11T03:00,5.6,71,0.0,907.0,4.6
2026-01-11T04:00,5.4,71,0.0,906.8,5.9
2026-01-11T05:00,5.1,73,0.0,906.8,5.9
2026-01-11T06:00,4.7,76,0.0,907.3,5.1
2026-01-11T07:00,4.2,77,0.0,907.5,4.7
2026-01-11T08:00,5.0,73,0.0,908.5,6.6
2026-01-11T09:00,8.1,60,0.0,909.6,5.3
2026-01-11T10:00,11.1,49,0.0,910.6,6.6
2026-01-11T11:00,13.4,41,0.0,910.4,9.5
2026-01-11T12:00,15.1,35,0.0,909.9,13.1
2026-01-11T13:00,16.5,32,0.0,908.9,13.6
2026-01-11T14:00,17.5,29,0.0,908.4,14.4
2026-01-11T15:00,18.2,28,0.0,907.8,14.4
2026-01-11T16:00,18.2,29,0.0,907.6,13.3
2026-01-11T17:00,17.5,31,0.0,907.5,11.7
2026-01-11T18:00,15.9,35,0.0,907.2,10.6
2026-01-11T19:00,14.9,38,0.0,907.5,12.6
2026-01-11T20:00,13.8,41,0.0,907.5,14.5
2026-01-11T21:00,13.2,42,0.0,907.7,14.6
2026-01-11T22:00,12.4,44,0.0,907.2,14.8
2026-01-11T23:00,11.6,46,0.0,906.7,13.8
2026-01-12T00:00,11.0,49,0.0,906.2,13.1
2026-01-12T01:00,10.6,50,0.0,906.1,13.4
2026-01-12T02:00,10.2,51,0.0,905.8,15.1
2026-01-12T03:00,10.2,51,0.0,905.4,16.0
2026-01-12T04:00,10.0,51,0.0,904.8,16.8
2026-01-12T05:00,9.8,51,0.0,904.4,17.7
2026-01-12T06:00,9.9,50,0.0,904.5,18.5
2026-01-12T07:00,9.6,51,0.0,904.7,18.8
2026-01-12T08:00,10.1,49,0.0,905.1,19.6
2026-01-12T09:00,12.8,40,0.0,906.4,17.0
2026-01-12T10:00,15.1,34,0.0,906.9,17.4
2026-01-12T11:00,18.1,25,0.0,907.1,22.5
2026-01-12T12:00,20.1,21,0.0,906.6,23.2
2026-01-12T13:00,21.7,20,0.0,905.7,23.1
2026-01-12T14:00,22.5,24,0.0,904.9,22.8
2026-01-12T15:00,22.6,28,0.0,904.5,21.3
2026-01-12T16:00,22.4,27,0.0,904.2,21.2
2026-01-12T17:00,21.6,24,0.0,903.7,18.1
2026-01-12T18:00,20.0,23,0.0,903.2,12.9
2026-01-12T19:00,18.9,26,0.0,903.2,10.6
2026-01-12T20:00,18.9,37,0.0,903.3,13.4
2026-01-12T21:00,18.5,39,0.0,903.2,15.7
2026-01-12T22:00,17.7,41,0.0,903.0,14.0
2026-01-12T23:00,17.8,48,0.0,902.8,18.1
2026-01-13T00:00,18.0,51,0.0,902.6,21.4
2026-01-13T01:00,17.2,53,0.0,902.5,22.4
2026-01-13T02:00,16.4,57,0.0,902.1,24.2
2026-01-13T03:00,15.9,62,0.0,901.6,24.9
2026-01-13T04:00,15.4,67,0.0,901.5,26.2
2026-01-13T05:00,14.8,71,0.0,901.3,27.6
2026-01-13T06:00,14.1,75,0.0,901.5,27.9
2026-01-13T07:00,13.6,74,0.0,902.2,28.4
2026-01-13T08:00,13.9,64,0.0,902.8,27.7
2026-01-13T09:00,15.7,49,0.0,904.2,21.3
2026-01-13T10:00,16.7,30,0.0,905.0,25.1
2026-01-13T11:00,17.0,28,0.0,905.2,21.1
2026-01-13T12:00,17.5,27,0.0,904.9,18.0
2026-01-13T13:00,17.8,27,0.0,904.4,14.4
2026-01-13T14:00,17.9,26,0.0,904.3,13.0
2026-01-13T15:00,19.0,24,0.0,904.4,10.2
2026-01-13T16:00,18.4,25,0.0,904.4,10.3
2026-01-13T17:00,17.3,27,0.0,904.3,10.1
2026-01-13T18:00,15.6,32,0.0,904.0,9.6
2026-01-13T19:00,14.4,34,0.0,904.5,11.8
2026-01-13T20:00,13.2,35,0.0,904.6,12.7
2026-01-13T21:00,12.6,36,0.0,905.0,9.2
2026-01-13T22:00,11.4,39,0.0,904.4,3.8
2026-01-13T23:00,10.8,41,0.0,904.0,3.6
2026-01-14T00:00,9.9,44,0.0,903.5,5.7
2026-01-14T01:00,9.0,47,0.0,903.2,7.8
2026-01-14T02:00,8.3,51,0.0,903.5,4.7
2026-01-14T03:00,8.9,50,0.0,904.4,8.9
2026-01-14T04:00,8.2,51,0.0,904.8,14.6
2026-01-14T05:00,7.7,45,0.0,905.0,14.6
2026-01-14T06:00,7.2,44,0.0,905.3,14.3
2026-01-14T07:00,6.8,46,0.0,906.1,12.5
2026-01-14T08:00,7.2,47,0.0,906.7,11.3
2026-01-14T09:00,9.4,41,0.0,908.3,10.7
2026-01-14T10:00,10.6,38,0.0,908.7,11.8
2026-01-14T11:00,11.9,35,0.0,908.4,9.7
2026-01-14T12:00,13.1,32,0.0,907.5,8.9
2026-01-14T13:00,14.1,29,0.0,906.9,7.3
2026-01-14T14:00,14.9,27,0.0,906.3,6.1
2026-01-14T15:00,15.0,24,0.0,906.2,10.1
2026-01-14T16:00,14.5,24,0.0,905.9,11.7
2026-01-14T17:00,13.4,26,0.0,905.8,12.0
2026-01-14T18:00,11.9,30,0.0,905.7,10.7
2026-01-14T19:00,10.8,33,0.0,906.1,10.7
2026-01-14T20:00,9.9,37,0.0,906.2,7.3
2026-01-14T21:00,8.4,44,0.0,906.2,3.6
2026-01-14T22:00,7.9,47,0.0,906.2,2.3
2026-01-14T23:00,7.3,48,0.0,906.3,4.9
2026-01-15T00:00,7.6,48,0.0,906.4,8.1
2026-01-15T01:00,7.1,51,0.0,906.6,8.0
2026-01-15T02:00,6.0,56,0.0,906.3,5.1
2026-01-15T03:00,5.8,58,0.0,906.1,5.3
2026-01-15T04:00,5.8,60,0.0,905.9,5.5
2026-01-15T05:00,5.6,62,0.0,905.9,6.1
2026-01-15T06:00,5.9,60,0.0,906.9,11.6
2026-01-15T07:00,5.6,63,0.0,908.0,11.7
2026-01-15T08:00,5.9,66,0.0,908.6,12.5
2026-01-15T09:00,7.3,65,0.0,909.9,14.3
2026-01-15T10:00,8.4,63,0.0,910.6,18.5
2026-01-15T11:00,9.4,58,0.0,910.6,17.5
2026-01-15T12:00,10.2,51,0.0,909.8,15.8
2026-01-15T13:00,11.1,46,0.0,909.0,13.7
2026-01-15T14:00,11.6,44,0.0,908.4,13.5
2026-01-15T15:00,12.1,42,0.0,908.3,13.3
2026-01-15T16:00,11.6,43,0.0,908.2,13.3
2026-01-15T17:00,10.6,45,0.0,908.3,12.1
2026-01-15T18:00,9.4,49,0.0,908.2,11.0
2026-01-15T19:00,8.4,53,0.0,908.7,10.4
2026-01-15T20:00,7.6,56,0.0,908.8,8.2
2026-01-15T21:00,6.9,57,0.0,909.1,5.9
2026-01-15T22:00,6.3,60,0.0,909.1,5.0
2026-01-15T23:00,5.2,64,0.0,908.7,4.3
2026-01-16T00:00,4.4,68,0.0,908.5,4.1
2026-01-16T01:00,4.0,70,0.0,908.7,2.3
2026-01-16T02:00,3.4,72,0.0,908.4,1.7
2026-01-16T03:00,3.0,74,0.0,908.2,1.2
2026-01-16T04:00,2.5,76,0.0,908.0,1.1
2026-01-16T05:00,2.2,77,0.0,907.7,1.4
2026-01-16T06:00,2.0,77,0.0,907.8,0.9
2026-01-16T07:00,1.5,78,0.0,908.2,1.0
2026-01-16T08:00,2.7,73,0.0,909.1,3.9
2026-01-16T09:00,5.6,60,0.0,910.2,5.2
2026-01-16T10:00,7.9,51,0.0,911.2,6.1
2026-01-16T11:00,9.8,44,0.0,910.7,6.2
2026-01-16T12:00,11.4,38,0.0,909.9,6.0
2026-01-16T13:00,12.8,34,0.0,908.9,6.8
2026-01-16T14:00,13.7,32,0.0,908.3,7.4
2026-01-16T15:00,13.9,31,0.0,907.9,7.4
2026-01-16T16:00,14.1,30,0.0,907.6,7.8
2026-01-16T17:00,13.4,31,0.0,907.0,8.3
2026-01-16T18:00,12.0,34,0.0,906.7,7.8
2026-01-16T19:00,11.1,37,0.0,906.9,8.6
2026-01-16T20:00,10.1,39,0.0,907.0,9.3
2026-01-16T21:00,9.2,42,0.0,907.2,11.0
2026-01-16T22:00,8.4,45,0.0,907.1,9.5
2026-01-16T23:00,7.6,47,0.0,907.1,8.6
2026-01-17T00:00,6.9,50,0.0,906.6,9.1
2026-01-17T01:00,6.6,51,0.0,906.3,10.1
2026-01-17T02:00,6.2,52,0.0,906.2,12.3
2026-01-17T03:00,6.5,51,0.0,905.6,13.5
2026-01-17T04:00,6.3,51,0.0,905.3,14.4
2026-01-17T05:00,6.0,52,0.0,905.0,15.7
2026-01-17T06:00,5.5,53,0.0,905.0,16.7
2026-01-17T07:00,5.4,53,0.0,905.8,18.2
2026-01-17T08:00,6.1,50,0.0,906.1,18.2
2026-01-17T09:00,8.8,41,0.0,907.0,15.8
2026-01-17T10:00,11.6,33,0.0,907.2,16.6
2026-01-17T11:00,14.4,30,0.0,906.7,19.8
2026-01-17T12:00,16.5,30,0.0,906.0,21.3
2026-01-17T13:00,18.0,31,0.0,905.2,22.0
2026-01-17T14:00,19.0,31,0.0,904.4,22.3
2026-01-17T15:00,19.2,31,0.0,903.8,20.0
2026-01-17T16:00,19.1,31,0.0,903.4,18.2
2026-01-17T17:00,18.4,32,0.0,903.1,15.3
2026-01-17T18:00,16.4,37,0.0,902.5,12.8
2026-01-17T19:00,15.1,40,0.0,902.5,10.3
2026-01-17T20:00,14.0,44,0.0,902.2,5.8
2026-01-17T21:00,13.1,47,0.0,902.0,4.3
2026-01-17T22:00,12.9,49,0.0,901.9,5.6
2026-01-17T23:00,12.4,51,0.0,901.4,8.4
2026-01-18T00:00,11.4,55,0.0,900.8,10.4
2026-01-18T01:00,10.9,58,0.0,900.8,8.3
2026-01-18T02:00,10.2,61,0.0,899.8,5.3
2026-01-18T03:00,10.0,61,0.0,899.1,5.5
2026-01-18T04:00,9.6,63,0.0,898.8,4.9
2026-01-18T05:00,9.3,64,0.0,898.6,4.8
2026-01-18T06:00,8.4,66,0.0,898.2,7.0
2026-01-18T07:00,7.9,66,0.0,898.5,7.4
2026-01-18T08:00,9.0,55,0.0,899.1,9.6
2026-01-18T09:00,13.2,37,0.0,901.2,8.2
2026-01-18T10:00,17.0,24,0.0,902.5,8.2
2026-01-18T11:00,19.4,27,0.0,902.6,17.7
2026-01-18T12:00,20.0,32,0.0,901.7,23.6
2026-01-18T13:00,20.4,28,0.0,901.2,24.4
2026-01-18T14:00,20.5,23,0.0,900.8,23.3
2026-01-18T15:00,20.4,21,0.0,900.6,20.4
2026-01-18T16:00,19.9,17,0.0,900.7,18.8
2026-01-18T17:00,18.5,17,0.0,900.8,16.1
2026-01-18T18:00,16.6,19,0.0,900.4,11.2
2026-01-18T19:00,15.1,21,0.0,900.4,8.5
2026-01-18T20:00,14.4,19,0.0,900.5,9.9
2026-01-18T21:00,13.9,18,0.0,901.1,11.6
2026-01-18T22:00,13.1,18,0.0,901.2,11.0
2026-01-18T23:00,12.0,19,0.0,901.3,9.9
2026-01-19T00:00,10.7,23,0.0,900.8,6.9
2026-01-19T01:00,9.7,27,0.0,900.8,5.2
2026-01-19T02:00,8.6,33,0.0,900.4,3.8
2026-01-19T03:00,8.1,38,0.0,900.3,3.9
2026-01-19T04:00,8.0,41,0.0,900.5,5.7
2026-01-19T05:00,7.8,43,0.0,900.8,8.4
2026-01-19T06:00,7.6,44,0.0,901.5,9.6
2026-01-19T07:00,7.3,44,0.0,902.2,8.9
2026-01-19T08:00,8.1,43,0.0,903.1,8.7
2026-01-19T09:00,10.9,39,0.0,904.7,9.2
2026-01-19T10:00,12.7,37,0.0,905.4,11.7
2026-01-19T11:00,13.8,34,0.0,905.7,12.3
2026-01-19T12:00,14.8,32,0.0,905.1,11.6
2026-01-19T13:00,15.6,29,0.0,904.8,10.1
2026-01-19T14:00,16.2,27,0.0,904.7,10.3
2026-01-19T15:00,16.6,25,0.0,904.5,11.0
2026-01-19T16:00,16.2,25,0.0,904.4,12.3
2026-01-19T17:00,15.2,27,0.0,904.3,12.0
2026-01-19T18:00,13.4,32,0.0,903.9,10.8
2026-01-19T19:00,12.1,36,0.0,904.0,9.6
2026-01-19T20:00,10.9,41,0.0,904.1,8.4
2026-01-19T21:00,10.1,45,0.0,904.0,5.1
2026-01-19T22:00,9.2,49,0.0,903.8,1.1
2026-01-19T23:00,8.6,51,0.0,903.7,1.3
2026-01-20T00:00,7.8,53,0.0,903.4,2.6
2026-01-20T01:00,7.4,54,0.0,903.4,0.9
2026-01-20T02:00,6.7,56,0.0,902.8,2.6
2026-01-20T03:00,6.6,56,0.0,902.4,6.7
2026-01-20T04:00,5.9,57,0.0,902.4,8.0
2026-01-20T05:00,5.4,59,0.0,902.0,7.2
2026-01-20T06:00,5.2,61,0.0,902.0,6.9
2026-01-20T07:00,5.1,61,0.0,902.1,7.6
2026-01-20T08:00,6.2,57,0.0,902.8,9.0
2026-01-20T09:00,9.4,46,0.0,904.3,5.7
2026-01-20T10:00,12.6,38,0.0,905.8,3.5
2026-01-20T11:00,14.7,32,0.0,906.1,1.0
2026-01-20T12:00,16.0,27,0.0,905.5,4.3
2026-01-20T13:00,16.5,26,0.0,905.2,10.8
2026-01-20T14:00,15.8,29,0.0,905.0,14.7
2026-01-20T15:00,15.4,31,0.0,905.2,12.9
2026-01-20T16:00,14.4,34,0.0,905.2,14.8
2026-01-20T17:00,13.1,38,0.0,905.1,14.3
2026-01-20T18:00,11.7,43,0.0,905.2,13.6
2026-01-20T19:00,10.6,47,0.0,905.7,14.1
2026-01-20T20:00,9.6,50,0.0,906.1,13.8
2026-01-20T21:00,8.8,52,0.0,906.4,12.0
2026-01-20T22:00,8.0,53,0.0,906.5,10.4
2026-01-20T23:00,7.3,54,0.0,906.7,9.9
2026-01-21T00:00,6.8,55,0.0,906.8,9.4
2026-01-21T01:00,6.3,55,0.0,906.8,9.6
2026-01-21T02:00,5.7,56,0.0,906.9,12.0
2026-01-21T03:00,3.8,63,0.0,907.6,11.9
2026-01-21T04:00,2.7,74,0.0,908.2,10.7
2026-01-21T05:00,2.0,78,0.0,908.2,10.1
2026-01-21T06:00,1.6,77,0.0,908.5,10.2
2026-01-21T07:00,1.1,75,0.0,908.9,8.3
2026-01-21T08:00,1.5,67,0.0,909.7,7.5
2026-01-21T09:00,3.5,45,0.0,910.9,8.6
2026-01-21T10:00,5.2,30,0.0,911.7,10.7
2026-01-21T11:00,6.8,25,0.0,911.5,11.9
2026-01-21T12:00,8.2,23,0.0,910.9,12.3
2026-01-21T13:00,9.5,22,0.0,910.4,11.7
2026-01-21T14:00,10.2,21,0.0,910.0,11.0
2026-01-21T15:00,10.4,22,0.0,909.5,11.5
2026-01-21T16:00,10.2,22,0.0,909.7,11.8
2026-01-21T17:00,9.4,22,0.0,909.6,12.3
2026-01-21T18:00,8.5,22,0.0,909.6,11.0
2026-01-21T19:00,7.8,22,0.0,910.2,11.9
2026-01-21T20:00,6.8,19,0.0,910.7,12.6
2026-01-21T21:00,6.0,18,0.0,911.0,12.2
2026-01-21T22:00,5.7,18,0.0,911.1,11.0
2026-01-21T23:00,4.9,20,0.0,911.3,9.0
2026-01-22T00:00,4.2,21,0.0,911.0,8.3
2026-01-22T01:00,3.8,22,0.0,910.4,8.7
2026-01-22T02:00,3.5,23,0.0,909.9,8.1
2026-01-22T03:00,3.4,23,0.0,909.4,6.8
2026-01-22T04:00,3.0,24,0.0,909.5,7.6
2026-01-22T05:00,2.6,25,0.0,909.2,8.6
2026-01-22T06:00,2.2,27,0.0,909.2,9.5
2026-01-22T07:00,1.9,28,0.0,909.9,10.6
2026-01-22T08:00,2.7,27,0.0,910.7,11.1
2026-01-22T09:00,5.4,22,0.0,912.0,10.2
2026-01-22T10:00,7.7,18,0.0,912.3,13.0
2026-01-22T11:00,9.9,16,0.0,911.8,15.4
2026-01-22T12:00,11.6,15,0.0,911.1,16.6
2026-01-22T13:00,13.1,15,0.0,909.9,17.8
2026-01-22T14:00,14.2,14,0.0,908.8,19.2
2026-01-22T15:00,14.4,15,0.0,908.3,17.9
2026-01-22T16:00,14.4,16,0.0,908.2,18.2
2026-01-22T17:00,13.6,17,0.0,907.7,18.7
2026-01-22T18:00,12.4,18,0.0,907.2,17.5
2026-01-22T19:00,11.8,18,0.0,907.2,18.7
2026-01-22T20:00,11.4,18,0.0,907.0,19.7
2026-01-22T21:00,10.9,18,0.0,907.0,20.7
2026-01-22T22:00,10.1,19,0.0,906.7,20.8
2026-01-22T23:00,9.7,20,0.0,906.5,21.6
2026-01-23T00:00,9.4,19,0.0,905.9,22.5
2026-01-23T01:00,9.4,19,0.0,905.1,24.3
2026-01-23T02:00,9.2,18,0.0,904.8,24.1
2026-01-23T03:00,9.3,17,0.0,904.0,24.6
2026-01-23T04:00,9.5,18,0.0,903.5,25.4
2026-01-23T05:00,10.0,19,0.0,903.2,26.0
2026-01-23T06:00,10.1,20,0.0,903.0,27.1
2026-01-23T07:00,10.2,22,0.0,902.8,27.8
2026-01-23T08:00,10.7,23,0.0,902.7,27.9
2026-01-23T09:00,12.1,23,0.0,903.1,24.5
2026-01-23T10:00,13.8,22,0.0,903.5,26.6
2026-01-23T11:00,16.0,20,0.0,903.5,29.6
2026-01-23T12:00,18.0,20,0.0,902.9,28.7
2026-01-23T13:00,21.1,24,0.0,902.7,27.6
2026-01-23T14:00,23.0,32,0.0,902.5,26.1
2026-01-23T15:00,22.3,32,0.0,902.6,28.4
2026-01-23T16:00,22.5,33,0.0,902.9,21.5
2026-01-23T17:00,21.9,36,0.0,902.8,15.5
2026-01-23T18:00,20.5,41,0.0,902.7,10.5
2026-01-23T19:00,19.9,42,0.0,903.5,7.8
2026-01-23T20:00,18.5,46,0.0,903.9,10.6
2026-01-23T21:00,17.1,49,0.0,903.9,4.4
2026-01-23T22:00,16.5,50,0.0,903.6,4.9
2026-01-23T23:00,15.8,54,0.0,903.2,8.3
2026-01-24T00:00,15.1,58,0.0,902.8,11.3
2026-01-24T01:00,14.8,64,0.0,902.7,12.9
2026-01-24T02:00,14.6,67,0.0,902.3,10.0
2026-01-24T03:00,13.5,58,0.0,902.0,8.8
2026-01-24T04:00,13.1,62,0.0,901.7,11.5
2026-01-24T05:00,13.1,64,0.0,901.4,12.0
2026-01-24T06:00,13.4,66,0.0,901.6,11.6
2026-01-24T07:00,13.9,68,0.0,902.2,13.0
2026-01-24T08:00,13.5,72,0.0,902.3,13.9
2026-01-24T09:00,16.0,61,0.0,903.6,7.5
2026-01-24T10:00,15.0,72,2.4,904.9,13.2
2026-01-24T11:00,17.8,56,0.0,904.8,8.3
2026-01-24T12:00,19.5,53,0.0,904.0,7.2
2026-01-24T13:00,21.1,49,0.0,903.1,14.0
2026-01-24T14:00,21.5,48,0.2,902.2,16.2
2026-01-24T15:00,22.8,30,0.1,901.5,22.4
2026-01-24T16:00,22.0,34,0.0,901.3,23.6
2026-01-24T17:00,21.8,34,0.0,901.1,23.6
2026-01-24T18:00,20.6,37,0.0,901.1,20.0
2026-01-24T19:00,19.3,43,0.0,901.9,23.2
2026-01-24T20:00,18.0,46,0.0,901.8,17.5
2026-01-24T21:00,15.0,68,0.0,902.7,16.3
2026-01-24T22:00,13.9,70,0.0,903.2,24.1
2026-01-24T23:00,12.4,57,0.0,903.6,28.5
2026-01-25T00:00,11.1,41,0.0,903.9,29.6
2026-01-25T01:00,9.1,61,0.0,904.7,28.7
2026-01-25T02:00,7.2,70,0.0,904.9,21.4
2026-01-25T03:00,6.9,61,0.0,905.0,18.1
2026-01-25T04:00,6.7,58,0.0,905.0,19.1
2026-01-25T05:00,6.6,59,0.0,905.3,20.8
2026-01-25T06:00,6.0,60,0.0,905.7,19.7
2026-01-25T07:00,5.4,62,0.0,906.7,18.4
2026-01-25T08:00,5.8,61,0.0,907.9,16.2
2026-01-25T09:00,7.3,58,0.0,908.8,16.9
2026-01-25T10:00,8.7,56,0.0,909.6,19.9
2026-01-25T11:00,9.9,53,0.0,909.5,19.3
2026-01-25T12:00,11.1,47,0.0,909.0,18.9
2026-01-25T13:00,11.9,43,0.0,908.4,18.6
2026-01-25T14:00,12.4,42,0.0,908.0,18.4
2026-01-25T15:00,12.8,40,0.0,907.7,18.6
2026-01-25T16:00,12.2,43,0.0,907.7,17.7
2026-01-25T17:00,11.3,47,0.0,907.8,15.3
2026-01-25T18:00,10.1,53,0.0,907.8,11.0
2026-01-25T19:00,9.1,59,0.0,908.3,9.0
2026-01-25T20:00,8.1,64,0.0,908.4,7.9
2026-01-25T21:00,7.7,67,0.0,908.2,6.9
2026-01-25T22:00,6.8,71,0.0,908.2,4.5
2026-01-25T23:00,5.8,77,0.0,907.6,2.7
2026-01-26T00:00,5.5,80,0.0,907.4,0.6
2026-01-26T01:00,4.7,83,0.0,907.3,2.2
2026-01-26T02:00,4.2,83,0.0,907.4,3.1
2026-01-26T03:00,4.1,81,0.0,906.8,2.2
2026-01-26T04:00,3.8,79,0.0,906.7,1.7
2026-01-26T05:00,3.3,78,0.0,906.7,1.1
2026-01-26T06:00,2.5,79,0.0,906.6,2.5
2026-01-26T07:00,2.5,77,0.0,906.9,4.6
2026-01-26T08:00,2.8,77,0.0,907.3,7.5
2026-01-26T09:00,6.5,64,0.0,908.7,6.4
2026-01-26T10:00,9.2,54,0.0,909.3,7.3
2026-01-26T11:00,11.6,46,0.0,909.2,9.7
2026-01-26T12:00,13.7,38,0.0,908.1,10.5
2026-01-26T13:00,15.4,32,0.0,907.4,10.3
2026-01-26T14:00,16.5,28,0.0,907.0,10.8
2026-01-26T15:00,17.1,26,0.0,906.5,12.6
2026-01-26T16:00,17.4,25,0.0,906.7,13.2
2026-01-26T17:00,16.7,26,0.0,906.8,12.9
2026-01-26T18:00,15.0,30,0.0,906.6,11.8
2026-01-26T19:00,13.9,35,0.0,907.0,13.2
2026-01-26T20:00,13.1,38,0.0,907.1,14.9
2026-01-26T21:00,12.4,40,0.0,907.0,15.6
2026-01-26T22:00,11.9,42,0.0,907.0,15.5
2026-01-26T23:00,10.9,46,0.0,906.7,14.9
2026-01-27T00:00,9.9,52,0.0,905.8,15.7
2026-01-27T01:00,9.1,56,0.0,905.2,16.9
2026-01-27T02:00,8.6,60,0.0,905.0,17.3
2026-01-27T03:00,8.5,60,0.0,904.8,18.0
2026-01-27T04:00,8.3,62,0.0,904.6,18.7
2026-01-27T05:00,8.4,61,0.0,904.5,19.0
2026-01-27T06:00,8.4,60,0.0,904.4,19.1
2026-01-27T07:00,8.3,60,0.0,904.6,19.0
2026-01-27T08:00,8.9,57,0.0,905.1,19.2
2026-01-27T09:00,11.1,49,0.0,906.2,18.0
2026-01-27T10:00,13.4,42,0.0,906.7,19.2
2026-01-27T11:00,16.0,34,0.0,906.5,19.9
2026-01-27T12:00,18.1,29,0.0,905.6,20.9
2026-01-27T13:00,20.0,27,0.0,904.7,22.0
2026-01-27T14:00,21.0,26,0.0,904.0,21.6
2026-01-27T15:00,21.0,25,0.0,904.1,17.8
2026-01-27T16:00,21.3,26,0.0,904.2,17.5
2026-01-27T17:00,20.7,26,0.0,904.0,16.4
2026-01-27T18:00,19.6,27,0.0,903.7,13.8
2026-01-27T19:00,18.9,28,0.0,904.1,11.5
2026-01-27T20:00,17.6,30,0.0,904.0,9.2
2026-01-27T21:00,17.0,31,0.0,904.1,8.3
2026-01-27T22:00,15.9,34,0.0,903.6,8.9
2026-01-27T23:00,15.1,37,0.0,903.3,10.6
2026-01-28T00:00,14.6,39,0.0,902.8,11.9
2026-01-28T01:00,13.8,42,0.0,902.1,13.3
2026-01-28T02:00,13.7,44,0.0,901.9,14.1
2026-01-28T03:00,13.9,47,0.0,901.5,15.9
2026-01-28T04:00,14.0,50,0.0,901.5,18.0
2026-01-28T05:00,14.4,52,0.0,901.2,20.6
2026-01-28T06:00,14.6,53,0.0,901.7,22.6
2026-01-28T07:00,14.1,57,0.0,902.0,22.8
2026-01-28T08:00,14.6,59,0.0,902.7,24.1
2026-01-28T09:00,16.7,56,0.0,904.0,19.8
2026-01-28T10:00,18.4,45,0.0,904.6,25.9
2026-01-28T11:00,19.5,29,0.0,904.5,26.4
2026-01-28T12:00,20.5,21,0.0,904.1,27.2
2026-01-28T13:00,21.0,16,0.0,903.5,28.1
2026-01-28T14:00,21.0,12,0.0,903.0,28.7
2026-01-28T15:00,20.6,16,0.0,903.4,24.6
2026-01-28T16:00,20.2,16,0.0,903.3,22.9
2026-01-28T17:00,19.3,16,0.0,903.4,22.6
2026-01-28T18:00,17.0,20,0.0,903.5,24.0
2026-01-28T19:00,14.8,29,0.0,903.5,16.9
2026-01-28T20:00,14.1,31,0.0,904.0,8.8
2026-01-28T21:00,13.4,31,0.0,904.8,14.2
2026-01-28T22:00,11.9,33,0.0,904.6,10.6
2026-01-28T23:00,10.9,34,0.0,904.8,7.8
2026-01-29T00:00,9.9,36,0.0,904.6,4.8
2026-01-29T01:00,8.9,39,0.0,904.2,1.7
2026-01-29T02:00,7.9,40,0.0,903.8,2.2
2026-01-29T03:00,7.8,44,0.0,903.8,3.2
2026-01-29T04:00,7.3,42,0.0,903.9,3.2
2026-01-29T05:00,6.9,41,0.0,903.6,3.8
2026-01-29T06:00,6.7,40,0.0,904.5,5.6
2026-01-29T07:00,6.8,38,0.0,905.4,6.7
2026-01-29T08:00,7.9,36,0.0,906.7,7.3
2026-01-29T09:00,10.3,33,0.0,908.2,2.7
2026-01-29T10:00,12.4,33,0.0,909.2,3.1
2026-01-29T11:00,13.7,32,0.0,909.0,2.7
2026-01-29T12:00,14.9,29,0.0,908.7,2.8
2026-01-29T13:00,15.9,26,0.0,907.9,2.2
2026-01-29T14:00,17.0,23,0.0,907.4,1.7
2026-01-29T15:00,17.1,20,0.0,907.0,2.7
2026-01-29T16:00,17.6,15,0.0,907.2,5.9
2026-01-29T17:00,16.8,13,0.0,906.8,7.2
2026-01-29T18:00,15.1,16,0.0,906.7,6.0
2026-01-29T19:00,13.4,21,0.0,907.0,9.5
2026-01-29T20:00,11.9,26,0.0,907.3,7.9
2026-01-29T21:00,10.4,29,0.0,907.0,4.4
2026-01-29T22:00,9.6,33,0.0,906.7,1.8
2026-01-29T23:00,9.1,34,0.0,906.2,0.3
2026-01-30T00:00,8.3,35,0.0,905.6,1.2
2026-01-30T01:00,8.0,35,0.0,905.1,6.2
2026-01-30T02:00,6.9,38,0.0,904.2,9.6
2026-01-30T03:00,7.3,44,0.0,904.0,11.0
2026-01-30T04:00,7.1,44,0.0,904.0,10.0
2026-01-30T05:00,6.4,48,0.0,903.5,11.7
2026-01-30T06:00,6.2,51,0.0,903.7,14.4
2026-01-30T07:00,5.9,53,0.0,904.4,14.6
2026-01-30T08:00,7.0,48,0.0,904.9,16.1
2026-01-30T09:00,10.4,37,0.0,905.7,15.1
2026-01-30T10:00,13.8,29,0.0,906.3,17.9
2026-01-30T11:00,17.0,22,0.0,906.5,20.3
2026-01-30T12:00,19.5,19,0.0,905.9,24.3
2026-01-30T13:00,21.5,16,0.0,904.9,26.1
2026-01-30T14:00,22.8,14,0.0,904.2,25.6
2026-01-30T15:00,23.1,13,0.0,904.1,21.4
2026-01-30T16:00,23.4,13,0.0,903.7,19.0
2026-01-30T17:00,22.9,14,0.0,903.4,16.3
2026-01-30T18:00,20.7,17,0.0,903.0,10.2
2026-01-30T19:00,18.9,18,0.0,903.0,7.6
2026-01-30T20:00,17.0,17,0.0,902.7,3.6
2026-01-30T21:00,16.0,19,0.0,902.6,2.7
2026-01-30T22:00,15.8,17,0.0,902.7,5.3
2026-01-30T23:00,13.8,20,0.0,902.4,4.3
2026-01-31T00:00,12.9,22,0.0,901.9,2.6
2026-01-31T01:00,12.4,21,0.0,901.8,4.2
2026-01-31T02:00,11.8,21,0.0,901.4,5.1
2026-01-31T03:00,13.0,17,0.0,901.6,9.1
2026-01-31T04:00,13.1,16,0.0,901.7,10.8
2026-01-31T05:00,12.5,17,0.0,901.4,9.2
2026-01-31T06:00,11.2,19,0.0,901.3,8.8
2026-01-31T07:00,10.1,20,0.0,901.4,8.7
2026-01-31T08:00,10.9,18,0.0,902.3,8.9
2026-01-31T09:00,14.9,15,0.0,904.3,7.1
2026-01-31T10:00,19.1,10,0.0,906.3,3.2
2026-01-31T11:00,21.2,9,0.0,906.6,4.7
2026-01-31T12:00,22.4,8,0.0,906.2,5.4
2026-01-31T13:00,23.2,8,0.0,905.6,4.2
2026-01-31T14:00,23.8,7,0.0,905.0,2.8
2026-01-31T15:00,23.9,7,0.0,904.6,2.7
2026-01-31T16:00,24.1,7,0.0,904.6,6.2
2026-01-31T17:00,23.2,7,0.0,904.7,7.5
2026-01-31T18:00,20.6,9,0.0,904.3,7.2
2026-01-31T19:00,18.7,11,0.0,904.5,9.7
2026-01-31T20:00,17.0,13,0.0,904.4,5.7
2026-01-31T21:00,16.1,15,0.0,904.9,5.2
2026-01-31T22:00,15.3,16,0.0,905.0,5.3
2026-01-31T23:00,14.9,18,0.0,905.2,1.5
2026-02-01T00:00,14.1,18,0.0,904.9,0.6
2026-02-01T01:00,13.1,19,0.0,904.4,1.5
2026-02-01T02:00,12.3,20,0.0,904.0,3.4
2026-02-01T03:00,12.9,19,0.0,904.0,5.2
2026-02-01T04:00,12.4,19,0.0,903.6,6.6
2026-02-01T05:00,11.3,20,0.0,903.0,5.0
2026-02-01T06:00,10.6,21,0.0,903.3,4.1
2026-02-01T07:00,10.7,21,0.0,904.2,1.9
2026-02-01T08:00,12.3,19,0.0,905.4,2.9
2026-02-01T09:00,15.4,17,0.0,907.2,4.1
2026-02-01T10:00,18.9,13,0.0,908.9,4.5
2026-02-01T11:00,21.5,11,0.0,909.2,5.2
2026-02-01T12:00,23.3,11,0.0,908.9,7.8
2026-02-01T13:00,24.2,11,0.0,908.5,7.9
2026-02-01T14:00,24.9,11,0.0,907.9,7.4
2026-02-01T15:00,25.0,12,0.0,907.4,8.3
2026-02-01T16:00,24.9,13,0.0,907.5,7.6
2026-02-01T17:00,24.3,15,0.0,907.3,4.9
2026-02-01T18:00,21.9,19,0.0,906.6,2.8
2026-02-01T19:00,21.0,19,0.0,907.2,12.9
2026-02-01T20:00,19.5,21,0.0,907.3,18.5
2026-02-01T21:00,18.5,24,0.0,907.7,20.9
2026-02-01T22:00,17.7,28,0.0,907.9,16.5
2026-02-01T23:00,16.8,33,0.0,907.5,12.8
2026-02-02T00:00,16.3,34,0.0,907.0,11.4
2026-02-02T01:00,16.1,33,0.0,907.0,11.3
2026-02-02T02:00,15.2,34,0.0,906.6,9.6
2026-02-02T03:00,14.8,35,0.0,906.2,8.8
2026-02-02T04:00,14.1,37,0.0,906.0,8.6
2026-02-02T05:00,14.1,38,0.0,905.7,10.5
2026-02-02T06:00,14.1,39,0.0,905.8,12.6
2026-02-02T07:00,14.1,40,0.0,906.1,14.6
2026-02-02T08:00,14.7,39,0.0,906.6,16.8
2026-02-02T09:00,17.4,33,0.0,908.0,15.6
2026-02-02T10:00,20.1,29,0.0,908.8,15.6
2026-02-02T11:00,23.0,24,0.0,909.0,21.1
2026-02-02T12:00,24.9,20,0.0,908.4,26.5
2026-02-02T13:00,25.9,20,0.0,907.2,30.2
2026-02-02T14:00,26.5,20,0.0,906.2,31.0
2026-02-02T15:00,26.5,21,0.0,906.1,28.3
2026-02-02T16:00,26.4,21,0.0,905.9,28.0
2026-02-02T17:00,25.6,21,0.0,905.5,25.1
2026-02-02T18:00,24.5,23,0.0,904.3,14.4
2026-02-02T19:00,24.0,24,0.0,904.5,10.7
2026-02-02T20:00,22.6,27,0.0,904.4,12.4
2026-02-02T21:00,21.5,30,0.0,904.5,13.0
2026-02-02T22:00,21.1,33,0.0,904.5,12.1
2026-02-02T23:00,20.5,35,0.0,904.2,11.3
2026-02-03T00:00,20.8,38,0.0,904.3,14.6
2026-02-03T01:00,20.0,44,0.0,904.1,15.7
2026-02-03T02:00,19.5,46,0.0,903.6,14.9
2026-02-03T03:00,19.0,48,0.0,903.6,13.9
2026-02-03T04:00,18.2,52,0.0,903.2,15.7
2026-02-03T05:00,17.5,57,0.0,902.8,15.0
2026-02-03T06:00,16.8,63,0.0,902.8,12.3
2026-02-03T07:00,15.9,68,0.0,902.9,11.6
2026-02-03T08:00,16.4,66,0.0,903.8,13.4
2026-02-03T09:00,18.4,57,0.0,905.4,11.8
2026-02-03T10:00,19.7,45,0.0,906.0,18.6
2026-02-03T11:00,20.3,43,0.0,906.1,20.4
2026-02-03T12:00,21.1,41,0.0,905.7,20.8
2026-02-03T13:00,21.5,38,0.0,905.0,19.4
2026-02-03T14:00,22.4,29,0.0,904.5,19.5
2026-02-03T15:00,22.4,26,0.0,904.3,20.2
2026-02-03T16:00,21.6,29,0.0,904.5,20.0
2026-02-03T17:00,20.6,33,0.0,904.2,19.1
2026-02-03T18:00,19.5,35,0.0,904.4,15.6
2026-02-03T19:00,18.2,37,0.0,904.7,14.3
2026-02-03T20:00,17.0,32,0.0,905.1,14.2
2026-02-03T21:00,15.8,31,0.0,905.5,13.3
2026-02-03T22:00,14.2,36,0.0,905.6,11.9
2026-02-03T23:00,12.9,40,0.0,905.2,9.9
2026-02-04T00:00,11.9,44,0.0,905.3,10.7
2026-02-04T01:00,10.9,47,0.0,905.5,8.8
2026-02-04T02:00,10.4,49,0.0,905.3,7.4
2026-02-04T03:00,10.6,47,0.0,905.5,13.6
2026-02-04T04:00,9.6,51,0.0,905.6,12.5
2026-02-04T05:00,8.9,56,0.0,906.0,9.9
2026-02-04T06:00,8.2,61,0.0,906.1,7.5
2026-02-04T07:00,7.6,67,0.0,906.5,5.2
2026-02-04T08:00,8.3,65,0.0,907.2,7.7
2026-02-04T09:00,10.4,58,0.0,908.2,9.2
2026-02-04T10:00,12.0,47,0.0,908.7,13.8
2026-02-04T11:00,13.2,38,0.0,908.6,15.9
2026-02-04T12:00,14.2,34,0.0,908.3,15.4
2026-02-04T13:00,15.3,31,0.0,907.6,13.5
2026-02-04T14:00,16.2,27,0.0,907.1,11.7
2026-02-04T15:00,16.4,28,0.0,906.6,11.1
2026-02-04T16:00,16.1,27,0.0,906.5,11.2
2026-02-04T17:00,15.3,28,0.0,906.4,10.4
2026-02-04T18:00,14.0,31,0.0,906.3,8.1
2026-02-04T19:00,12.9,33,0.0,906.4,8.1
2026-02-04T20:00,11.9,36,0.0,906.5,7.5
2026-02-04T21:00,11.4,37,0.0,906.7,7.2
2026-02-04T22:00,10.2,41,0.0,906.6,4.6
2026-02-04T23:00,9.5,44,0.0,906.4,1.6
2026-02-05T00:00,8.8,46,0.0,905.7,2.9
2026-02-05T01:00,7.8,50,0.0,905.3,4.3
2026-02-05T02:00,7.3,51,0.0,905.3,3.8
2026-02-05T03:00,7.5,51,0.0,905.1,4.1
2026-02-05T04:00,6.9,53,0.0,904.6,4.6
2026-02-05T05:00,6.8,54,0.0,904.1,5.3
2026-02-05T06:00,6.4,56,0.0,904.1,5.0
2026-02-05T07:00,6.3,57,0.0,904.4,4.3
2026-02-05T08:00,7.8,51,0.0,905.9,7.9
2026-02-05T09:00,10.5,43,0.0,907.3,8.8
2026-02-05T10:00,12.9,38,0.0,908.4,10.8
2026-02-05T11:00,15.1,34,0.0,908.4,12.4
2026-02-05T12:00,16.9,31,0.0,908.1,14.5
2026-02-05T13:00,18.5,28,0.0,907.1,15.1
2026-02-05T14:00,19.6,25,0.0,906.4,16.7
2026-02-05T15:00,19.6,25,0.0,905.9,17.8
2026-02-05T16:00,19.4,25,0.0,905.6,16.8
2026-02-05T17:00,18.9,26,0.0,905.4,15.6
2026-02-05T18:00,18.0,27,0.0,905.4,15.3
2026-02-05T19:00,16.9,29,0.0,905.7,16.7
2026-02-05T20:00,16.1,31,0.0,906.0,17.6
2026-02-05T21:00,15.5,32,0.0,906.3,16.8
2026-02-05T22:00,14.9,33,0.0,905.9,16.2
2026-02-05T23:00,14.1,35,0.0,905.2,13.3
2026-02-06T00:00,13.1,37,0.0,904.7,10.2
2026-02-06T01:00,12.6,37,0.0,904.5,9.0
2026-02-06T02:00,12.1,38,0.0,904.2,10.3
2026-02-06T03:00,11.9,36,0.0,903.4,12.5
2026-02-06T04:00,11.6,37,0.0,902.7,14.2
2026-02-06T05:00,11.4,39,0.0,902.4,13.6
2026-02-06T06:00,11.2,42,0.0,902.6,14.6
2026-02-06T07:00,11.4,44,0.0,902.8,16.9
2026-02-06T08:00,12.5,44,0.0,903.4,17.7
2026-02-06T09:00,15.3,37,0.0,904.7,14.1
2026-02-06T10:00,18.0,33,0.0,905.6,20.2
2026-02-06T11:00,19.5,32,0.0,905.5,24.5
2026-02-06T12:00,20.8,33,0.0,904.8,28.5
2026-02-06T13:00,21.0,35,0.0,903.9,27.6
2026-02-06T14:00,19.3,47,0.0,903.7,36.6
2026-02-06T15:00,22.0,33,0.0,903.1,16.1
2026-02-06T16:00,21.2,38,0.0,902.8,15.2
2026-02-06T17:00,20.5,41,0.0,902.9,16.3
2026-02-06T18:00,19.2,46,0.0,902.7,16.9
2026-02-06T19:00,18.4,51,0.0,903.1,14.0
2026-02-06T20:00,17.9,46,0.0,903.7,10.5
2026-02-06T21:00,16.9,50,0.0,903.8,5.8
2026-02-06T22:00,15.4,51,0.0,903.5,4.4
2026-02-06T23:00,14.6,47,0.0,903.3,5.6
2026-02-07T00:00,14.6,37,0.0,902.9,7.3
2026-02-07T01:00,13.5,40,0.0,902.5,5.6
2026-02-07T02:00,12.4,44,0.0,901.9,3.8
2026-02-07T03:00,11.9,43,0.0,902.1,3.7
2026-02-07T04:00,11.7,41,0.0,901.9,4.3
2026-02-07T05:00,11.5,41,0.0,901.8,4.4
2026-02-07T06:00,10.9,44,0.0,901.9,4.3
2026-02-07T07:00,10.1,45,0.0,902.1,5.6
2026-02-07T08:00,11.3,43,0.0,902.8,8.8
2026-02-07T09:00,14.9,41,0.0,904.8,5.6
2026-02-07T10:00,18.4,32,0.0,906.2,5.6
2026-02-07T11:00,20.6,20,0.0,906.7,6.4
2026-02-07T12:00,21.7,18,0.0,905.8,6.9
2026-02-07T13:00,22.5,17,0.0,905.1,10.2
2026-02-07T14:00,22.7,18,0.0,904.3,15.5
2026-02-07T15:00,22.7,17,0.0,904.0,15.8
2026-02-07T16:00,22.4,18,0.0,904.0,16.0
2026-02-07T17:00,21.5,18,0.0,904.0,15.2
2026-02-07T18:00,19.9,20,0.0,903.9,11.5
2026-02-07T19:00,18.5,22,0.0,904.2,6.3
2026-02-07T20:00,16.9,25,0.0,904.0,4.9
2026-02-07T21:00,16.8,26,0.0,904.6,8.1
2026-02-07T22:00,16.4,28,0.0,904.4,7.3
2026-02-07T23:00,14.9,31,0.0,903.7,9.0
2026-02-08T00:00,13.8,34,0.0,902.7,10.6
2026-02-08T01:00,13.4,34,0.0,902.5,8.8
2026-02-08T02:00,13.1,34,0.0,902.6,11.5
2026-02-08T03:00,13.3,35,0.0,902.4,11.4
2026-02-08T04:00,13.2,34,0.0,902.5,12.6
2026-02-08T05:00,13.4,32,0.0,902.4,11.8
2026-02-08T06:00,12.8,33,0.0,902.5,10.9
2026-02-08T07:00,12.1,35,0.0,902.9,10.3
2026-02-08T08:00,12.8,36,0.0,903.9,10.7
2026-02-08T09:00,16.8,31,0.0,906.1,9.6
2026-02-08T10:00,19.2,30,0.0,906.9,8.9
2026-02-08T11:00,20.6,28,0.0,906.9,9.8
2026-02-08T12:00,21.8,25,0.0,906.2,10.8
2026-02-08T13:00,22.6,22,0.0,905.6,12.2
2026-02-08T14:00,23.0,20,0.0,905.0,13.7
2026-02-08T15:00,23.0,19,0.0,904.6,13.9
2026-02-08T16:00,22.6,19,0.0,904.7,14.2
2026-02-08T17:00,21.6,20,0.0,904.6,13.3
2026-02-08T18:00,20.0,23,0.0,904.6,9.1
2026-02-08T19:00,18.7,26,0.0,904.5,5.9
2026-02-08T20:00,17.1,30,0.0,904.3,4.2
2026-02-08T21:00,16.1,33,0.0,904.2,3.4
2026-02-08T22:00,15.0,35,0.0,903.9,3.5
2026-02-08T23:00,13.9,38,0.0,903.5,3.2
2026-02-09T00:00,13.2,40,0.0,903.3,2.7
2026-02-09T01:00,12.6,40,0.0,902.9,2.8
2026-02-09T02:00,11.9,42,0.0,902.5,6.3
2026-02-09T03:00,11.5,43,0.0,902.0,7.9
2026-02-09T04:00,12.2,39,0.0,901.8,8.8
2026-02-09T05:00,12.4,37,0.0,901.7,6.6
2026-02-09T06:00,11.5,39,0.0,901.9,11.1
2026-02-09T07:00,11.4,38,0.0,902.1,11.2
2026-02-09T08:00,13.1,33,0.0,903.2,11.3
2026-02-09T09:00,16.2,26,0.0,904.9,9.1
2026-02-09T10:00,19.9,20,0.0,906.6,9.5
2026-02-09T11:00,22.8,15,0.0,907.3,13.7
2026-02-09T12:00,24.4,14,0.0,906.8,12.5
2026-02-09T13:00,25.4,13,0.0,906.1,11.8
2026-02-09T14:00,26.0,11,0.0,905.0,12.4
2026-02-09T15:00,26.2,11,0.0,904.9,8.7
2026-02-09T16:00,26.0,10,0.0,904.5,9.2
2026-02-09T17:00,25.2,10,0.0,904.5,9.1
2026-02-09T18:00,23.0,13,0.0,904.0,6.1
2026-02-09T19:00,20.8,16,0.0,904.0,4.2
2026-02-09T20:00,19.5,16,0.0,904.0,4.2
2026-02-09T21:00,18.5,20,0.0,904.1,4.6
2026-02-09T22:00,16.9,28,0.0,903.6,2.3
2026-02-09T23:00,15.9,27,0.0,903.1,3.9
2026-02-10T00:00,16.1,23,0.0,902.7,7.5
2026-02-10T01:00,15.8,23,0.0,902.6,8.8
2026-02-10T02:00,15.4,23,0.0,902.1,13.1
2026-02-10T03:00,14.6,24,0.0,901.5,13.4
2026-02-10T04:00,14.3,25,0.0,901.2,13.9
2026-02-10T05:00,14.1,26,0.0,901.2,15.1
2026-02-10T06:00,14.2,26,0.0,901.7,16.9
2026-02-10T07:00,13.9,27,0.0,902.1,18.4
2026-02-10T08:00,14.8,25,0.0,902.7,17.7
2026-02-10T09:00,18.1,21,0.0,904.3,14.5
2026-02-10T10:00,22.0,16,0.0,905.5,12.6
2026-02-10T11:00,25.1,12,0.0,905.8,16.0
2026-02-10T12:00,26.5,11,0.0,905.4,18.4
2026-02-10T13:00,27.1,9,0.0,904.5,17.6
2026-02-10T14:00,27.7,8,0.0,903.9,16.1
2026-02-10T15:00,27.6,7,0.0,903.6,14.7
2026-02-10T16:00,27.2,7,0.0,903.6,14.9
2026-02-10T17:00,26.1,8,0.0,903.6,13.9
2026-02-10T18:00,24.0,10,0.0,903.0,10.1
2026-02-10T19:00,22.6,11,0.0,903.2,9.0
2026-02-10T20:00,21.5,12,0.0,903.3,8.6
2026-02-10T21:00,20.0,14,0.0,903.1,5.2
2026-02-10T22:00,18.5,15,0.0,902.7,2.4
2026-02-10T23:00,18.0,16,0.0,902.6,5.2
2026-02-11T00:00,17.0,17,0.0,902.1,9.2
2026-02-11T01:00,16.6,17,0.0,902.1,11.7
2026-02-11T02:00,16.8,18,0.0,902.0,13.3
2026-02-11T03:00,17.7,18,0.0,902.1,17.1
2026-02-11T04:00,17.5,19,0.0,902.4,18.1
2026-02-11T05:00,17.0,20,0.0,902.4,15.7
2026-02-11T06:00,16.3,22,0.0,902.8,11.3
2026-02-11T07:00,14.8,25,0.0,902.9,8.6
2026-02-11T08:00,14.9,25,0.0,903.3,9.3
2026-02-11T09:00,18.9,20,0.0,905.4,9.1
2026-02-11T10:00,22.4,15,0.0,906.7,9.6
2026-02-11T11:00,23.8,13,0.0,907.1,12.0
2026-02-11T12:00,24.3,13,0.0,906.4,9.4
2026-02-11T13:00,25.0,12,0.0,905.7,5.3
2026-02-11T14:00,25.7,11,0.0,905.4,3.1
2026-02-11T15:00,24.8,13,0.0,905.4,4.3
2026-02-11T16:00,24.9,12,0.0,905.3,2.2
2026-02-11T17:00,24.2,13,0.0,905.0,5.6
2026-02-11T18:00,21.8,19,0.0,904.7,17.4
2026-02-11T19:00,20.4,21,0.0,904.6,10.9
2026-02-11T20:00,19.0,24,0.0,905.4,10.7
2026-02-11T21:00,18.2,26,0.0,905.4,9.1
2026-02-11T22:00,17.2,27,0.0,905.2,5.7
2026-02-11T23:00,16.2,30,0.0,904.9,4.5
2026-02-12T00:00,15.7,31,0.0,904.7,4.2
2026-02-12T01:00,15.6,31,0.0,904.7,5.1
2026-02-12T02:00,15.4,31,0.0,904.5,7.3
2026-02-12T03:00,15.4,31,0.0,903.7,9.6
2026-02-12T04:00,15.1,31,0.0,903.2,10.3
2026-02-12T05:00,14.8,31,0.0,902.8,9.5
2026-02-12T06:00,15.4,30,0.0,903.1,7.3
2026-02-12T07:00,15.1,29,0.0,904.0,6.7
2026-02-12T08:00,16.1,28,0.0,905.0,4.5
2026-02-12T09:00,18.2,27,0.0,906.6,6.0
2026-02-12T10:00,20.0,24,0.0,907.4,9.3
2026-02-12T11:00,21.3,22,0.0,907.8,7.5
2026-02-12T12:00,22.5,19,0.0,907.1,5.4
2026-02-12T13:00,23.4,18,0.0,906.1,3.5
2026-02-12T14:00,24.2,16,0.0,905.5,2.0
2026-02-12T15:00,25.3,14,0.0,905.0,5.7
2026-02-12T16:00,25.5,12,0.0,905.0,6.6
2026-02-12T17:00,24.5,13,0.0,904.9,4.5
2026-02-12T18:00,21.8,16,0.0,904.8,17.8
2026-02-12T19:00,20.1,19,0.0,904.7,13.2
2026-02-12T20:00,18.9,22,0.0,905.2,11.5
2026-02-12T21:00,17.8,25,0.0,905.1,8.5
2026-02-12T22:00,16.6,28,0.0,905.0,7.2
2026-02-12T23:00,15.7,30,0.0,904.6,4.9
2026-02-13T00:00,14.9,31,0.0,904.3,4.4
2026-02-13T01:00,14.1,33,0.0,904.1,4.3
2026-02-13T02:00,13.5,36,0.0,903.8,2.3
2026-02-13T03:00,13.6,44,0.0,903.3,0.9
2026-02-13T04:00,12.9,38,0.0,902.8,1.5
2026-02-13T05:00,12.6,38,0.0,902.4,3.7
2026-02-13T06:00,12.8,38,0.0,902.5,6.6
2026-02-13T07:00,12.5,39,0.0,902.7,8.6
2026-02-13T08:00,13.8,37,0.0,903.6,9.7
2026-02-13T09:00,17.4,31,0.0,905.4,8.8
2026-02-13T10:00,20.1,27,0.0,906.2,10.3
2026-02-13T11:00,22.5,24,0.0,906.2,12.5
2026-02-13T12:00,24.8,20,0.0,905.9,12.3
2026-02-13T13:00,26.2,16,0.0,905.3,12.9
2026-02-13T14:00,27.0,13,0.0,904.5,15.5
2026-02-13T15:00,27.4,12,0.0,903.8,17.0
2026-02-13T16:00,27.2,9,0.0,903.5,17.7
2026-02-13T17:00,26.2,10,0.0,903.1,18.6
2026-02-13T18:00,24.6,11,0.0,902.8,13.3
2026-02-13T19:00,23.2,11,0.0,902.7,15.5
2026-02-13T20:00,22.0,14,0.0,902.6,11.6
2026-02-13T21:00,20.6,16,0.0,902.1,10.9
2026-02-13T22:00,19.5,17,0.0,902.1,10.3
2026-02-13T23:00,18.8,16,0.0,901.9,11.1
2026-02-14T00:00,17.9,16,0.0,901.7,10.1
2026-02-14T01:00,17.5,16,0.0,901.5,10.0
2026-02-14T02:00,17.3,16,0.0,901.2,11.3
2026-02-14T03:00,17.6,15,0.0,901.4,14.3
2026-02-14T04:00,17.7,16,0.0,901.7,17.6
2026-02-14T05:00,17.0,15,0.0,901.7,17.2
2026-02-14T06:00,16.8,14,0.0,902.0,16.7
2026-02-14T07:00,16.2,14,0.0,902.1,13.0
2026-02-14T08:00,16.7,13,0.0,902.8,11.0
2026-02-14T09:00,19.4,12,0.0,904.6,8.9
2026-02-14T10:00,21.6,11,0.0,905.6,10.2
2026-02-14T11:00,23.2,11,0.0,906.3,14.0
2026-02-14T12:00,24.0,11,0.0,906.3,15.8
2026-02-14T13:00,24.6,11,0.0,905.7,15.5
2026-02-14T14:00,25.0,11,0.0,905.2,15.3
2026-02-14T15:00,24.8,11,0.0,905.1,14.1
2026-02-14T16:00,24.5,12,0.0,905.1,13.7
2026-02-14T17:00,23.6,13,0.0,905.5,13.9
2026-02-14T18:00,22.1,16,0.0,905.7,8.6
2026-02-14T19:00,20.5,18,0.0,905.9,5.0
2026-02-14T20:00,19.9,19,0.0,906.4,6.9
2026-02-14T21:00,19.0,21,0.0,906.8,13.1
2026-02-14T22:00,17.1,26,0.0,907.0,13.4
2026-02-14T23:00,15.8,32,0.0,907.2,8.9
2026-02-15T00:00,14.2,40,0.0,906.8,4.3
2026-02-15T01:00,13.6,43,0.0,906.8,4.3
2026-02-15T02:00,13.0,47,0.0,906.6,4.3
2026-02-15T03:00,12.4,48,0.0,906.7,4.8
2026-02-15T04:00,11.9,50,0.0,906.5,4.1
2026-02-15T05:00,11.6,50,0.0,906.7,2.8
2026-02-15T06:00,11.1,52,0.0,907.2,1.0
2026-02-15T07:00,10.4,53,0.0,907.6,0.9
2026-02-15T08:00,11.9,47,0.0,908.9,2.3
2026-02-15T09:00,14.1,35,0.0,910.6,2.7
2026-02-15T10:00,16.5,26,0.0,911.9,6.3
2026-02-15T11:00,18.5,22,0.0,912.3,10.1
2026-02-15T12:00,19.8,20,0.0,912.1,10.5
2026-02-15T13:00,20.8,19,0.0,911.4,9.7
2026-02-15T14:00,21.4,18,0.0,910.8,9.2
2026-02-15T15:00,21.5,18,0.0,910.5,8.6
2026-02-15T16:00,21.3,18,0.0,910.2,9.7
2026-02-15T17:00,20.5,19,0.0,910.2,11.1
2026-02-15T18:00,19.0,20,0.0,910.1,11.3
2026-02-15T19:00,17.8,22,0.0,910.5,11.8
2026-02-15T20:00,16.5,24,0.0,910.8,10.8
2026-02-15T21:00,15.5,26,0.0,910.6,10.1
2026-02-15T22:00,14.6,29,0.0,910.6,9.4
2026-02-15T23:00,13.6,31,0.0,910.3,6.7
2026-02-16T00:00,12.1,35,0.0,909.6,4.9
2026-02-16T01:00,11.3,37,0.0,909.3,4.4
2026-02-16T02:00,10.6,38,0.0,908.9,4.7
2026-02-16T03:00,10.1,40,0.0,908.4,4.9
2026-02-16T04:00,9.4,42,0.0,908.0,4.9
2026-02-16T05:00,9.0,44,0.0,907.7,3.8
2026-02-16T06:00,8.8,44,0.0,907.8,5.1
2026-02-16T07:00,7.9,48,0.0,907.6,4.5
2026-02-16T08:00,9.9,42,0.0,908.7,6.4
2026-02-16T09:00,13.5,33,0.0,910.0,6.1
2026-02-16T10:00,16.0,29,0.0,910.8,7.9
2026-02-16T11:00,18.4,24,0.0,911.0,9.0
2026-02-16T12:00,20.5,20,0.0,910.6,9.2
2026-02-16T13:00,22.3,17,0.0,909.8,9.0
2026-02-16T14:00,23.5,14,0.0,909.1,7.6
2026-02-16T15:00,24.1,11,0.0,908.6,6.4
2026-02-16T16:00,24.4,11,0.0,908.2,6.0
2026-02-16T17:00,23.7,12,0.0,907.9,7.8
2026-02-16T18:00,21.9,13,0.0,907.2,9.1
2026-02-16T19:00,20.2,15,0.0,907.0,12.0
2026-02-16T20:00,18.6,19,0.0,907.1,13.4
2026-02-16T21:00,17.5,21,0.0,906.8,12.8
2026-02-16T22:00,16.1,23,0.0,906.6,8.9
2026-02-16T23:00,15.1,25,0.0,906.2,9.6
2026-02-17T00:00,14.1,27,0.0,906.0,11.7
2026-02-17T01:00,13.2,29,0.0,905.4,14.3
2026-02-17T02:00,12.4,30,0.0,905.0,16.0
2026-02-17T03:00,11.9,31,0.0,904.1,17.2
2026-02-17T04:00,11.5,33,0.0,903.9,18.4
2026-02-17T05:00,11.2,35,0.0,903.5,18.9
2026-02-17T06:00,11.2,36,0.0,903.7,18.5
2026-02-17T07:00,11.2,36,0.0,903.8,17.6
2026-02-17T08:00,12.9,32,0.0,904.7,17.2
2026-02-17T09:00,17.0,25,0.0,906.1,14.4
2026-02-17T10:00,20.6,20,0.0,907.1,15.4
2026-02-17T11:00,24.1,16,0.0,907.5,18.8
2026-02-17T12:00,26.2,14,0.0,906.9,20.4
2026-02-17T13:00,27.1,13,0.0,906.0,18.0
2026-02-17T14:00,27.8,12,0.0,905.5,15.3
2026-02-17T15:00,27.8,12,0.0,904.9,12.3
2026-02-17T16:00,27.5,11,0.0,904.8,13.2
2026-02-17T17:00,26.8,12,0.0,904.2,13.9
2026-02-17T18:00,24.9,13,0.0,904.0,12.5
2026-02-17T19:00,23.3,15,0.0,903.9,13.6
2026-02-17T20:00,21.9,18,0.0,904.1,14.6
2026-02-17T21:00,20.9,20,0.0,904.0,14.1
2026-02-17T22:00,19.6,22,0.0,903.8,14.7
2026-02-17T23:00,18.8,23,0.0,903.6,15.8
2026-02-18T00:00,18.1,24,0.0,903.1,14.9
2026-02-18T01:00,17.4,25,0.0,903.0,16.0
2026-02-18T02:00,16.6,27,0.0,902.7,17.5
2026-02-18T03:00,16.2,27,0.0,902.4,16.9
2026-02-18T04:00,16.0,28,0.0,902.0,17.3
2026-02-18T05:00,15.9,28,0.0,901.9,17.7
2026-02-18T06:00,15.6,28,0.0,901.9,17.2
2026-02-18T07:00,15.3,27,0.0,902.2,17.4
2026-02-18T08:00,16.6,24,0.0,903.0,17.0
2026-02-18T09:00,19.9,20,0.0,904.6,12.8
2026-02-18T10:00,23.0,16,0.0,905.6,14.8
2026-02-18T11:00,25.5,14,0.0,905.7,15.7
2026-02-18T12:00,27.4,13,0.0,905.4,14.9
2026-02-18T13:00,28.6,12,0.0,904.8,15.9
2026-02-18T14:00,29.1,12,0.0,904.1,18.1
2026-02-18T15:00,29.1,13,0.0,903.8,16.9
2026-02-18T16:00,28.8,13,0.0,903.5,17.3
2026-02-18T17:00,28.1,13,0.0,903.6,17.7
2026-02-18T18:00,26.5,14,0.0,903.5,15.3
2026-02-18T19:00,25.5,16,0.0,903.4,16.9
2026-02-18T20:00,24.8,17,0.0,903.6,12.5
2026-02-18T21:00,23.4,20,0.0,903.6,8.2
2026-02-18T22:00,21.4,24,0.0,903.3,8.2
2026-02-18T23:00,20.5,26,0.0,903.2,11.1
2026-02-19T00:00,19.5,24,0.0,903.1,13.4
2026-02-19T01:00,19.0,22,0.0,902.9,16.7
2026-02-19T02:00,18.5,21,0.0,902.6,17.4
2026-02-19T03:00,18.4,21,0.0,902.3,16.4
2026-02-19T04:00,17.9,24,0.0,902.2,13.6
2026-02-19T05:00,17.9,29,0.0,902.4,12.4
2026-02-19T06:00,17.5,30,0.0,902.8,9.7
2026-02-19T07:00,16.5,32,0.0,903.3,9.4
2026-02-19T08:00,17.1,34,0.0,904.8,13.8
2026-02-19T09:00,16.4,37,0.0,906.6,20.5
2026-02-19T10:00,16.8,37,0.0,907.3,20.8
2026-02-19T11:00,18.2,34,0.0,907.6,19.6
2026-02-19T12:00,19.6,31,0.0,907.2,18.8
2026-02-19T13:00,20.9,27,0.0,906.8,18.6
2026-02-19T14:00,21.6,26,0.0,906.5,18.6
2026-02-19T15:00,21.0,26,0.0,906.5,18.2
2026-02-19T16:00,20.8,27,0.0,906.7,18.6
2026-02-19T17:00,20.0,28,0.0,906.7,17.8
2026-02-19T18:00,19.0,30,0.0,906.9,16.0
2026-02-19T19:00,17.9,32,0.0,907.3,14.8
2026-02-19T20:00,17.0,34,0.0,907.8,15.2
2026-02-19T21:00,15.9,35,0.0,908.2,14.7
2026-02-19T22:00,14.9,37,0.0,908.2,14.3
2026-02-19T23:00,14.0,38,0.0,908.4,12.3
2026-02-20T00:00,13.3,40,0.0,908.3,11.6
2026-02-20T01:00,12.6,42,0.0,908.0,12.8
2026-02-20T02:00,11.9,44,0.0,907.8,11.3
2026-02-20T03:00,11.4,45,0.0,907.9,7.4
2026-02-20T04:00,10.9,47,0.0,907.9,8.6
2026-02-20T05:00,10.4,49,0.0,908.1,7.4
2026-02-20T06:00,9.6,52,0.0,908.4,5.0
2026-02-20T07:00,9.6,52,0.0,909.3,7.4
2026-02-20T08:00,10.4,50,0.0,910.3,7.9
2026-02-20T09:00,12.6,45,0.0,911.7,10.0
2026-02-20T10:00,14.6,42,0.0,912.4,13.4
2026-02-20T11:00,16.5,36,0.0,912.6,14.8
2026-02-20T12:00,18.3,31,0.0,912.2,14.9
2026-02-20T13:00,20.0,27,0.0,911.6,15.2
2026-02-20T14:00,21.1,25,0.0,910.7,15.2
2026-02-20T15:00,21.9,23,0.0,910.4,14.5
2026-02-20T16:00,22.0,23,0.0,910.2,13.9
2026-02-20T17:00,21.4,23,0.0,909.8,13.5
2026-02-20T18:00,20.1,26,0.0,909.6,12.4
2026-02-20T19:00,18.8,28,0.0,909.7,13.0
2026-02-20T20:00,17.6,30,0.0,909.9,13.4
2026-02-20T21:00,16.7,32,0.0,910.2,12.3
2026-02-20T22:00,15.5,34,0.0,909.8,10.7
2026-02-20T23:00,14.6,36,0.0,909.7,8.5
2026-02-21T00:00,13.9,37,0.0,909.2,7.3
2026-02-21T01:00,13.1,38,0.0,908.7,6.5
2026-02-21T02:00,12.5,39,0.0,908.2,6.6
2026-02-21T03:00,11.6,41,0.0,907.1,5.5
2026-02-21T04:00,11.1,43,0.0,906.8,6.1
2026-02-21T05:00,10.6,45,0.0,906.5,6.5
2026-02-21T06:00,10.1,48,0.0,906.3,7.2
2026-02-21T07:00,9.8,51,0.0,906.7,8.8
2026-02-21T08:00,11.5,46,0.0,907.6,11.8
2026-02-21T09:00,15.7,35,0.0,908.9,13.7
2026-02-21T10:00,19.5,28,0.0,909.9,18.1
2026-02-21T11:00,22.2,23,0.0,910.0,20.9
2026-02-21T12:00,24.4,19,0.0,909.8,20.9
2026-02-21T13:00,26.1,15,0.0,909.1,20.5
2026-02-21T14:00,26.8,13,0.0,908.5,19.6
2026-02-21T15:00,26.9,13,0.0,907.9,16.2
2026-02-21T16:00,26.6,12,0.0,907.6,15.5
2026-02-21T17:00,25.8,12,0.0,907.1,15.8
2026-02-21T18:00,24.3,14,0.0,906.8,12.8
2026-02-21T19:00,22.5,16,0.0,906.5,11.1
2026-02-21T20:00,21.3,17,0.0,906.1,11.6
2026-02-21T21:00,20.2,19,0.0,906.2,12.8
2026-02-21T22:00,18.9,21,0.0,906.0,13.3
2026-02-21T23:00,18.0,23,0.0,905.5,13.0
2026-02-22T00:00,17.2,25,0.0,905.0,13.3
2026-02-22T01:00,16.5,28,0.0,904.4,14.4
2026-02-22T02:00,16.0,30,0.0,904.0,15.3
2026-02-22T03:00,15.4,31,0.0,903.2,15.3
2026-02-22T04:00,14.6,33,0.0,902.6,16.4
2026-02-22T05:00,13.9,34,0.0,902.5,16.8
2026-02-22T06:00,13.6,34,0.0,902.7,17.4
2026-02-22T07:00,13.3,34,0.0,902.7,17.5
2026-02-22T08:00,14.7,31,0.0,903.2,17.8
2026-02-22T09:00,18.2,24,0.0,904.5,16.3
2026-02-22T10:00,21.5,19,0.0,905.2,20.1
2026-02-22T11:00,24.1,14,0.0,905.3,25.4
2026-02-22T12:00,25.5,11,0.0,904.9,24.8
2026-02-22T13:00,26.4,10,0.0,904.4,22.3
2026-02-22T14:00,26.9,9,0.0,903.8,19.5
2026-02-22T15:00,26.9,9,0.0,903.2,16.5
2026-02-22T16:00,26.6,9,0.0,902.9,15.4
2026-02-22T17:00,25.9,9,0.0,902.6,14.2
2026-02-22T18:00,24.3,10,0.0,902.1,11.1
2026-02-22T19:00,22.5,11,0.0,901.8,11.3
2026-02-22T20:00,21.1,12,0.0,901.8,14.1
2026-02-22T21:00,20.4,12,0.0,901.3,12.9
2026-02-22T22:00,19.4,13,0.0,901.1,14.1
2026-02-22T23:00,18.4,14,0.0,900.6,14.0
2026-02-23T00:00,17.9,15,0.0,900.2,16.6
2026-02-23T01:00,17.0,16,0.0,899.6,15.9
2026-02-23T02:00,16.3,17,0.0,899.1,16.0
2026-02-23T03:00,15.6,18,0.0,898.7,16.0
2026-02-23T04:00,14.9,18,0.0,898.4,16.7
2026-02-23T05:00,14.6,19,0.0,898.1,17.0
2026-02-23T06:00,14.6,19,0.0,898.1,16.9
2026-02-23T07:00,14.1,19,0.0,898.0,15.8
2026-02-23T08:00,15.4,18,0.0,898.8,16.2
2026-02-23T09:00,18.6,15,0.0,900.5,14.3
2026-02-23T10:00,21.8,14,0.0,901.3,16.4
2026-02-23T11:00,24.9,13,0.0,901.3,14.1
2026-02-23T12:00,26.4,14,0.0,901.0,14.5
2026-02-23T13:00,26.9,15,0.0,900.4,16.2
2026-02-23T14:00,27.1,16,0.0,899.9,14.2
2026-02-23T15:00,26.5,17,0.0,899.6,13.0
2026-02-23T16:00,26.0,18,0.0,899.6,13.0
2026-02-23T17:00,25.5,19,0.0,899.2,9.4
2026-02-23T18:00,24.4,21,0.0,898.9,11.4
2026-02-23T19:00,23.1,24,0.0,899.1,15.7
2026-02-23T20:00,21.6,26,0.0,899.4,14.4
2026-02-23T21:00,20.4,27,0.0,899.7,10.1
2026-02-23T22:00,19.0,29,0.0,899.8,9.3
2026-02-23T23:00,17.5,31,0.0,899.3,5.2
2026-02-24T00:00,16.6,34,0.0,898.9,2.2
2026-02-24T01:00,15.8,35,0.0,898.2,1.7
2026-02-24T02:00,15.7,34,0.0,897.9,3.6
2026-02-24T03:00,15.2,34,0.0,897.1,7.8
2026-02-24T04:00,15.1,35,0.0,897.4,12.4
2026-02-24T05:00,14.4,35,0.0,897.5,12.4
2026-02-24T06:00,13.6,35,0.0,897.9,13.9
2026-02-24T07:00,12.5,38,0.0,898.3,15.1
2026-02-24T08:00,12.9,39,0.0,899.4,14.4
2026-02-24T09:00,13.9,36,0.0,900.7,19.5
2026-02-24T10:00,14.6,32,0.0,901.6,21.2
2026-02-24T11:00,15.6,31,0.0,902.4,22.2
2026-02-24T12:00,17.0,28,0.0,902.4,23.6
2026-02-24T13:00,17.7,27,0.0,902.3,25.2
2026-02-24T14:00,18.1,25,0.0,902.1,23.2
2026-02-24T15:00,17.8,26,0.0,902.5,22.3
2026-02-24T16:00,17.4,26,0.0,903.0,23.2
2026-02-24T17:00,16.5,27,0.0,903.3,22.7
2026-02-24T18:00,15.6,26,0.0,904.0,20.3
2026-02-24T19:00,15.1,26,0.0,904.4,18.9
2026-02-24T20:00,14.2,28,0.0,904.9,18.6
2026-02-24T21:00,13.4,30,0.0,905.5,13.8
2026-02-24T22:00,12.4,33,0.0,905.5,11.8
2026-02-24T23:00,11.4,38,0.0,905.5,11.4
2026-02-25T00:00,10.6,42,0.0,905.7,14.6
2026-02-25T01:00,9.9,46,0.0,905.4,13.5
2026-02-25T02:00,9.4,49,0.0,905.0,10.9
2026-02-25T03:00,9.2,51,0.0,904.6,10.3
2026-02-25T04:00,9.1,50,0.0,904.8,9.4
2026-02-25T05:00,8.9,50,0.0,904.9,8.9
2026-02-25T06:00,8.6,51,0.0,905.4,9.1
2026-02-25T07:00,8.2,52,0.0,906.1,9.1
2026-02-25T08:00,9.6,47,0.0,907.2,9.4
2026-02-25T09:00,12.2,39,0.0,908.2,8.1
2026-02-25T10:00,14.1,30,0.0,908.7,10.2
2026-02-25T11:00,15.2,27,0.0,909.0,10.6
2026-02-25T12:00,16.2,26,0.0,908.7,10.0
2026-02-25T13:00,17.2,23,0.0,908.1,9.3
2026-02-25T14:00,17.9,21,0.0,907.3,8.5
2026-02-25T15:00,17.9,19,0.0,906.7,7.4
2026-02-25T16:00,18.0,19,0.0,906.7,6.7
2026-02-25T17:00,17.6,19,0.0,906.9,7.0
2026-02-25T18:00,16.9,20,0.0,906.7,6.7
2026-02-25T19:00,15.7,22,0.0,906.6,7.1
2026-02-25T20:00,14.6,24,0.0,906.9,5.8
2026-02-25T21:00,13.9,25,0.0,907.0,6.7
2026-02-25T22:00,13.7,27,0.0,906.8,10.2
2026-02-25T23:00,12.8,29,0.0,906.4,9.5
2026-02-26T00:00,11.6,31,0.0,905.9,8.1
2026-02-26T01:00,10.6,33,0.0,904.9,7.1
2026-02-26T02:00,9.9,34,0.0,904.5,9.0
2026-02-26T03:00,9.2,34,0.0,903.5,9.7
2026-02-26T04:00,8.9,35,0.0,903.3,10.7
2026-02-26T05:00,8.4,37,0.0,902.9,11.3
2026-02-26T06:00,8.1,39,0.0,902.8,13.1
2026-02-26T07:00,7.9,41,0.0,902.9,14.0
2026-02-26T08:00,9.8,37,0.0,904.1,14.9
2026-02-26T09:00,13.8,29,0.0,905.5,14.0
2026-02-26T10:00,17.0,24,0.0,905.9,18.0
2026-02-26T11:00,19.3,21,0.0,906.0,20.8
2026-02-26T12:00,21.1,19,0.0,905.5,20.3
2026-02-26T13:00,22.6,17,0.0,904.8,18.7
2026-02-26T14:00,23.6,17,0.0,903.7,17.9
2026-02-26T15:00,23.8,17,0.0,903.0,16.8
2026-02-26T16:00,23.6,17,0.0,902.5,15.8
2026-02-26T17:00,23.2,17,0.0,902.1,14.7
2026-02-26T18:00,22.0,19,0.0,901.8,12.2
2026-02-26T19:00,20.5,21,0.0,901.3,8.8
2026-02-26T20:00,18.5,25,0.0,901.2,2.1
2026-02-26T21:00,17.9,23,0.0,901.7,14.8
2026-02-26T22:00,17.2,22,0.0,901.6,13.8
2026-02-26T23:00,16.4,23,0.0,901.3,8.6
2026-02-27T00:00,15.1,24,0.0,900.8,6.0
2026-02-27T01:00,13.9,27,0.0,900.2,4.4
2026-02-27T02:00,13.1,28,0.0,899.9,2.8
2026-02-27T03:00,12.3,28,0.0,899.2,5.0
2026-02-27T04:00,12.6,27,0.0,899.1,7.3
2026-02-27T05:00,12.1,27,0.0,898.5,5.5
2026-02-27T06:00,11.8,26,0.0,898.4,5.0
2026-02-27T07:00,10.6,30,0.0,898.9,18.7
2026-02-27T08:00,9.6,45,0.0,900.7,16.5
2026-02-27T09:00,10.9,55,0.0,901.8,18.9
2026-02-27T10:00,12.6,47,0.0,902.1,19.1
2026-02-27T11:00,14.2,41,0.0,902.1,17.5
2026-02-27T12:00,15.9,35,0.0,901.9,14.6
2026-02-27T13:00,17.3,31,0.0,901.4,13.0
2026-02-27T14:00,18.0,29,0.0,900.9,11.7
2026-02-27T15:00,17.6,29,0.0,900.4,11.2
2026-02-27T16:00,17.5,29,0.0,900.2,11.7
2026-02-27T17:00,16.6,30,0.0,900.0,13.1
2026-02-27T18:00,15.4,32,0.0,899.8,14.9
2026-02-27T19:00,14.2,35,0.0,900.1,12.5
2026-02-27T20:00,13.3,37,0.0,900.5,15.0
2026-02-27T21:00,12.4,40,0.0,900.5,13.5
2026-02-27T22:00,11.5,42,0.0,900.4,11.5
2026-02-27T23:00,10.6,45,0.0,900.1,7.8
2026-02-28T00:00,10.0,46,0.0,899.7,8.2
2026-02-28T01:00,9.3,48,0.0,899.6,8.0
2026-02-28T02:00,8.6,51,0.0,899.4,6.3
2026-02-28T03:00,7.7,51,0.0,899.0,5.0
2026-02-28T04:00,7.2,53,0.0,898.9,4.1
2026-02-28T05:00,6.7,54,0.0,898.9,2.1
2026-02-28T06:00,6.3,55,0.0,899.1,1.8
2026-02-28T07:00,6.1,55,0.0,899.4,1.6
2026-02-28T08:00,7.9,48,0.0,900.6,3.8
2026-02-28T09:00,9.7,40,0.0,901.9,8.2
2026-02-28T10:00,11.6,35,0.0,902.2,10.2
2026-02-28T11:00,13.4,31,0.0,902.1,11.8
2026-02-28T12:00,15.1,28,0.0,901.7,11.7
2026-02-28T13:00,16.6,25,0.0,901.3,10.1
2026-02-28T14:00,17.8,24,0.0,900.9,8.2
2026-02-28T15:00,18.0,24,0.0,900.3,8.0
2026-02-28T16:00,18.3,24,0.0,899.8,14.2
2026-02-28T17:00,18.1,24,0.0,899.5,20.3
2026-02-28T18:00,17.4,25,0.0,899.5,20.6
2026-02-28T19:00,16.3,27,0.0,899.6,24.0
2026-02-28T20:00,15.3,29,0.0,900.3,23.0
2026-02-28T21:00,14.9,30,0.0,900.8,18.4
2026-02-28T22:00,13.8,31,0.0,901.0,14.3
2026-02-28T23:00,13.2,32,0.0,900.7,11.1
2026-03-01T00:00,11.7,35,0.0,900.3,7.8
2026-03-01T01:00,10.6,38,0.0,900.0,7.0
2026-03-01T02:00,9.6,41,0.0,899.6,6.3
2026-03-01T03:00,9.1,41,0.0,899.2,4.8
2026-03-01T04:00,8.6,43,0.0,899.2,4.3
2026-03-01T05:00,7.8,46,0.0,899.3,4.2
2026-03-01T06:00,7.1,48,0.0,899.3,4.7
2026-03-01T07:00,6.6,50,0.0,899.9,6.2
2026-03-01T08:00,8.0,45,0.0,901.3,7.2
2026-03-01T09:00,10.9,37,0.0,902.6,7.0
2026-03-01T10:00,13.4,31,0.0,903.0,10.7
2026-03-01T11:00,15.6,27,0.0,903.1,11.9
2026-03-01T12:00,17.4,25,0.0,902.8,12.3
2026-03-01T13:00,18.8,22,0.0,902.4,11.2
2026-03-01T14:00,19.6,20,0.0,901.8,9.4
2026-03-01T15:00,19.8,21,0.0,901.5,10.2
2026-03-01T16:00,19.9,21,0.0,901.0,12.3
2026-03-01T17:00,20.0,20,0.0,900.6,9.9
2026-03-01T18:00,19.4,19,0.0,900.3,9.9
2026-03-01T19:00,16.0,22,0.0,901.0,25.3
2026-03-01T20:00,14.5,22,0.0,901.7,20.3
2026-03-01T21:00,13.6,24,0.0,901.8,17.5
2026-03-01T22:00,12.7,25,0.0,901.6,14.3
2026-03-01T23:00,11.7,27,0.0,901.3,10.6
2026-03-02T00:00,10.8,29,0.0,901.0,8.3
2026-03-02T01:00,9.6,32,0.0,900.6,5.0
2026-03-02T02:00,8.7,34,0.0,900.3,4.8
2026-03-02T03:00,8.4,34,0.0,900.3,7.9
2026-03-02T04:00,7.6,36,0.0,900.3,9.3
2026-03-02T05:00,6.7,37,0.0,900.4,9.9
2026-03-02T06:00,5.9,38,0.0,900.6,9.7
2026-03-02T07:00,5.4,39,0.0,901.5,9.2
2026-03-02T08:00,6.8,35,0.0,902.9,8.3
2026-03-02T09:00,9.1,29,0.0,903.8,13.1
2026-03-02T10:00,11.0,25,0.0,904.2,15.9
2026-03-02T11:00,13.1,22,0.0,904.2,17.1
2026-03-02T12:00,14.9,20,0.0,903.8,16.7
2026-03-02T13:00,16.4,19,0.0,903.5,15.9
2026-03-02T14:00,17.3,18,0.0,903.0,15.5
2026-03-02T15:00,17.3,19,0.0,902.5,16.4
2026-03-02T16:00,17.1,19,0.0,902.4,16.2
2026-03-02T17:00,16.5,20,0.0,902.4,17.3
2026-03-02T18:00,15.3,22,0.0,902.2,19.0
2026-03-02T19:00,14.1,24,0.0,902.4,22.0
2026-03-02T20:00,13.1,25,0.0,902.6,23.3
2026-03-02T21:00,12.3,27,0.0,902.9,21.7
2026-03-02T22:00,11.6,28,0.0,903.0,21.5
2026-03-02T23:00,10.6,29,0.0,903.0,21.1
2026-03-03T00:00,9.6,30,0.0,903.0,20.8
2026-03-03T01:00,8.9,30,0.0,903.3,20.2
2026-03-03T02:00,8.1,32,0.0,903.3,18.3
2026-03-03T03:00,7.4,34,0.0,903.0,15.8
2026-03-03T04:00,6.8,37,0.0,902.8,14.6
2026-03-03T05:00,6.1,40,0.0,902.8,13.3
2026-03-03T06:00,5.4,41,0.0,903.5,13.1
2026-03-03T07:00,5.0,43,0.0,904.0,13.9
2026-03-03T08:00,6.1,40,0.0,905.2,13.1
2026-03-03T09:00,8.0,35,0.0,906.4,17.7
2026-03-03T10:00,10.1,32,0.0,906.9,21.6
2026-03-03T11:00,11.8,28,0.0,906.9,24.1
2026-03-03T12:00,12.8,28,0.4,906.3,24.0
2026-03-03T13:00,13.2,27,0.3,906.0,23.7
2026-03-03T14:00,13.4,26,0.2,905.5,22.6
2026-03-03T15:00,12.6,27,0.0,905.5,22.5
2026-03-03T16:00,12.9,27,0.0,905.9,21.5
2026-03-03T17:00,11.9,31,0.0,906.1,20.7
2026-03-03T18:00,11.1,33,0.0,906.4,18.8
2026-03-03T19:00,10.4,36,0.0,906.8,18.8
2026-03-03T20:00,10.1,37,0.0,907.3,15.6
2026-03-03T21:00,9.6,38,0.0,907.4,10.6
2026-03-03T22:00,9.2,39,0.0,907.3,7.5
2026-03-03T23:00,8.1,41,0.0,906.9,7.1
2026-03-04T00:00,7.2,44,0.0,906.3,4.2
2026-03-04T01:00,6.8,45,0.0,906.1,4.0
2026-03-04T02:00,6.6,45,0.0,905.8,4.6
2026-03-04T03:00,6.9,43,0.0,905.8,8.1
2026-03-04T04:00,6.4,44,0.0,905.6,5.7
2026-03-04T05:00,5.5,47,0.0,905.2,4.7
2026-03-04T06:00,5.1,48,0.0,905.6,3.4
2026-03-04T07:00,5.0,48,0.0,906.0,2.8
2026-03-04T08:00,7.2,39,0.0,907.6,4.4
2026-03-04T09:00,10.1,31,0.0,909.2,2.3
2026-03-04T10:00,12.3,24,0.0,909.4,4.0
2026-03-04T11:00,13.7,20,0.0,909.6,5.7
2026-03-04T12:00,14.9,17,0.0,909.5,5.9
2026-03-04T13:00,15.8,15,0.0,909.0,5.7
2026-03-04T14:00,16.5,14,0.0,908.3,5.4
2026-03-04T15:00,16.9,14,0.0,907.7,4.5
2026-03-04T16:00,17.2,14,0.0,907.5,5.6
2026-03-04T17:00,16.6,14,0.0,907.1,7.7
2026-03-04T18:00,15.6,15,0.0,907.1,9.5
2026-03-04T19:00,14.1,16,0.0,907.1,10.4
2026-03-04T20:00,13.0,18,0.0,907.2,8.7
2026-03-04T21:00,12.1,20,0.0,907.1,6.3
2026-03-04T22:00,10.7,23,0.0,906.9,2.2
2026-03-04T23:00,10.1,27,0.0,906.7,0.4
2026-03-05T00:00,9.1,26,0.0,906.2,0.9
2026-03-05T01:00,8.4,27,0.0,905.9,1.7
2026-03-05T02:00,7.9,27,0.0,905.3,2.4
2026-03-05T03:00,7.4,27,0.0,904.6,3.3
2026-03-05T04:00,6.9,27,0.0,904.2,4.9
2026-03-05T05:00,6.9,27,0.0,904.2,7.1
2026-03-05T06:00,6.8,28,0.0,904.3,9.4
2026-03-05T07:00,6.8,28,0.0,904.7,11.6
2026-03-05T08:00,9.3,24,0.0,906.1,13.0
2026-03-05T09:00,13.8,19,0.0,908.1,8.2
2026-03-05T10:00,17.1,16,0.0,909.2,7.3
2026-03-05T11:00,17.7,13,0.0,909.4,11.3
2026-03-05T12:00,18.5,14,0.0,908.9,12.2
2026-03-05T13:00,19.4,13,0.0,908.2,9.9
2026-03-05T14:00,20.0,12,0.0,907.5,9.2
2026-03-05T15:00,19.5,13,0.0,907.3,11.4
2026-03-05T16:00,18.9,15,0.0,907.0,14.0
2026-03-05T17:00,17.7,17,0.0,906.9,13.6
2026-03-05T18:00,17.0,18,0.0,906.8,9.5
2026-03-05T19:00,16.1,20,0.0,906.6,15.4
2026-03-05T20:00,15.0,23,0.0,906.7,11.1
2026-03-05T21:00,14.4,25,0.0,907.2,10.4
2026-03-05T22:00,13.6,27,0.0,907.0,10.2
2026-03-05T23:00,12.4,30,0.0,906.7,10.3
2026-03-06T00:00,11.6,33,0.0,906.3,9.6
2026-03-06T01:00,11.1,34,0.0,906.1,9.1
2026-03-06T02:00,10.3,37,0.0,906.1,8.6
2026-03-06T03:00,9.6,38,0.0,905.8,6.8
2026-03-06T04:00,8.9,41,0.0,905.8,6.3
2026-03-06T05:00,8.0,44,0.0,905.6,5.0
2026-03-06T06:00,7.7,46,0.0,906.0,4.8
2026-03-06T07:00,7.4,47,0.0,906.4,4.7
2026-03-06T08:00,9.0,42,0.0,907.4,5.8
2026-03-06T09:00,11.4,36,0.0,908.0,8.8
2026-03-06T10:00,14.1,29,0.0,908.2,12.3
2026-03-06T11:00,16.5,22,0.0,908.1,14.1
2026-03-06T12:00,18.8,19,0.0,907.6,14.8
2026-03-06T13:00,21.0,16,0.0,906.8,14.2
2026-03-06T14:00,23.3,20,0.0,905.6,14.3
2026-03-06T15:00,23.8,18,0.0,904.8,17.4
2026-03-06T16:00,23.2,19,0.0,904.3,18.3
2026-03-06T17:00,23.8,16,0.0,904.0,14.6
2026-03-06T18:00,22.5,20,0.0,903.8,18.8
2026-03-06T19:00,21.8,21,0.0,903.4,18.2
2026-03-06T20:00,20.5,23,0.0,902.6,7.1
2026-03-06T21:00,19.4,27,0.0,902.7,3.1
2026-03-06T22:00,18.0,29,0.0,902.5,4.6
2026-03-06T23:00,17.4,31,0.0,902.1,5.8
2026-03-07T00:00,17.6,30,0.0,902.3,5.1
2026-03-07T01:00,16.7,31,0.0,902.2,4.3
2026-03-07T02:00,14.9,35,0.0,901.1,5.6
2026-03-07T03:00,15.0,36,0.0,900.9,12.2
2026-03-07T04:00,14.6,40,0.0,900.6,15.3
2026-03-07T05:00,14.0,45,0.0,900.6,15.3
2026-03-07T06:00,13.1,49,0.0,900.5,14.4
2026-03-07T07:00,12.6,52,0.0,900.7,15.1
2026-03-07T08:00,14.6,46,0.0,901.9,14.3
2026-03-07T09:00,17.9,37,0.0,903.1,12.6
2026-03-07T10:00,21.5,28,0.0,903.5,14.4
2026-03-07T11:00,24.1,16,0.0,903.4,15.0
2026-03-07T12:00,25.5,14,0.0,902.7,16.6
2026-03-07T13:00,25.8,13,0.0,902.2,17.8
2026-03-07T14:00,26.2,10,0.0,901.3,18.4
2026-03-07T15:00,25.5,9,0.0,901.2,18.8
2026-03-07T16:00,24.5,9,0.0,900.9,20.6
2026-03-07T17:00,23.0,10,0.0,900.7,22.2
2026-03-07T18:00,21.6,11,0.0,900.7,20.4
2026-03-07T19:00,20.3,12,0.0,900.5,18.2
2026-03-07T20:00,19.1,13,0.0,900.9,14.9
2026-03-07T21:00,17.2,15,0.0,901.4,5.6
2026-03-07T22:00,16.3,17,0.0,901.2,5.3
2026-03-07T23:00,15.9,18,0.0,901.7,15.5
2026-03-08T00:00,13.8,24,0.0,901.1,15.9
2026-03-08T01:00,12.9,28,0.0,901.1,17.3
2026-03-08T02:00,12.1,28,0.0,900.7,17.0
2026-03-08T03:00,11.9,24,0.0,900.6,16.3
2026-03-08T04:00,11.2,23,0.0,900.5,17.2
2026-03-08T05:00,10.5,26,0.0,900.5,17.7
2026-03-08T06:00,9.8,30,0.0,900.7,16.0
2026-03-08T07:00,9.4,37,0.0,901.4,16.0
2026-03-08T08:00,10.6,40,0.0,902.8,14.0
2026-03-08T09:00,12.3,40,0.0,903.6,18.9
2026-03-08T10:00,13.6,37,0.0,904.0,20.4
2026-03-08T11:00,15.2,32,0.0,904.4,18.9
2026-03-08T12:00,16.5,28,0.0,904.0,18.4
2026-03-08T13:00,17.5,25,0.0,903.8,18.0
2026-03-08T14:00,18.1,24,0.0,903.5,16.8
2026-03-08T15:00,18.5,22,0.0,903.3,13.5
2026-03-08T16:00,18.4,22,0.0,903.3,13.3
2026-03-08T17:00,17.6,23,0.0,903.2,13.2
2026-03-08T18:00,16.4,25,0.0,903.2,13.2
2026-03-08T19:00,15.3,27,0.0,903.2,12.5
2026-03-08T20:00,14.1,28,0.0,903.6,13.2
2026-03-08T21:00,13.2,31,0.0,904.0,10.8
2026-03-08T22:00,12.1,33,0.0,903.6,9.4
2026-03-08T23:00,11.2,35,0.0,903.5,6.8
2026-03-09T00:00,10.6,36,0.0,903.1,6.5
2026-03-09T01:00,10.0,38,0.0,903.1,6.9
2026-03-09T02:00,9.3,39,0.0,902.8,8.7
2026-03-09T03:00,8.4,38,0.0,902.6,8.0
2026-03-09T04:00,7.8,38,0.0,902.3,6.0
2026-03-09T05:00,6.9,40,0.0,902.6,4.3
2026-03-09T06:00,6.4,41,0.0,902.8,3.0
2026-03-09T07:00,6.8,37,0.0,903.1,2.8
2026-03-09T08:00,9.2,31,0.0,904.2,3.2
2026-03-09T09:00,12.1,27,0.0,905.3,4.7
2026-03-09T10:00,14.1,25,0.0,905.7,7.7
2026-03-09T11:00,15.6,23,0.0,905.8,8.8
2026-03-09T12:00,17.0,21,0.0,905.3,8.8
2026-03-09T13:00,18.1,20,0.0,904.8,8.4
2026-03-09T14:00,19.0,19,0.0,904.4,7.7
2026-03-09T15:00,19.2,20,0.0,904.2,7.9
2026-03-09T16:00,19.5,20,0.0,903.9,8.0
2026-03-09T17:00,18.9,20,0.0,903.5,12.4
2026-03-09T18:00,17.7,23,0.0,903.2,16.8
2026-03-09T19:00,16.7,25,0.0,903.6,16.2
2026-03-09T20:00,15.8,26,0.0,904.2,14.5
2026-03-09T21:00,14.9,28,0.0,904.8,14.0
2026-03-09T22:00,13.9,30,0.0,904.7,14.0
2026-03-09T23:00,13.0,31,0.0,904.5,14.1
2026-03-10T00:00,12.1,33,0.0,904.4,14.3
2026-03-10T01:00,11.3,34,0.0,904.3,13.1
2026-03-10T02:00,10.4,35,0.0,904.0,12.0
2026-03-10T03:00,9.9,34,0.0,903.4,7.3
2026-03-10T04:00,8.9,37,0.0,903.1,4.2
2026-03-10T05:00,8.1,38,0.0,903.3,4.3
2026-03-10T06:00,7.8,38,0.0,903.8,6.7
2026-03-10T07:00,7.6,38,0.0,904.4,8.2
2026-03-10T08:00,9.2,33,0.0,906.0,7.2
2026-03-10T09:00,11.8,26,0.0,906.8,12.3
2026-03-10T10:00,14.0,21,0.0,907.1,16.6
2026-03-10T11:00,16.0,19,0.0,907.4,19.0
2026-03-10T12:00,17.8,18,0.0,907.1,21.0
2026-03-10T13:00,19.0,17,0.0,906.5,21.3
2026-03-10T14:00,19.9,17,0.0,906.1,20.9
2026-03-10T15:00,20.5,18,0.0,905.7,18.6
2026-03-10T16:00,20.3,18,0.0,905.4,17.6
2026-03-10T17:00,19.6,19,0.0,905.2,17.6
2026-03-10T18:00,18.4,20,0.0,904.9,20.8
2026-03-10T19:00,17.0,20,0.0,905.2,22.2
2026-03-10T20:00,15.9,20,0.0,905.5,23.9
2026-03-10T21:00,15.1,21,0.0,905.7,23.9
2026-03-10T22:00,14.2,22,0.0,905.5,22.0
2026-03-10T23:00,13.4,23,0.0,905.0,21.3
2026-03-11T00:00,12.9,25,0.0,905.5,18.3
2026-03-11T01:00,12.6,27,0.0,905.9,18.5
2026-03-11T02:00,12.1,28,0.0,905.6,17.2
2026-03-11T03:00,11.6,28,0.0,905.2,14.8
2026-03-11T04:00,11.2,30,0.0,904.9,12.1
2026-03-11T05:00,10.8,33,0.0,904.9,9.5
2026-03-11T06:00,10.5,36,0.0,905.1,6.7
2026-03-11T07:00,10.4,39,0.0,905.6,4.8
2026-03-11T08:00,11.6,40,0.0,906.5,5.2
2026-03-11T09:00,13.7,42,0.0,907.1,9.6
2026-03-11T10:00,15.7,45,0.0,907.5,13.5
2026-03-11T11:00,18.0,44,0.0,907.2,15.5
2026-03-11T12:00,20.5,43,0.0,906.8,17.2
2026-03-11T13:00,22.5,36,0.0,906.2,18.0
2026-03-11T14:00,23.7,28,0.0,905.2,16.9
2026-03-11T15:00,24.0,24,0.0,904.7,14.7
2026-03-11T16:00,23.8,23,0.0,904.2,15.2
2026-03-11T17:00,23.2,21,0.0,904.1,15.2
2026-03-11T18:00,22.8,21,0.0,903.8,10.3
2026-03-11T19:00,20.9,24,0.0,903.0,4.5
2026-03-11T20:00,20.0,30,0.0,903.4,10.6
2026-03-11T21:00,18.3,44,0.0,903.7,21.7
2026-03-11T22:00,17.0,41,0.0,903.9,19.5
2026-03-11T23:00,16.4,47,0.0,903.6,13.0
2026-03-12T00:00,15.5,53,0.0,903.0,11.2
2026-03-12T01:00,14.9,57,0.0,902.5,14.3
2026-03-12T02:00,13.4,64,0.0,902.4,4.4
2026-03-12T03:00,13.4,54,0.0,902.0,7.3
2026-03-12T04:00,12.7,57,0.0,901.2,8.1
2026-03-12T05:00,12.2,60,0.0,900.5,7.8
2026-03-12T06:00,11.9,62,0.0,900.6,12.0
2026-03-12T07:00,12.1,64,0.0,900.8,13.7
2026-03-12T08:00,14.4,57,0.0,902.0,14.7
2026-03-12T09:00,17.9,54,0.0,903.5,14.3
2026-03-12T10:00,21.5,42,0.0,904.1,14.1
2026-03-12T11:00,24.5,20,0.0,904.4,12.1
2026-03-12T12:00,25.4,15,0.0,904.0,14.4
2026-03-12T13:00,25.9,13,0.0,903.6,16.0
2026-03-12T14:00,26.1,11,0.0,903.0,16.3
2026-03-12T15:00,25.5,11,0.0,902.7,19.0
2026-03-12T16:00,24.9,11,0.0,902.4,17.9
2026-03-12T17:00,23.8,11,0.0,902.3,18.0
2026-03-12T18:00,22.7,11,0.0,902.3,15.6
2026-03-12T19:00,21.4,13,0.0,902.5,12.6
2026-03-12T20:00,20.3,15,0.0,902.8,12.5
2026-03-12T21:00,19.5,16,0.0,903.0,12.1
2026-03-12T22:00,18.4,19,0.0,902.9,10.7
2026-03-12T23:00,17.4,22,0.0,902.7,11.0
2026-03-13T00:00,16.2,25,0.0,902.4,11.6
2026-03-13T01:00,15.0,32,0.0,901.9,6.7
2026-03-13T02:00,14.1,40,0.0,901.5,4.6
2026-03-13T03:00,14.2,32,0.0,901.0,6.9
2026-03-13T04:00,13.4,39,0.0,901.0,5.6
2026-03-13T05:00,12.5,46,0.0,900.7,3.1
2026-03-13T06:00,12.1,50,0.0,900.9,2.6
2026-03-13T07:00,12.1,51,0.0,901.4,2.3
2026-03-13T08:00,14.4,43,0.0,903.0,2.7
2026-03-13T09:00,17.8,32,0.0,904.4,2.2
2026-03-13T10:00,20.6,26,0.0,905.1,4.4
2026-03-13T11:00,22.5,19,0.0,905.4,4.9
2026-03-13T12:00,23.8,17,0.0,905.1,6.3
2026-03-13T13:00,25.0,15,0.0,904.5,6.2
2026-03-13T14:00,25.8,13,0.0,903.7,3.3
2026-03-13T15:00,25.5,12,0.0,903.7,12.8
2026-03-13T16:00,25.0,12,0.0,903.4,12.8
2026-03-13T17:00,24.3,13,0.0,903.5,8.9
2026-03-13T18:00,23.2,14,0.0,903.2,2.3
2026-03-13T19:00,21.8,15,0.0,903.1,5.1
2026-03-13T20:00,20.5,17,0.0,903.2,3.6
2026-03-13T21:00,20.6,16,0.0,903.7,6.4
2026-03-13T22:00,19.4,18,0.0,903.8,7.8
2026-03-13T23:00,17.7,22,0.0,903.5,4.4
2026-03-14T00:00,16.7,25,0.0,902.9,4.9
2026-03-14T01:00,15.6,29,0.0,902.6,5.0
2026-03-14T02:00,14.8,36,0.0,902.1,5.5
2026-03-14T03:00,15.3,31,0.0,901.9,6.8
2026-03-14T04:00,14.9,30,0.0,902.0,6.8
2026-03-14T05:00,14.4,30,0.0,902.0,8.4
2026-03-14T06:00,13.9,31,0.0,901.9,8.0
2026-03-14T07:00,14.1,32,0.0,902.2,9.6
2026-03-14T08:00,16.0,31,0.0,903.5,11.2
2026-03-14T09:00,18.6,36,0.0,904.4,13.4
2026-03-14T10:00,20.4,38,0.0,904.4,16.9
2026-03-14T11:00,24.0,29,0.0,904.3,22.8
2026-03-14T12:00,26.4,20,0.0,903.8,26.3
2026-03-14T13:00,28.0,18,0.0,903.0,27.8
2026-03-14T14:00,28.2,18,0.0,901.8,27.4
2026-03-14T15:00,28.2,17,0.0,900.9,25.4
2026-03-14T16:00,29.1,15,0.0,900.2,24.0
2026-03-14T17:00,28.7,16,0.0,900.1,20.9
2026-03-14T18:00,28.2,16,0.0,899.7,14.2
2026-03-14T19:00,26.7,17,0.0,899.3,12.1
2026-03-14T20:00,25.5,19,0.0,899.4,16.6
2026-03-14T21:00,25.4,17,0.0,899.8,19.4
2026-03-14T22:00,23.7,27,0.0,900.1,15.2
2026-03-14T23:00,22.0,37,0.0,900.0,18.1
2026-03-15T00:00,21.2,39,0.0,899.5,21.7
2026-03-15T01:00,20.7,45,0.0,899.3,21.4
2026-03-15T02:00,20.1,51,0.0,898.8,23.0
2026-03-15T03:00,19.9,52,0.0,898.6,22.8
2026-03-15T04:00,19.8,55,0.0,898.2,29.8
2026-03-15T05:00,19.8,55,0.0,897.9,31.8
2026-03-15T06:00,19.4,55,0.0,898.6,28.4
2026-03-15T07:00,19.4,55,0.0,899.0,26.4
2026-03-15T08:00,20.8,50,0.0,899.7,23.4
2026-03-15T09:00,22.6,44,0.0,900.2,29.9
2026-03-15T10:00,24.6,38,0.0,900.6,30.3
2026-03-15T11:00,27.0,32,0.0,900.9,30.9
2026-03-15T12:00,29.4,27,0.0,900.5,33.5
2026-03-15T13:00,27.3,28,0.0,900.0,36.5
2026-03-15T14:00,28.4,25,0.0,899.6,38.0
2026-03-15T15:00,27.5,31,0.2,899.2,14.8
2026-03-15T16:00,26.9,30,0.0,899.3,22.4
2026-03-15T17:00,27.4,28,0.0,900.0,29.6
2026-03-15T18:00,24.1,36,0.0,899.6,22.8
2026-03-15T19:00,23.5,44,0.0,900.2,25.9
2026-03-15T20:00,23.1,48,0.0,900.8,21.1
2026-03-15T21:00,22.0,49,0.0,900.5,21.4
2026-03-15T22:00,21.1,53,0.0,900.9,20.5
2026-03-15T23:00,21.0,50,0.0,901.0,21.9
2026-03-16T00:00,20.5,50,0.0,900.5,19.5
2026-03-16T01:00,20.2,48,0.0,900.7,19.4
2026-03-16T02:00,19.6,49,0.0,899.8,15.3
2026-03-16T03:00,19.8,60,0.0,900.2,10.5
2026-03-16T04:00,19.2,56,0.0,900.5,8.3
2026-03-16T05:00,17.1,62,0.0,901.0,16.7
2026-03-16T06:00,15.4,78,0.1,901.4,15.4
2026-03-16T07:00,14.6,79,0.1,902.4,14.9
2026-03-16T08:00,14.6,68,0.0,902.4,16.5
2026-03-16T09:00,15.6,50,0.0,903.0,18.3
2026-03-16T10:00,17.4,40,0.0,903.9,18.7
2026-03-16T11:00,18.8,34,0.0,904.2,17.7
2026-03-16T12:00,19.9,31,0.0,903.5,15.3
2026-03-16T13:00,20.9,28,0.0,903.3,15.6
2026-03-16T14:00,21.7,27,0.0,902.9,12.7
2026-03-16T15:00,21.8,31,0.0,902.8,8.5
2026-03-16T16:00,21.8,30,0.0,902.7,9.6
2026-03-16T17:00,21.1,31,0.0,902.7,10.4
2026-03-16T18:00,20.1,33,0.0,902.3,14.8
2026-03-16T19:00,19.0,35,0.0,902.7,15.3
2026-03-16T20:00,18.0,38,0.0,902.9,14.7
2026-03-16T21:00,17.0,40,0.0,903.3,14.1
2026-03-16T22:00,16.0,43,0.0,903.4,12.7
2026-03-16T23:00,15.1,47,0.0,903.0,9.9
2026-03-17T00:00,14.1,52,0.0,902.7,8.2
2026-03-17T01:00,13.3,57,0.0,902.3,8.0
2026-03-17T02:00,12.6,61,0.0,901.8,7.3
2026-03-17T03:00,12.8,52,0.0,901.7,8.5
2026-03-17T04:00,12.3,55,0.0,901.7,8.5
2026-03-17T05:00,11.7,57,0.0,901.5,7.6
2026-03-17T06:00,11.2,58,0.0,901.6,7.1
2026-03-17T07:00,11.4,58,0.0,901.9,8.0
2026-03-17T08:00,13.2,52,0.0,903.0,7.5
2026-03-17T09:00,15.9,40,0.0,903.8,13.3
2026-03-17T10:00,17.9,31,0.0,904.1,16.7
2026-03-17T11:00,19.7,27,0.0,904.1,17.0
2026-03-17T12:00,21.4,25,0.0,903.9,16.6
2026-03-17T13:00,22.6,23,0.0,903.0,15.7
2026-03-17T14:00,23.6,22,0.0,902.5,14.8
2026-03-17T15:00,23.5,23,0.0,902.0,11.3
2026-03-17T16:00,23.7,23,0.0,901.9,8.1
2026-03-17T17:00,23.5,22,0.0,901.4,6.0
2026-03-17T18:00,22.8,23,0.0,901.2,6.3
2026-03-17T19:00,21.7,25,0.0,900.7,14.4
2026-03-17T20:00,20.4,26,0.0,901.3,21.7
2026-03-17T21:00,18.8,28,0.0,901.9,21.2
2026-03-17T22:00,18.1,28,0.0,902.1,17.8
2026-03-17T23:00,17.3,29,0.0,902.1,16.2
2026-03-18T00:00,16.4,30,0.0,901.8,13.7
2026-03-18T01:00,15.4,32,0.0,901.4,10.9
2026-03-18T02:00,14.6,32,0.0,901.1,9.2
2026-03-18T03:00,14.4,33,0.0,900.4,8.4
2026-03-18T04:00,13.7,35,0.0,900.3,6.1
2026-03-18T05:00,12.8,38,0.0,900.0,5.1
2026-03-18T06:00,12.8,39,0.0,900.1,5.6
2026-03-18T07:00,12.4,41,0.0,900.3,5.8
2026-03-18T08:00,14.3,38,0.0,901.5,7.3
2026-03-18T09:00,17.4,33,0.0,902.7,11.1
2026-03-18T10:00,19.9,30,0.0,903.2,12.5
2026-03-18T11:00,22.2,27,0.0,903.7,13.0
2026-03-18T12:00,24.2,24,0.0,902.9,14.3
2026-03-18T13:00,25.7,20,0.0,902.1,11.7
2026-03-18T14:00,26.5,19,0.0,901.2,10.5
2026-03-18T15:00,26.5,19,0.0,901.1,11.5
2026-03-18T16:00,26.9,18,0.0,900.9,13.6
2026-03-18T17:00,27.1,16,0.0,900.1,14.8
2026-03-18T18:00,26.5,16,0.0,899.6,17.4
2026-03-18T19:00,25.0,20,0.0,899.7,21.1
2026-03-18T20:00,24.6,20,0.0,900.2,14.6
2026-03-18T21:00,23.5,24,0.0,900.5,21.3
2026-03-18T22:00,22.5,28,0.5,900.8,20.7
2026-03-18T23:00,21.7,33,0.0,900.3,17.4
2026-03-19T00:00,20.3,37,0.0,899.4,15.6
2026-03-19T01:00,19.6,39,0.0,899.0,14.6
2026-03-19T02:00,19.2,41,0.0,898.5,17.3
2026-03-19T03:00,17.1,67,0.3,898.1,26.5
2026-03-19T04:00,17.0,67,0.3,897.6,34.9
2026-03-19T05:00,16.9,69,0.3,897.1,33.8
2026-03-19T06:00,17.0,63,0.0,896.0,30.4
2026-03-19T07:00,16.9,60,0.0,896.0,33.0
2026-03-19T08:00,17.3,62,0.0,896.3,27.7
2026-03-19T09:00,19.1,57,0.1,895.6,30.5
2026-03-19T10:00,21.1,53,0.0,895.6,36.3
2026-03-19T11:00,21.2,55,0.2,895.3,38.6
2026-03-19T12:00,20.9,56,0.2,895.2,36.3
2026-03-19T13:00,21.5,58,0.0,894.4,39.0
2026-03-19T14:00,21.5,60,0.1,894.0,32.3
2026-03-19T15:00,17.6,70,0.0,893.7,22.8
2026-03-19T16:00,21.3,47,0.5,893.6,35.1
2026-03-19T17:00,20.2,46,0.0,894.0,29.3
2026-03-19T18:00,20.3,32,0.0,894.3,23.0
2026-03-19T19:00,18.2,41,0.0,894.3,16.3
2026-03-19T20:00,17.5,34,0.0,895.1,25.3
2026-03-19T21:00,17.2,31,0.0,895.3,25.5
2026-03-19T22:00,16.8,32,0.0,895.8,26.7
2026-03-19T23:00,15.0,40,0.0,896.2,22.0
2026-03-20T00:00,13.9,45,0.0,896.1,17.8
2026-03-20T01:00,13.0,47,0.0,896.1,16.3
2026-03-20T02:00,12.4,49,0.0,896.3,17.6
2026-03-20T03:00,12.2,53,0.0,896.3,11.0
2026-03-20T04:00,11.6,56,0.0,896.4,10.2
2026-03-20T05:00,10.9,59,0.0,896.8,10.7
2026-03-20T06:00,10.5,61,0.0,897.2,10.3
2026-03-20T07:00,10.4,62,0.0,897.9,10.1
2026-03-20T08:00,12.5,53,0.0,899.2,8.6
2026-03-20T09:00,14.9,42,0.0,900.5,11.1
2026-03-20T10:00,16.5,36,0.0,900.9,8.5
2026-03-20T11:00,17.9,32,0.0,901.3,5.2
2026-03-20T12:00,19.0,29,0.0,900.7,5.2
2026-03-20T13:00,19.8,27,0.0,900.1,8.9
2026-03-20T14:00,20.2,26,0.0,899.7,11.9
2026-03-20T15:00,20.4,21,0.0,899.1,15.3
2026-03-20T16:00,19.6,27,0.0,898.9,17.5
2026-03-20T17:00,19.9,25,0.0,898.8,14.7
2026-03-20T18:00,19.5,22,0.0,898.5,15.5
2026-03-20T19:00,18.2,30,0.0,898.4,16.6
2026-03-20T20:00,17.2,32,0.0,898.6,12.7
2026-03-20T21:00,16.1,34,0.0,898.4,1.5
2026-03-20T22:00,14.9,36,0.0,898.4,2.4
2026-03-20T23:00,13.9,38,0.0,898.1,4.2
2026-03-21T00:00,13.6,41,0.0,897.6,6.5
2026-03-21T01:00,12.8,44,0.0,897.2,5.0
2026-03-21T02:00,11.7,48,0.0,896.6,3.8
2026-03-21T03:00,11.6,56,0.0,896.1,4.3
2026-03-21T04:00,11.6,56,0.0,896.2,2.1
2026-03-21T05:00,11.6,55,0.0,896.5,5.5
2026-03-21T06:00,10.9,56,0.0,896.4,8.4
2026-03-21T07:00,11.4,53,0.0,897.1,9.0
2026-03-21T08:00,14.5,43,0.0,898.9,8.6
2026-03-21T09:00,17.3,36,0.0,900.0,8.3
2026-03-21T10:00,19.0,27,0.0,900.4,8.8
2026-03-21T11:00,20.4,23,0.0,900.6,11.9
2026-03-21T12:00,21.2,22,0.0,900.4,14.3
2026-03-21T13:00,22.0,21,0.0,899.7,14.7
2026-03-21T14:00,22.5,20,0.0,899.0,14.8
2026-03-21T15:00,22.6,18,0.0,898.3,14.9
2026-03-21T16:00,22.8,15,0.0,898.0,15.0
2026-03-21T17:00,22.2,15,0.0,897.9,14.7
2026-03-21T18:00,20.9,16,0.0,897.9,13.1
2026-03-21T19:00,19.3,18,0.0,897.9,14.0
2026-03-21T20:00,18.6,20,0.0,898.3,12.6
2026-03-21T21:00,18.0,21,0.0,898.2,6.4
2026-03-21T22:00,16.6,24,0.0,897.9,4.8
2026-03-21T23:00,15.1,26,0.0,897.5,4.1
2026-03-22T00:00,14.3,28,0.0,897.7,6.6
2026-03-22T01:00,14.2,28,0.0,897.7,8.1
2026-03-22T02:00,14.3,27,0.0,897.7,9.0
2026-03-22T03:00,12.9,36,0.0,896.7,3.8
2026-03-22T04:00,13.0,36,0.0,897.2,8.6
2026-03-22T05:00,12.6,39,0.0,897.2,7.8
2026-03-22T06:00,11.6,44,0.0,897.1,6.3
2026-03-22T07:00,11.2,48,0.0,897.2,9.3
2026-03-22T08:00,14.7,40,0.0,899.0,10.6
2026-03-22T09:00,18.6,31,0.0,900.3,14.2
2026-03-22T10:00,20.6,21,0.0,900.8,15.7
2026-03-22T11:00,22.2,19,0.0,901.1,17.2
2026-03-22T12:00,23.5,17,0.0,901.1,18.4
2026-03-22T13:00,24.4,16,0.0,900.7,20.7
2026-03-22T14:00,25.0,16,0.0,900.2,20.9
2026-03-22T15:00,25.3,16,0.0,899.8,16.6
2026-03-22T16:00,25.0,16,0.0,899.5,18.4
2026-03-22T17:00,23.8,18,0.0,899.3,19.4
2026-03-22T18:00,23.2,18,0.0,899.3,18.1
2026-03-22T19:00,22.7,19,0.0,899.7,15.7
2026-03-22T20:00,17.0,40,0.0,900.1,32.0
2026-03-22T21:00,16.5,43,0.0,900.5,26.5
2026-03-22T22:00,15.1,49,0.0,900.5,17.8
2026-03-22T23:00,14.9,51,0.0,900.8,10.4
2026-03-23T00:00,14.1,56,0.0,900.5,9.2
2026-03-23T01:00,13.4,59,0.0,900.1,5.1
2026-03-23T02:00,12.7,61,0.0,899.6,6.6
2026-03-23T03:00,13.6,61,0.0,899.5,5.6
2026-03-23T04:00,13.6,64,0.4,899.6,8.1
2026-03-23T05:00,13.2,63,0.0,899.7,4.6
2026-03-23T06:00,12.6,66,0.0,899.5,6.9
2026-03-23T07:00,13.1,60,0.0,899.5,13.1
2026-03-23T08:00,15.0,51,0.0,900.7,11.6
2026-03-23T09:00,17.8,40,0.0,902.1,11.2
2026-03-23T10:00,15.8,57,0.3,902.6,23.9
2026-03-23T11:00,17.5,46,0.0,902.6,7.5
2026-03-23T12:00,20.4,34,0.0,902.2,5.1
2026-03-23T13:00,22.4,25,0.1,901.6,20.4
2026-03-23T14:00,21.8,26,0.0,900.6,26.0
2026-03-23T15:00,22.1,24,0.0,899.6,22.7
2026-03-23T16:00,21.7,22,0.0,899.4,26.2
2026-03-23T17:00,21.0,27,0.6,899.4,16.5
2026-03-23T18:00,20.5,29,0.0,899.2,12.9
2026-03-23T19:00,19.4,32,0.0,899.2,8.0
2026-03-23T20:00,17.8,39,0.0,899.6,6.7
2026-03-23T21:00,15.9,53,0.2,899.1,7.0
2026-03-23T22:00,15.4,59,0.0,898.7,3.1
2026-03-23T23:00,14.9,56,0.0,898.0,3.0
2026-03-24T00:00,15.1,52,0.0,897.9,5.7
2026-03-24T01:00,14.5,62,0.0,897.0,0.2
2026-03-24T02:00,13.5,63,0.0,896.4,0.6
2026-03-24T03:00,13.9,64,0.1,896.9,9.2
2026-03-24T04:00,12.9,75,0.4,896.4,6.6
2026-03-24T05:00,12.8,74,0.0,895.9,13.8
2026-03-24T06:00,12.6,70,0.4,896.6,15.4
2026-03-24T07:00,13.1,66,0.0,896.5,14.9
2026-03-24T08:00,14.8,58,0.0,896.7,14.9
2026-03-24T09:00,17.5,46,0.0,897.6,10.2
2026-03-24T10:00,19.1,40,0.0,897.4,14.7
2026-03-24T11:00,20.8,32,0.0,896.9,19.5
2026-03-24T12:00,20.7,35,0.0,896.1,27.1
2026-03-24T13:00,20.9,34,1.5,895.6,23.2
2026-03-24T14:00,21.0,33,0.0,894.6,24.3
2026-03-24T15:00,21.6,26,0.0,893.8,30.8
2026-03-24T16:00,21.1,29,0.0,893.0,25.8
2026-03-24T17:00,20.5,33,0.0,893.2,23.2
2026-03-24T18:00,18.5,39,0.1,893.3,23.1
2026-03-24T19:00,17.7,41,0.0,893.1,22.2
2026-03-24T20:00,15.4,54,0.0,893.6,19.5
2026-03-24T21:00,14.4,69,0.0,893.4,7.7
2026-03-24T22:00,13.4,79,0.0,894.6,8.5
2026-03-24T23:00,12.8,85,0.0,893.9,3.8
2026-03-25T00:00,12.4,88,0.0,893.2,0.5
2026-03-25T01:00,12.4,88,0.1,893.3,4.9
2026-03-25T02:00,12.3,88,0.9,893.0,6.4
2026-03-25T03:00,12.3,88,0.1,893.3,2.8
2026-03-25T04:00,11.7,92,0.8,892.8,7.3
2026-03-25T05:00,11.8,91,0.7,892.5,8.7
2026-03-25T06:00,11.4,93,0.9,892.4,11.1
2026-03-25T07:00,11.4,90,0.0,892.6,15.9
2026-03-25T08:00,12.9,73,0.0,893.0,14.5
2026-03-25T09:00,13.4,73,0.0,894.1,18.2
2026-03-25T10:00,13.9,68,0.2,893.9,16.3
2026-03-25T11:00,15.2,59,0.1,893.7,21.3
2026-03-25T12:00,16.7,57,0.0,892.9,23.3
2026-03-25T13:00,18.4,54,0.0,892.4,24.0
2026-03-25T14:00,19.5,49,0.1,891.2,25.5
2026-03-25T15:00,16.7,65,0.4,890.9,27.2
2026-03-25T16:00,16.4,68,0.2,890.4,23.7
2026-03-25T17:00,15.4,69,0.0,889.6,18.8
2026-03-25T18:00,15.6,72,0.0,889.4,19.0
2026-03-25T19:00,15.1,75,0.0,889.1,15.1
2026-03-25T20:00,14.3,79,0.0,889.0,8.9
2026-03-25T21:00,15.4,66,0.0,889.3,18.4
2026-03-25T22:00,14.6,71,0.0,889.5,17.9
2026-03-25T23:00,14.1,73,0.0,889.2,22.7
2026-03-26T00:00,12.9,78,2.8,890.4,14.4
2026-03-26T01:00,12.1,80,0.1,890.0,8.6
2026-03-26T02:00,11.6,81,0.0,889.5,6.1
2026-03-26T03:00,11.4,80,0.0,888.5,3.5
2026-03-26T04:00,11.1,84,1.3,888.6,3.9
2026-03-26T05:00,11.6,80,0.2,888.8,4.4
2026-03-26T06:00,11.1,81,0.2,889.3,1.9
2026-03-26T07:00,11.2,87,0.7,889.2,8.9
2026-03-26T08:00,11.1,86,1.1,888.9,10.7
2026-03-26T09:00,11.1,81,1.3,890.5,19.6
2026-03-26T10:00,12.8,66,0.1,891.2,24.1
2026-03-26T11:00,11.5,72,0.1,891.5,19.8
2026-03-26T12:00,13.5,55,0.0,891.3,27.0
2026-03-26T13:00,15.0,46,0.0,891.0,30.3
2026-03-26T14:00,14.8,44,0.0,891.0,33.9
2026-03-26T15:00,15.3,38,0.0,891.2,33.2
2026-03-26T16:00,14.4,39,0.0,891.5,34.3
2026-03-26T17:00,12.3,55,0.0,891.7,21.1
2026-03-26T18:00,12.6,49,0.0,892.2,28.3
2026-03-26T19:00,11.4,55,0.0,893.0,25.7
2026-03-26T20:00,10.9,57,0.0,893.6,26.6
2026-03-26T21:00,9.9,61,0.0,894.8,20.4
2026-03-26T22:00,9.9,62,0.0,895.4,21.5
2026-03-26T23:00,9.8,61,0.0,895.6,21.9
2026-03-27T00:00,9.4,66,0.0,896.1,21.9
2026-03-27T01:00,9.2,67,0.0,896.6,26.5
2026-03-27T02:00,8.6,70,0.0,896.6,28.6
2026-03-27T03:00,8.8,69,0.0,896.9,25.2
2026-03-27T04:00,8.4,71,0.0,897.7,24.0
2026-03-27T05:00,8.1,73,0.0,898.2,23.9
2026-03-27T06:00,8.1,73,0.0,898.9,24.2
2026-03-27T07:00,8.4,71,0.0,899.8,23.4
2026-03-27T08:00,10.3,62,0.0,901.0,23.8
2026-03-27T09:00,11.9,55,0.0,901.9,27.4
2026-03-27T10:00,13.0,50,0.0,902.7,28.1
2026-03-27T11:00,14.1,48,0.0,903.2,27.5
2026-03-27T12:00,15.0,45,0.0,903.1,25.8
2026-03-27T13:00,15.9,42,0.0,902.9,23.7
2026-03-27T14:00,16.4,40,0.0,902.6,21.8
2026-03-27T15:00,16.9,37,0.0,902.8,16.9
2026-03-27T16:00,16.9,37,0.0,903.1,15.3
2026-03-27T17:00,16.4,38,0.0,902.8,14.6
2026-03-27T18:00,15.3,42,0.0,902.9,11.9
2026-03-27T19:00,13.9,49,0.0,902.9,8.3
2026-03-27T20:00,12.8,55,0.0,903.0,5.8
2026-03-27T21:00,11.9,54,0.0,903.2,3.3
2026-03-27T22:00,11.4,55,0.0,903.2,2.7
2026-03-27T23:00,11.1,54,0.0,902.8,6.6
2026-03-28T00:00,10.2,55,0.0,902.3,9.6
2026-03-28T01:00,9.9,55,0.0,901.8,7.7
2026-03-28T02:00,9.6,56,0.0,901.0,7.4
2026-03-28T03:00,9.4,64,0.0,900.4,1.9
2026-03-28T04:00,9.4,63,0.0,900.6,3.2
2026-03-28T05:00,9.2,61,0.0,900.4,4.3
2026-03-28T06:00,9.0,60,0.0,901.1,5.5
2026-03-28T07:00,9.9,54,0.0,901.9,5.2
2026-03-28T08:00,12.9,44,0.0,903.3,5.2
2026-03-28T09:00,15.9,36,0.0,904.6,4.1
2026-03-28T10:00,17.6,33,0.0,905.0,10.0
2026-03-28T11:00,17.9,36,0.0,905.2,14.3
2026-03-28T12:00,19.5,31,0.0,904.7,9.2
2026-03-28T13:00,20.5,27,0.0,904.2,9.2
2026-03-28T14:00,21.0,27,0.0,903.3,9.3
2026-03-28T15:00,21.5,24,0.0,902.8,8.0
2026-03-28T16:00,21.4,23,0.0,902.3,8.1
2026-03-28T17:00,20.9,22,0.0,902.2,7.4
2026-03-28T18:00,19.9,22,0.0,901.9,6.6
2026-03-28T19:00,18.2,26,0.0,901.9,5.8
2026-03-28T20:00,16.8,30,0.0,901.9,7.5
2026-03-28T21:00,16.0,33,0.0,901.9,10.7
2026-03-28T22:00,15.6,34,0.0,902.2,10.0
2026-03-28T23:00,14.4,38,0.0,902.0,4.5
2026-03-29T00:00,13.7,43,0.0,901.6,0.5
2026-03-29T01:00,12.6,44,0.0,901.2,1.8
2026-03-29T02:00,12.1,45,0.0,900.8,0.3
2026-03-29T03:00,11.6,53,0.0,899.5,2.3
2026-03-29T04:00,11.6,53,0.0,899.5,4.8
2026-03-29T05:00,11.0,56,0.0,899.3,6.5
2026-03-29T06:00,10.6,59,0.0,899.5,8.5
2026-03-29T07:00,11.1,57,0.0,900.3,10.2
2026-03-29T08:00,14.0,48,0.0,901.7,9.6
2026-03-29T09:00,17.1,40,0.0,902.9,9.4
2026-03-29T10:00,20.0,33,0.0,903.2,13.0
2026-03-29T11:00,22.2,27,0.0,903.2,15.4
2026-03-29T12:00,24.0,22,0.0,902.8,14.2
2026-03-29T13:00,25.1,20,0.0,902.0,14.4
2026-03-29T14:00,26.0,19,0.0,901.0,15.3
2026-03-29T15:00,26.1,16,0.0,900.4,15.7
2026-03-29T16:00,26.4,15,0.0,900.0,16.8
2026-03-29T17:00,26.3,13,0.0,899.7,15.2
2026-03-29T18:00,25.6,13,0.0,899.7,11.8
2026-03-29T19:00,24.5,13,0.0,899.7,8.1
2026-03-29T20:00,24.1,12,0.0,900.3,13.4
2026-03-29T21:00,23.9,15,0.0,900.7,14.0
2026-03-29T22:00,22.7,17,0.0,900.3,12.0
2026-03-29T23:00,22.0,19,0.0,900.0,10.7
2026-03-30T00:00,20.5,22,0.0,899.5,9.4
2026-03-30T01:00,19.1,25,0.0,898.8,9.9
2026-03-30T02:00,19.0,26,0.0,899.1,12.2
2026-03-30T03:00,19.1,30,0.0,898.9,11.3
2026-03-30T04:00,19.1,30,0.0,898.8,13.9
2026-03-30T05:00,18.1,31,0.0,898.6,13.7
2026-03-30T06:00,17.5,33,0.0,898.6,10.8
2026-03-30T07:00,17.7,32,0.0,899.6,11.2
2026-03-30T08:00,19.5,29,0.0,900.9,8.8
2026-03-30T09:00,21.2,31,0.0,901.7,12.2
2026-03-30T10:00,21.7,31,0.0,901.7,11.6
2026-03-30T11:00,23.0,28,0.0,902.1,9.5
2026-03-30T12:00,24.9,23,0.0,901.7,10.1
2026-03-30T13:00,25.5,21,0.0,901.4,12.8
2026-03-30T14:00,25.6,22,0.0,900.6,14.2
2026-03-30T15:00,24.8,23,0.0,900.4,14.1
2026-03-30T16:00,23.1,25,0.0,899.8,12.0
2026-03-30T17:00,23.0,26,0.0,899.9,13.6
2026-03-30T18:00,23.0,28,0.0,899.5,9.9
2026-03-30T19:00,22.2,31,0.0,899.6,10.4
2026-03-30T20:00,21.0,35,0.0,899.7,11.2
2026-03-30T21:00,18.5,45,0.0,900.3,17.9
2026-03-30T22:00,16.5,59,0.0,900.8,16.0
2026-03-30T23:00,15.1,69,0.0,900.2,12.1
2026-03-31T00:00,14.7,71,0.0,900.0,3.5
2026-03-31T01:00,14.6,71,0.0,899.4,6.0
2026-03-31T02:00,14.4,71,0.0,898.8,9.6
2026-03-31T03:00,14.9,65,0.0,898.5,7.6
2026-03-31T04:00,14.8,64,0.0,898.2,8.3
2026-03-31T05:00,14.9,63,0.0,898.2,9.1
2026-03-31T06:00,14.9,64,0.0,898.7,8.4
2026-03-31T07:00,15.5,62,0.0,899.8,9.6
2026-03-31T08:00,17.8,55,0.0,901.2,8.8
2026-03-31T09:00,20.2,43,0.0,902.6,13.2
2026-03-31T10:00,21.6,33,0.0,903.1,16.6
2026-03-31T11:00,22.8,29,0.0,903.2,18.4
2026-03-31T12:00,23.6,26,0.0,903.1,19.2
2026-03-31T13:00,24.2,25,0.0,902.9,19.6
2026-03-31T14:00,24.3,23,0.0,902.3,20.4
2026-03-31T15:00,24.4,23,0.0,902.2,19.0
2026-03-31T16:00,23.7,24,0.0,901.8,19.4
2026-03-31T17:00,22.7,24,0.0,902.1,19.5
2026-03-31T18:00,21.4,26,0.0,902.3,18.4
2026-03-31T19:00,20.1,29,0.0,902.9,15.3
2026-03-31T20:00,19.2,31,0.0,903.3,12.8
2026-03-31T21:00,18.2,34,0.0,903.7,10.3
2026-03-31T22:00,17.1,38,0.0,903.8,8.0
2026-03-31T23:00,16.1,40,0.0,904.1,5.6
2026-04-01T00:00,15.1,43,0.0,903.8,4.4
2026-04-01T01:00,14.3,44,0.0,903.2,4.1
2026-04-01T02:00,13.6,44,0.0,902.9,4.6
2026-04-01T03:00,13.0,49,0.0,902.4,3.4
2026-04-01T04:00,12.9,48,0.0,902.7,1.2
2026-04-01T05:00,12.4,49,0.0,903.1,2.0
2026-04-01T06:00,12.1,53,0.0,903.3,0.8
2026-04-01T07:00,12.7,50,0.0,904.1,5.6
2026-04-01T08:00,15.1,45,0.0,905.6,5.6
2026-04-01T09:00,17.4,42,0.0,906.7,5.8
2026-04-01T10:00,20.0,34,0.0,907.1,7.4
2026-04-01T11:00,22.1,26,0.0,907.4,3.7
2026-04-01T12:00,23.8,22,0.0,907.1,4.6
2026-04-01T13:00,25.0,20,0.0,906.7,9.7
2026-04-01T14:00,25.3,19,0.0,905.8,11.7
2026-04-01T15:00,25.3,18,0.0,905.5,8.9
2026-04-01T16:00,25.1,19,0.0,905.2,10.1
2026-04-01T17:00,24.6,19,0.0,905.1,10.4
2026-04-01T18:00,23.8,21,0.0,905.1,9.6
2026-04-01T19:00,22.6,22,0.0,905.3,10.2
2026-04-01T20:00,22.0,24,0.0,905.3,13.6
2026-04-01T21:00,21.5,25,0.0,905.0,14.8
2026-04-01T22:00,20.1,27,0.0,905.3,12.4
2026-04-01T23:00,19.2,29,0.0,905.5,12.2
2026-04-02T00:00,18.8,29,0.0,905.2,9.1
2026-04-02T01:00,18.2,30,0.0,905.0,10.1
2026-04-02T02:00,18.0,31,0.0,904.4,13.9
2026-04-02T03:00,18.2,34,0.0,903.0,17.0
2026-04-02T04:00,17.9,34,0.0,903.2,17.3
2026-04-02T05:00,17.5,34,0.0,903.2,14.8
2026-04-02T06:00,17.6,34,0.0,903.6,13.9
2026-04-02T07:00,18.2,32,0.0,904.1,12.9
2026-04-02T08:00,19.6,30,0.0,905.2,7.8
2026-04-02T09:00,20.0,30,0.0,906.2,7.6
2026-04-02T10:00,20.5,30,0.0,906.8,12.3
2026-04-02T11:00,23.2,25,0.0,906.9,15.8
2026-04-02T12:00,25.8,20,0.0,906.5,16.8
2026-04-02T13:00,27.8,18,0.0,905.9,16.5
2026-04-02T14:00,29.0,16,0.0,905.3,15.4
2026-04-02T15:00,28.5,17,0.0,904.8,17.0
2026-04-02T16:00,28.1,17,0.0,904.4,17.3
2026-04-02T17:00,28.2,17,0.0,904.1,17.1
2026-04-02T18:00,26.9,20,0.0,903.7,19.6
2026-04-02T19:00,25.5,21,0.0,904.0,21.4
2026-04-02T20:00,24.7,22,0.0,904.4,16.1
2026-04-02T21:00,23.5,24,0.0,904.6,11.4
2026-04-02T22:00,22.8,26,0.0,904.8,12.2
2026-04-02T23:00,22.0,29,0.0,904.8,12.3
2026-04-03T00:00,21.8,30,0.0,904.6,13.8
2026-04-03T01:00,21.2,30,0.0,904.7,16.7
2026-04-03T02:00,21.0,30,0.0,904.5,17.4
2026-04-03T03:00,20.9,31,0.0,904.5,13.5
2026-04-03T04:00,20.8,34,0.0,903.8,13.5
2026-04-03T05:00,21.5,35,0.0,903.9,13.8
2026-04-03T06:00,20.7,37,0.0,904.0,9.1
2026-04-03T07:00,21.1,37,0.0,904.5,10.6
2026-04-03T08:00,23.0,34,0.0,905.2,12.3
2026-04-03T09:00,24.2,34,0.0,905.4,16.0
2026-04-03T10:00,26.2,29,0.0,906.0,22.1
2026-04-03T11:00,27.4,28,0.0,905.8,21.8
2026-04-03T12:00,26.7,32,0.0,905.6,26.6
2026-04-03T13:00,28.8,25,0.0,905.0,17.0
2026-04-03T14:00,30.6,20,0.0,904.4,18.4
2026-04-03T15:00,27.5,30,0.0,904.2,17.6
2026-04-03T16:00,26.6,35,0.0,904.3,17.4
2026-04-03T17:00,25.6,37,0.1,904.1,14.2
2026-04-03T18:00,24.8,39,0.2,903.9,11.0
2026-04-03T19:00,24.0,40,0.0,903.6,8.6
2026-04-03T20:00,23.5,42,0.0,903.3,9.5
2026-04-03T21:00,23.2,43,0.0,903.0,10.5
2026-04-03T22:00,22.8,45,0.0,902.9,10.3
2026-04-03T23:00,22.2,46,0.0,902.5,7.7
2026-04-04T00:00,22.1,45,0.0,902.1,8.4
2026-04-04T01:00,20.6,50,0.0,901.5,3.6
2026-04-04T02:00,20.8,49,0.0,901.9,10.7
2026-04-04T03:00,19.3,62,0.0,901.9,17.1
2026-04-04T04:00,19.0,65,0.0,902.0,5.9
2026-04-04T05:00,18.2,71,0.0,902.7,6.9
2026-04-04T06:00,17.1,77,0.0,902.6,11.6
2026-04-04T07:00,17.0,80,0.0,903.2,14.1
2026-04-04T08:00,17.4,78,0.0,903.8,14.8
2026-04-04T09:00,17.7,59,0.0,904.3,17.8
2026-04-04T10:00,17.9,49,0.4,904.4,16.6
2026-04-04T11:00,18.7,41,0.1,904.5,13.4
2026-04-04T12:00,20.2,30,0.0,904.5,15.7
2026-04-04T13:00,22.2,23,0.0,904.5,15.7
2026-04-04T14:00,22.8,22,0.0,903.6,15.9
2026-04-04T15:00,20.9,32,0.0,904.2,13.5
2026-04-04T16:00,20.1,33,0.0,903.5,11.7
2026-04-04T17:00,19.9,34,0.0,903.5,9.2
2026-04-04T18:00,19.0,42,0.0,903.2,4.9
2026-04-04T19:00,17.4,54,0.0,903.1,3.9
2026-04-04T20:00,16.9,55,0.0,903.2,3.9
2026-04-04T21:00,15.4,60,0.0,903.2,5.3
2026-04-04T22:00,15.2,61,0.0,903.5,3.8
2026-04-04T23:00,14.9,61,0.0,903.4,2.6
2026-04-05T00:00,14.5,61,0.0,902.9,2.1
2026-04-05T01:00,14.2,61,0.0,902.5,1.1
2026-04-05T02:00,13.5,65,0.0,902.4,3.7
2026-04-05T03:00,13.7,73,0.0,902.4,0.2
2026-04-05T04:00,12.8,78,0.0,902.1,2.2
2026-04-05T05:00,12.9,81,0.0,902.2,4.6
2026-04-05T06:00,12.1,85,0.0,902.3,5.1
2026-04-05T07:00,12.6,86,0.0,902.9,7.9
2026-04-05T08:00,15.4,78,0.0,904.4,7.5
2026-04-05T09:00,17.9,70,0.0,905.4,5.6
2026-04-05T10:00,19.9,54,0.0,905.7,6.5
2026-04-05T11:00,21.5,39,0.0,905.7,4.7
2026-04-05T12:00,23.1,35,0.0,905.4,8.0
2026-04-05T13:00,24.8,28,0.0,904.8,9.6
2026-04-05T14:00,25.1,26,0.0,904.3,13.6
2026-04-05T15:00,24.8,21,0.0,904.4,11.4
2026-04-05T16:00,24.4,20,0.0,904.1,14.8
2026-04-05T17:00,23.6,22,0.0,904.2,15.2
2026-04-05T18:00,22.1,25,0.0,903.9,16.0
2026-04-05T19:00,20.7,24,0.0,904.3,16.6
2026-04-05T20:00,19.4,25,0.0,904.7,18.6
2026-04-05T21:00,18.5,28,0.0,905.5,16.8
2026-04-05T22:00,17.8,30,0.0,905.7,15.8
2026-04-05T23:00,16.6,33,0.0,905.6,15.2
2026-04-06T00:00,15.6,33,0.0,905.5,13.9
2026-04-06T01:00,14.8,33,0.0,905.4,12.7
2026-04-06T02:00,14.1,32,0.0,905.0,10.1
2026-04-06T03:00,13.4,28,0.0,904.7,9.4
2026-04-06T04:00,13.1,29,0.0,905.0,9.6
2026-04-06T05:00,12.3,31,0.0,904.8,9.5
2026-04-06T06:00,12.1,31,0.0,905.3,9.5
2026-04-06T07:00,12.8,30,0.0,906.0,9.4
2026-04-06T08:00,14.8,24,0.0,907.2,10.0
2026-04-06T09:00,16.5,21,0.0,908.1,12.6
2026-04-06T10:00,17.9,19,0.0,908.5,14.0
2026-04-06T11:00,19.3,18,0.0,908.6,12.8
2026-04-06T12:00,20.5,17,0.0,908.4,11.9
2026-04-06T13:00,21.5,17,0.0,908.0,11.2
2026-04-06T14:00,22.0,17,0.0,907.4,11.5
2026-04-06T15:00,22.2,17,0.0,907.0,10.4
2026-04-06T16:00,22.5,16,0.0,906.8,11.6
2026-04-06T17:00,22.0,16,0.0,906.5,11.9
2026-04-06T18:00,20.9,16,0.0,906.3,12.5
2026-04-06T19:00,19.3,19,0.0,906.5,12.2
2026-04-06T20:00,18.4,19,0.0,906.6,12.2
2026-04-06T21:00,17.5,18,0.0,907.3,13.1
2026-04-06T22:00,17.0,17,0.0,907.3,11.0
2026-04-06T23:00,16.2,18,0.0,907.0,8.2
2026-04-07T00:00,14.8,20,0.0,906.6,6.0
2026-04-07T01:00,13.4,23,0.0,906.1,5.0
2026-04-07T02:00,12.8,24,0.0,905.7,5.3
2026-04-07T03:00,13.2,23,0.0,905.3,7.4
2026-04-07T04:00,12.6,24,0.0,905.3,7.7
2026-04-07T05:00,12.1,25,0.0,905.2,7.7
2026-04-07T06:00,11.5,26,0.0,904.8,8.1
2026-04-07T07:00,12.4,25,0.0,905.6,10.0
2026-04-07T08:00,15.9,20,0.0,907.2,9.7
2026-04-07T09:00,18.9,17,0.0,908.6,7.6
2026-04-07T10:00,21.4,15,0.0,909.0,8.7
2026-04-07T11:00,23.0,13,0.0,908.8,6.2
2026-04-07T12:00,24.4,11,0.0,908.4,5.8
2026-04-07T13:00,25.0,11,0.0,908.0,7.9
2026-04-07T14:00,25.8,11,0.0,907.2,9.7
2026-04-07T15:00,25.6,10,0.0,906.8,9.2
2026-04-07T16:00,25.7,10,0.0,906.2,9.5
2026-04-07T17:00,25.2,10,0.0,905.4,9.4
2026-04-07T18:00,24.3,11,0.0,905.0,12.5
2026-04-07T19:00,23.0,13,0.0,904.9,9.9
2026-04-07T20:00,21.2,17,0.0,904.8,3.4
2026-04-07T21:00,20.1,17,0.0,904.9,1.2
2026-04-07T22:00,19.8,17,0.0,905.6,5.7
2026-04-07T23:00,18.1,18,0.0,905.1,6.9
2026-04-08T00:00,17.7,18,0.0,904.6,9.7
2026-04-08T01:00,17.0,20,0.0,904.3,6.3
2026-04-08T02:00,15.8,22,0.0,903.9,5.6
2026-04-08T03:00,15.2,26,0.0,903.3,3.8
2026-04-08T04:00,14.9,27,0.0,903.2,1.5
2026-04-08T05:00,14.0,29,0.0,903.1,1.5
2026-04-08T06:00,13.9,30,0.0,903.9,17.2
2026-04-08T07:00,12.8,37,0.0,904.3,13.8
2026-04-08T08:00,14.2,37,0.0,905.6,10.9
2026-04-08T09:00,16.2,36,0.0,906.4,12.9
2026-04-08T10:00,18.2,30,0.0,906.6,14.1
2026-04-08T11:00,20.0,26,0.0,906.5,12.8
2026-04-08T12:00,21.5,22,0.0,905.9,11.4
2026-04-08T13:00,22.5,20,0.0,905.7,5.4
2026-04-08T14:00,24.2,16,0.0,904.9,4.2
2026-04-08T15:00,24.1,13,0.0,903.5,16.4
2026-04-08T16:00,23.9,14,0.0,903.5,21.1
2026-04-08T17:00,23.2,14,0.0,902.6,19.0
2026-04-08T18:00,22.3,16,0.0,902.0,16.0
2026-04-08T19:00,21.0,18,0.0,901.7,11.8
2026-04-08T20:00,20.0,20,0.0,901.7,17.4
2026-04-08T21:00,19.1,23,0.0,902.4,17.7
2026-04-08T22:00,18.4,25,0.0,902.9,14.3
2026-04-08T23:00,17.9,26,0.0,903.0,12.3
2026-04-09T00:00,16.7,30,0.0,903.3,20.7
2026-04-09T01:00,14.6,40,0.0,903.0,20.0
2026-04-09T02:00,13.6,43,0.0,902.8,18.5
2026-04-09T03:00,11.8,55,0.0,903.0,16.9
2026-04-09T04:00,11.7,53,0.0,902.7,16.1
2026-04-09T05:00,11.6,51,0.0,902.4,12.5
2026-04-09T06:00,11.5,49,0.0,902.3,9.2
2026-04-09T07:00,12.6,44,0.0,903.3,11.6
2026-04-09T08:00,14.6,38,0.0,904.2,15.9
2026-04-09T09:00,16.3,34,0.0,905.1,17.0
2026-04-09T10:00,17.6,31,0.0,905.4,15.2
2026-04-09T11:00,19.0,27,0.0,905.7,12.6
2026-04-09T12:00,20.3,24,0.0,905.9,11.4
2026-04-09T13:00,21.2,21,0.0,905.5,10.2
2026-04-09T14:00,21.9,20,0.0,905.2,10.1
2026-04-09T15:00,21.4,21,0.0,904.9,6.1
2026-04-09T16:00,21.5,21,0.0,904.7,7.5
2026-04-09T17:00,21.0,22,0.0,904.7,8.1
2026-04-09T18:00,20.2,23,0.0,904.6,8.2
2026-04-09T19:00,19.2,25,0.0,904.7,8.5
2026-04-09T20:00,18.4,26,0.0,904.6,9.7
2026-04-09T21:00,17.5,28,0.0,904.8,5.0
2026-04-09T22:00,16.8,29,0.0,904.7,5.6
2026-04-09T23:00,15.6,32,0.0,904.6,4.5
2026-04-10T00:00,14.8,35,0.0,904.4,3.5
2026-04-10T01:00,14.1,37,0.0,904.0,2.4
2026-04-10T02:00,13.5,38,0.0,903.5,2.3
2026-04-10T03:00,12.9,39,0.0,903.0,2.0
2026-04-10T04:00,12.7,39,0.0,902.9,0.5
2026-04-10T05:00,12.3,40,0.0,902.7,4.3
2026-04-10T06:00,12.6,40,0.0,903.3,9.3
2026-04-10T07:00,13.5,40,0.0,904.2,12.3
2026-04-10T08:00,16.0,36,0.0,905.6,11.8
2026-04-10T09:00,18.8,32,0.0,906.2,14.2
2026-04-10T10:00,21.1,27,0.0,906.6,17.8
2026-04-10T11:00,23.0,21,0.0,906.6,17.0
2026-04-10T12:00,24.2,17,0.0,906.5,15.8
2026-04-10T13:00,25.4,15,0.0,906.0,15.1
2026-04-10T14:00,26.1,13,0.0,905.1,14.8
2026-04-10T15:00,26.1,12,0.0,904.7,16.0
2026-04-10T16:00,25.7,12,0.0,904.2,15.6
2026-04-10T17:00,25.2,12,0.0,903.8,17.0
2026-04-10T18:00,24.8,13,0.0,903.7,18.4
2026-04-10T19:00,23.9,15,0.0,903.2,11.6
2026-04-10T20:00,22.8,17,0.0,902.9,15.1
2026-04-10T21:00,21.4,18,0.0,902.8,15.5
2026-04-10T22:00,20.7,18,0.0,903.2,16.7
2026-04-10T23:00,19.4,20,0.0,903.1,14.0
2026-04-11T00:00,18.4,21,0.0,902.8,8.8
2026-04-11T01:00,17.2,23,0.0,902.0,5.8
2026-04-11T02:00,16.2,25,0.0,901.3,5.0
2026-04-11T03:00,16.7,27,0.0,900.8,5.5
2026-04-11T04:00,15.8,29,0.0,900.3,3.3
2026-04-11T05:00,15.6,30,0.0,900.0,4.9
2026-04-11T06:00,14.9,32,0.0,899.8,4.7
2026-04-11T07:00,15.5,31,0.0,900.4,6.5
2026-04-11T08:00,19.0,26,0.0,902.0,6.0
2026-04-11T09:00,22.5,22,0.0,903.3,7.4
2026-04-11T10:00,24.6,18,0.0,903.6,9.4
2026-04-11T11:00,25.8,14,0.0,904.0,13.3
2026-04-11T12:00,26.4,12,0.0,903.7,16.2
2026-04-11T13:00,26.9,11,0.0,903.4,15.3
2026-04-11T14:00,27.1,10,0.0,902.9,15.7
2026-04-11T15:00,26.7,10,0.0,902.4,18.3
2026-04-11T16:00,26.0,12,0.0,902.3,18.6
2026-04-11T17:00,25.0,13,0.0,902.1,19.7
2026-04-11T18:00,23.5,14,0.0,902.1,21.8
2026-04-11T19:00,22.3,16,0.0,902.3,19.9
2026-04-11T20:00,21.3,16,0.0,902.9,19.3
2026-04-11T21:00,20.0,17,0.0,903.4,18.6
2026-04-11T22:00,19.2,17,0.0,903.4,18.1
2026-04-11T23:00,18.3,17,0.0,903.3,17.5
2026-04-12T00:00,17.1,18,0.0,903.0,15.4
2026-04-12T01:00,15.9,19,0.0,902.7,13.2
2026-04-12T02:00,15.1,20,0.0,902.4,10.6
2026-04-12T03:00,14.4,23,0.0,901.6,4.8
2026-04-12T04:00,14.1,24,0.0,901.4,4.1
2026-04-12T05:00,13.7,25,0.0,901.2,3.7
2026-04-12T06:00,13.4,26,0.0,901.2,1.9
2026-04-12T07:00,14.5,25,0.0,902.4,1.5
2026-04-12T08:00,17.0,19,0.0,903.9,1.3
2026-04-12T09:00,19.6,16,0.0,904.9,6.9
2026-04-12T10:00,21.3,15,0.0,905.6,10.4
2026-04-12T11:00,22.5,14,0.0,906.0,10.6
2026-04-12T12:00,23.9,12,0.0,905.7,10.0
2026-04-12T13:00,25.0,10,0.0,905.3,10.6
2026-04-12T14:00,25.5,9,0.0,904.8,14.4
2026-04-12T15:00,25.1,9,0.0,904.7,17.3
2026-04-12T16:00,25.0,8,0.0,904.2,14.5
2026-04-12T17:00,24.2,9,0.0,904.0,14.3
2026-04-12T18:00,23.2,11,0.0,903.8,11.9
2026-04-12T19:00,22.0,13,0.0,903.7,8.1
2026-04-12T20:00,21.0,15,0.0,904.0,10.4
2026-04-12T21:00,20.3,17,0.0,903.9,11.7
2026-04-12T22:00,19.3,18,0.0,903.8,6.5
2026-04-12T23:00,17.6,21,0.0,903.4,4.5
2026-04-13T00:00,16.6,24,0.0,903.1,3.9
2026-04-13T01:00,16.4,35,0.0,903.3,0.6
2026-04-13T02:00,15.5,26,0.0,902.9,0.2
2026-04-13T03:00,14.6,27,0.0,902.8,1.5
2026-04-13T04:00,14.3,28,0.0,902.8,0.4
2026-04-13T05:00,13.4,30,0.0,902.7,1.2
2026-04-13T06:00,12.6,31,0.0,902.7,2.3
2026-04-13T07:00,14.4,28,0.0,904.0,3.6
2026-04-13T08:00,17.2,23,0.0,905.7,2.9
2026-04-13T09:00,19.9,19,0.0,907.2,7.5
2026-04-13T10:00,21.8,17,0.0,907.9,9.6
2026-04-13T11:00,23.6,14,0.0,908.2,9.8
2026-04-13T12:00,25.1,13,0.0,907.8,7.2
2026-04-13T13:00,26.3,11,0.0,907.5,6.2
2026-04-13T14:00,27.1,10,0.0,907.0,8.2
2026-04-13T15:00,27.3,10,0.0,906.4,11.7
2026-04-13T16:00,27.5,10,0.0,905.8,11.4
2026-04-13T17:00,27.4,10,0.0,905.4,7.8
2026-04-13T18:00,25.4,12,0.0,905.2,19.5
2026-04-13T19:00,21.8,16,0.0,905.5,29.7
2026-04-13T20:00,21.9,17,0.0,906.2,17.5
2026-04-13T21:00,20.9,18,0.0,907.0,16.2
2026-04-13T22:00,20.0,20,0.0,907.1,14.9
2026-04-13T23:00,18.9,22,0.0,907.2,11.3
2026-04-14T00:00,18.1,24,0.0,907.2,11.1
2026-04-14T01:00,17.4,25,0.0,907.0,10.9
2026-04-14T02:00,16.6,27,0.0,906.5,9.8
2026-04-14T03:00,16.0,30,0.0,906.6,8.8
2026-04-14T04:00,15.6,31,0.0,906.5,8.3
2026-04-14T05:00,15.1,33,0.0,906.5,7.8
2026-04-14T06:00,14.6,34,0.0,907.1,8.1
2026-04-14T07:00,15.2,33,0.0,908.0,10.8
2026-04-14T08:00,17.0,30,0.0,909.1,10.5
2026-04-14T09:00,19.5,26,0.0,910.0,13.0
2026-04-14T10:00,22.0,24,0.0,910.5,15.7
2026-04-14T11:00,24.0,26,0.0,910.4,16.2
2026-04-14T12:00,25.9,27,0.0,909.9,14.9
2026-04-14T13:00,27.5,25,0.0,909.4,12.5
2026-04-14T14:00,28.2,21,0.0,908.8,10.4
2026-04-14T15:00,29.0,19,0.0,907.8,11.6
2026-04-14T16:00,28.8,17,0.0,906.9,13.0
2026-04-14T17:00,28.5,17,0.0,906.9,14.1
2026-04-14T18:00,27.5,17,0.0,906.9,16.1
2026-04-14T19:00,26.5,17,0.0,907.0,18.1
2026-04-14T20:00,25.4,19,0.0,907.5,19.1
2026-04-14T21:00,24.7,22,0.0,907.5,23.4
2026-04-14T22:00,23.9,24,0.0,907.8,22.3
2026-04-14T23:00,23.2,26,0.0,908.0,17.6
2026-04-15T00:00,21.5,41,0.0,907.5,11.2
2026-04-15T01:00,20.4,51,0.0,907.1,9.7
2026-04-15T02:00,19.4,55,0.0,906.4,11.4
2026-04-15T03:00,18.9,56,0.0,906.2,11.1
2026-04-15T04:00,17.9,62,0.0,906.4,9.9
2026-04-15T05:00,17.1,68,0.0,905.8,9.1
2026-04-15T06:00,16.5,73,0.0,905.8,6.2
2026-04-15T07:00,17.1,71,0.0,906.7,7.6
2026-04-15T08:00,19.7,62,0.0,907.9,8.3
2026-04-15T09:00,22.1,51,0.0,908.6,12.2
2026-04-15T10:00,24.2,41,0.0,908.8,14.6
2026-04-15T11:00,26.0,33,0.0,909.1,13.0
2026-04-15T12:00,27.4,26,0.0,909.0,10.5
2026-04-15T13:00,28.1,21,0.0,908.2,10.5
2026-04-15T14:00,29.1,19,0.0,907.2,8.2
2026-04-15T15:00,29.4,16,0.0,906.4,8.3
2026-04-15T16:00,29.2,16,0.0,905.4,12.8
2026-04-15T17:00,28.4,17,0.0,905.0,17.2
2026-04-15T18:00,27.2,19,0.0,904.8,16.4
2026-04-15T19:00,26.1,20,0.0,904.3,14.8
2026-04-15T20:00,25.2,21,0.0,904.8,13.1
2026-04-15T21:00,24.2,25,0.0,904.6,16.2
2026-04-15T22:00,22.9,28,0.0,904.9,16.3
2026-04-15T23:00,21.6,32,0.0,904.8,17.6
2026-04-16T00:00,21.0,32,0.0,904.5,21.4
2026-04-16T01:00,20.8,32,0.0,903.7,22.9
2026-04-16T02:00,20.4,32,0.0,903.1,21.4
2026-04-16T03:00,20.0,35,0.0,903.8,16.8
2026-04-16T04:00,17.9,50,0.0,903.8,19.9
2026-04-16T05:00,16.0,65,0.4,903.0,18.1
2026-04-16T06:00,15.6,73,0.9,903.1,12.7
2026-04-16T07:00,16.1,74,0.3,903.5,11.2
2026-04-16T08:00,16.8,73,0.2,903.8,7.4
2026-04-16T09:00,17.0,76,0.7,904.6,7.6
2026-04-16T10:00,17.5,78,2.7,904.4,12.9
2026-04-16T11:00,18.2,73,0.3,904.6,15.3
2026-04-16T12:00,20.0,64,0.0,904.5,19.3
2026-04-16T13:00,19.8,64,0.0,903.4,18.6
2026-04-16T14:00,20.2,64,1.3,902.6,17.0
2026-04-16T15:00,18.2,74,0.2,902.5,20.5
2026-04-16T16:00,17.6,77,0.1,902.2,15.9
2026-04-16T17:00,17.4,79,2.5,901.9,16.5
2026-04-16T18:00,16.1,83,0.0,901.1,17.5
2026-04-16T19:00,15.6,86,0.0,901.3,11.9
2026-04-16T20:00,15.6,86,0.0,901.7,13.3
2026-04-16T21:00,15.9,89,0.0,902.1,17.8
2026-04-16T22:00,15.2,91,2.9,902.7,6.4
2026-04-16T23:00,15.1,90,0.9,902.5,14.1
2026-04-17T00:00,14.4,93,1.3,902.2,4.2
2026-04-17T01:00,14.8,92,2.5,902.1,9.7
2026-04-17T02:00,14.9,90,0.0,901.6,18.6
2026-04-17T03:00,15.1,91,0.0,901.9,7.7
2026-04-17T04:00,15.0,91,0.0,901.6,9.9
2026-04-17T05:00,14.8,92,0.0,901.3,13.4
2026-04-17T06:00,14.8,92,0.0,901.2,20.2
2026-04-17T07:00,15.6,91,0.0,901.8,22.2
2026-04-17T08:00,17.2,87,0.0,902.4,21.0
2026-04-17T09:00,19.6,81,0.0,903.2,17.5
2026-04-17T10:00,21.6,76,0.0,903.7,18.3
2026-04-17T11:00,23.4,68,0.0,904.0,19.2
2026-04-17T12:00,24.8,61,0.0,903.9,18.0
2026-04-17T13:00,25.7,55,0.0,903.5,16.3
2026-04-17T14:00,26.0,52,0.0,903.1,16.0
2026-04-17T15:00,25.7,53,0.0,902.6,16.3
2026-04-17T16:00,25.7,53,0.0,902.2,15.1
2026-04-17T17:00,24.9,59,0.0,901.5,11.9
2026-04-17T18:00,23.6,67,0.0,901.0,10.2
2026-04-17T19:00,22.2,72,0.0,900.5,11.8
2026-04-17T20:00,21.1,77,0.0,900.7,11.5
2026-04-17T21:00,21.4,73,0.0,900.4,13.9
2026-04-17T22:00,20.9,71,0.0,900.5,11.2
2026-04-17T23:00,20.5,72,0.0,900.5,12.8
2026-04-18T00:00,20.3,73,0.0,900.9,15.9
2026-04-18T01:00,20.0,71,0.0,900.4,20.1
2026-04-18T02:00,19.5,67,0.0,899.7,16.7
2026-04-18T03:00,19.8,78,0.0,900.1,18.0
2026-04-18T04:00,19.4,81,0.0,899.9,18.2
2026-04-18T05:00,19.1,82,0.0,899.7,18.9
2026-04-18T06:00,19.0,82,0.0,899.6,19.5
2026-04-18T07:00,20.1,77,0.0,900.0,19.4
2026-04-18T08:00,22.2,73,0.0,900.9,17.8
2026-04-18T09:00,24.7,66,0.0,901.9,16.6
2026-04-18T10:00,26.8,53,0.0,902.4,23.0
2026-04-18T11:00,28.0,44,0.0,902.3,27.7
2026-04-18T12:00,29.0,38,0.0,902.0,29.1
2026-04-18T13:00,29.6,35,0.0,901.7,29.2
2026-04-18T14:00,29.5,33,0.0,901.4,29.8
2026-04-18T15:00,31.0,24,0.0,900.5,15.8
2026-04-18T16:00,30.1,31,0.0,899.9,8.8
2026-04-18T17:00,27.5,40,0.0,899.6,15.1
2026-04-18T18:00,25.9,42,0.0,899.0,11.6
2026-04-18T19:00,24.4,48,0.0,899.6,17.5
2026-04-18T20:00,23.8,43,0.0,901.4,22.9
2026-04-18T21:00,23.8,44,0.0,900.7,18.0
2026-04-18T22:00,22.1,58,0.0,900.7,4.9
2026-04-18T23:00,21.0,62,0.0,900.3,14.1
2026-04-19T00:00,20.5,66,0.0,899.7,12.9
2026-04-19T01:00,20.1,67,0.0,899.4,13.8
2026-04-19T02:00,19.3,71,0.0,899.0,12.2
2026-04-19T03:00,20.1,72,0.0,898.7,6.6
2026-04-19T04:00,21.1,63,0.0,899.5,13.0
2026-04-19T05:00,22.5,47,0.0,899.7,25.3
2026-04-19T06:00,19.8,65,0.4,901.5,34.1
2026-04-19T07:00,20.3,65,0.5,901.1,20.9
2026-04-19T08:00,22.1,60,0.1,902.1,26.3
2026-04-19T09:00,24.2,50,0.1,902.9,17.6
2026-04-19T10:00,24.0,45,0.0,902.4,23.7
2026-04-19T11:00,25.5,35,0.0,902.2,21.0
2026-04-19T12:00,26.5,36,0.0,902.5,27.8
2026-04-19T13:00,26.0,37,0.0,902.4,21.4
2026-04-19T14:00,26.5,39,0.0,901.8,14.0
2026-04-19T15:00,29.0,26,0.0,902.1,26.9
2026-04-19T16:00,27.5,30,0.0,902.0,24.9
2026-04-19T17:00,24.1,46,0.0,901.8,21.5
2026-04-19T18:00,24.2,47,0.0,902.2,12.9
2026-04-19T19:00,23.4,52,0.0,901.8,9.3
2026-04-19T20:00,22.1,59,0.1,901.6,9.0
2026-04-19T21:00,21.7,65,0.0,901.6,5.4
2026-04-19T22:00,21.4,65,0.0,902.0,10.2
2026-04-19T23:00,21.4,56,0.1,902.7,14.8
2026-04-20T00:00,19.6,64,0.4,901.7,10.7
2026-04-20T01:00,18.7,69,0.1,900.6,8.6
2026-04-20T02:00,17.7,80,2.5,901.4,11.2
2026-04-20T03:00,17.3,82,0.2,900.8,14.1
2026-04-20T04:00,17.5,83,0.7,900.3,20.0
2026-04-20T05:00,17.4,82,0.5,900.0,20.8
2026-04-20T06:00,17.5,80,0.2,899.5,20.4
2026-04-20T07:00,18.8,73,0.0,900.1,21.6
2026-04-20T08:00,18.9,72,0.0,901.3,26.4
2026-04-20T09:00,18.6,77,2.2,901.0,24.2
2026-04-20T10:00,20.2,73,0.0,901.6,24.0
2026-04-20T11:00,22.6,65,0.1,902.1,26.1
2026-04-20T12:00,20.0,70,1.7,901.7,20.9
2026-04-20T13:00,22.5,61,0.1,901.7,15.8
2026-04-20T14:00,21.5,60,0.1,901.0,17.0
2026-04-20T15:00,21.2,64,2.1,900.6,17.0
2026-04-20T16:00,21.8,64,0.1,900.4,15.8
2026-04-20T17:00,21.2,68,0.9,899.8,4.9
2026-04-20T18:00,20.9,73,0.0,899.3,2.0
2026-04-20T19:00,19.3,79,0.0,899.2,1.6
2026-04-20T20:00,18.2,84,0.0,899.5,2.7
2026-04-20T21:00,17.2,84,0.0,900.0,1.5
2026-04-20T22:00,16.8,88,0.0,900.3,4.6
2026-04-20T23:00,16.6,92,0.0,899.9,5.5
2026-04-21T00:00,16.3,94,0.0,899.5,6.2
2026-04-21T01:00,15.8,94,0.0,898.8,7.5
2026-04-21T02:00,15.3,95,0.0,898.7,8.1
2026-04-21T03:00,16.3,78,0.0,898.0,5.6
2026-04-21T04:00,15.8,81,0.0,898.1,5.3
2026-04-21T05:00,14.9,83,0.0,898.0,4.1
2026-04-21T06:00,15.1,81,0.0,898.7,6.4
2026-04-21T07:00,15.7,82,0.0,899.5,9.9
2026-04-21T08:00,17.6,77,0.0,900.5,8.7
2026-04-21T09:00,19.5,71,0.0,901.6,8.8
2026-04-21T10:00,19.5,69,0.2,901.6,13.3
2026-04-21T11:00,19.8,68,0.1,901.6,13.0
2026-04-21T12:00,20.8,64,0.0,901.7,11.0
2026-04-21T13:00,21.5,59,0.0,901.5,10.5
2026-04-21T14:00,22.0,56,0.0,900.9,10.2
2026-04-21T15:00,22.2,54,0.0,900.6,8.1
2026-04-21T16:00,22.1,53,0.0,900.6,6.6
2026-04-21T17:00,21.8,52,0.0,900.3,6.7
2026-04-21T18:00,20.9,63,0.0,900.3,3.6
2026-04-21T19:00,19.5,67,0.0,900.0,7.3
2026-04-21T20:00,18.5,71,0.0,900.2,10.3
2026-04-21T21:00,17.6,68,0.0,900.5,12.0
2026-04-21T22:00,17.2,67,0.0,900.8,9.5
2026-04-21T23:00,16.9,66,0.0,900.7,7.7
2026-04-22T00:00,16.2,66,0.0,900.6,5.5
2026-04-22T01:00,15.6,66,0.0,900.3,4.6
2026-04-22T02:00,14.9,67,0.0,900.1,5.1
2026-04-22T03:00,15.1,69,0.0,900.4,9.8
2026-04-22T04:00,14.2,73,0.0,900.7,11.4
2026-04-22T05:00,13.6,75,0.0,900.6,8.4
2026-04-22T06:00,13.1,79,0.0,900.9,6.5
2026-04-22T07:00,14.1,79,0.0,901.8,5.8
2026-04-22T08:00,15.7,78,0.0,902.8,3.5
2026-04-22T09:00,17.9,68,0.0,903.5,5.2
2026-04-22T10:00,20.0,63,0.0,903.9,8.5
2026-04-22T11:00,21.7,50,0.0,904.0,11.4
2026-04-22T12:00,22.8,44,0.0,903.8,11.3
2026-04-22T13:00,23.5,42,0.0,903.3,10.3
2026-04-22T14:00,24.0,40,0.0,902.6,9.7
2026-04-22T15:00,24.1,37,0.0,901.8,10.6
2026-04-22T16:00,24.2,36,0.0,901.5,9.6
2026-04-22T17:00,23.5,39,0.0,901.4,10.9
2026-04-22T18:00,21.4,51,0.0,901.3,14.7
2026-04-22T19:00,19.8,59,0.0,901.2,15.3
2026-04-22T20:00,18.5,68,0.0,901.3,17.8
2026-04-22T21:00,18.5,73,0.0,901.2,19.0
2026-04-22T22:00,18.2,76,0.0,901.8,15.8
2026-04-22T23:00,17.5,81,0.0,901.6,13.2
2026-04-23T00:00,16.9,84,0.0,901.6,9.4
2026-04-23T01:00,16.4,88,0.0,901.3,8.8
2026-04-23T02:00,15.9,92,0.0,900.8,6.5
2026-04-23T03:00,14.8,93,0.0,900.5,16.2
2026-04-23T04:00,14.4,90,0.0,900.5,11.8
2026-04-23T05:00,14.2,92,0.0,900.0,4.9
2026-04-23T06:00,13.8,96,0.0,900.1,5.0
2026-04-23T07:00,15.1,93,0.0,901.2,9.8
2026-04-23T08:00,17.0,83,0.0,902.0,15.1
2026-04-23T09:00,20.1,69,0.0,902.8,12.6
2026-04-23T10:00,22.0,60,0.0,903.1,14.6
2026-04-23T11:00,21.9,60,0.0,903.2,18.4
2026-04-23T12:00,21.2,63,0.0,902.8,18.9
2026-04-23T13:00,21.8,59,0.0,902.7,20.1
2026-04-23T14:00,22.7,54,0.0,902.3,18.8
2026-04-23T15:00,23.8,45,0.0,901.4,14.4
2026-04-23T16:00,24.1,44,0.0,901.1,14.6
2026-04-23T17:00,23.4,46,0.0,901.2,15.5
2026-04-23T18:00,21.4,56,0.2,901.2,17.9
2026-04-23T19:00,20.9,58,0.0,901.3,15.6
2026-04-23T20:00,19.2,69,0.0,901.1,20.7
2026-04-23T21:00,19.0,72,0.0,901.6,17.2
2026-04-23T22:00,18.5,75,0.0,902.2,16.5
2026-04-23T23:00,17.8,79,0.0,902.1,18.2
2026-04-24T00:00,17.0,80,0.0,901.8,14.7
2026-04-24T01:00,16.4,81,0.0,901.3,11.2
2026-04-24T02:00,15.9,84,0.0,900.5,9.8
2026-04-24T03:00,15.8,93,0.0,900.0,9.4
2026-04-24T04:00,15.7,94,0.0,899.8,9.9
2026-04-24T05:00,15.6,95,0.0,899.5,11.9
2026-04-24T06:00,15.7,95,0.0,899.6,13.7
2026-04-24T07:00,16.2,92,0.0,900.3,13.7
2026-04-24T08:00,17.5,85,0.0,901.2,13.1
2026-04-24T09:00,19.8,74,0.0,902.0,7.3
2026-04-24T10:00,21.6,67,0.0,902.2,5.0
2026-04-24T11:00,23.0,63,0.0,902.6,8.7
2026-04-24T12:00,24.5,57,0.0,902.5,10.3
2026-04-24T13:00,25.4,54,0.0,901.8,8.1
2026-04-24T14:00,26.6,46,0.0,901.4,9.2
2026-04-24T15:00,26.9,37,0.0,901.3,5.6
2026-04-24T16:00,27.2,33,0.0,900.7,5.7
2026-04-24T17:00,23.1,54,0.0,900.4,20.2
2026-04-24T18:00,22.5,58,0.0,900.6,15.3
2026-04-24T19:00,21.3,66,0.0,900.8,19.0
2026-04-24T20:00,21.7,59,0.0,900.8,11.0
2026-04-24T21:00,21.7,62,0.0,900.9,18.7
2026-04-24T22:00,21.8,66,0.0,901.3,20.4
2026-04-24T23:00,21.1,69,0.0,901.3,20.0
2026-04-25T00:00,20.4,72,0.0,901.2,17.8
2026-04-25T01:00,19.5,75,0.0,901.0,20.5
2026-04-25T02:00,19.1,78,0.0,900.7,20.5
2026-04-25T03:00,17.9,89,0.0,900.7,15.8
2026-04-25T04:00,17.9,89,0.0,900.7,19.2
2026-04-25T05:00,17.7,90,0.0,900.3,16.7
2026-04-25T06:00,17.1,92,0.0,900.5,15.6
2026-04-25T07:00,18.6,85,0.0,901.8,19.2
2026-04-25T08:00,21.0,74,0.0,902.7,24.5
2026-04-25T09:00,23.7,55,0.0,904.0,26.3
2026-04-25T10:00,26.8,36,0.0,904.3,22.4
2026-04-25T11:00,26.8,33,0.5,904.8,27.9
2026-04-25T12:00,28.7,29,0.0,904.4,29.2
2026-04-25T13:00,27.3,32,0.0,905.1,32.3
2026-04-25T14:00,26.2,38,0.0,903.4,23.5
2026-04-25T15:00,25.6,39,0.0,902.5,6.9
2026-04-25T16:00,26.3,38,0.0,902.7,16.6
2026-04-25T17:00,26.0,38,0.0,902.8,28.8
2026-04-25T18:00,23.9,45,0.0,902.2,24.1
2026-04-25T19:00,23.1,49,0.0,902.2,20.8
2026-04-25T20:00,22.1,51,0.0,902.7,21.5
2026-04-25T21:00,22.1,56,0.0,903.4,18.4
2026-04-25T22:00,21.2,59,0.0,903.3,17.5
2026-04-25T23:00,19.7,72,0.0,903.5,21.5
2026-04-26T00:00,19.0,78,0.0,903.2,21.1
2026-04-26T01:00,18.5,77,0.0,902.9,21.1
2026-04-26T02:00,18.3,77,0.0,902.1,20.6
2026-04-26T03:00,17.1,91,0.0,902.0,18.5
2026-04-26T04:00,17.0,91,0.0,902.0,19.2
2026-04-26T05:00,16.7,92,0.0,901.8,19.3
2026-04-26T06:00,16.8,91,0.0,902.4,19.7
2026-04-26T07:00,17.9,85,0.0,903.2,16.0
2026-04-26T08:00,20.0,75,0.0,904.2,17.0
2026-04-26T09:00,22.6,65,0.0,904.9,17.4
2026-04-26T10:00,25.9,47,0.0,905.3,18.1
2026-04-26T11:00,27.8,38,0.0,905.6,17.8
2026-04-26T12:00,29.3,30,0.0,905.3,18.3
2026-04-26T13:00,30.4,23,0.0,904.9,20.4
2026-04-26T14:00,30.6,20,0.0,904.3,18.7
2026-04-26T15:00,31.0,14,0.0,903.7,14.0
2026-04-26T16:00,31.0,11,0.0,903.3,13.2
2026-04-26T17:00,30.2,11,0.0,903.1,13.7
2026-04-26T18:00,29.0,13,0.0,902.9,11.2
2026-04-26T19:00,26.6,17,0.0,902.4,4.7
2026-04-26T20:00,25.8,19,0.0,902.5,2.0
2026-04-26T21:00,24.9,19,0.0,902.5,7.5
2026-04-26T22:00,23.4,22,0.0,902.1,4.5
2026-04-26T23:00,22.1,21,0.0,901.9,4.1
2026-04-27T00:00,20.9,21,0.0,901.2,3.3
2026-04-27T01:00,20.5,19,0.0,900.8,3.5
2026-04-27T02:00,18.9,20,0.0,899.8,2.3
2026-04-27T03:00,20.1,28,0.0,899.6,3.1
2026-04-27T04:00,20.1,27,0.0,899.3,3.9
2026-04-27T05:00,18.8,29,0.0,898.6,3.3
2026-04-27T06:00,17.8,32,0.0,898.5,7.3
2026-04-27T07:00,19.8,28,0.0,899.7,11.9
2026-04-27T08:00,23.0,25,0.0,901.1,11.5
2026-04-27T09:00,27.0,20,0.0,902.3,8.2
2026-04-27T10:00,29.3,14,0.0,902.7,10.6
2026-04-27T11:00,30.6,10,0.0,902.7,10.3
2026-04-27T12:00,31.5,8,0.0,902.1,13.0
2026-04-27T13:00,32.0,7,0.0,901.6,15.9
2026-04-27T14:00,32.0,6,0.0,900.8,16.9
2026-04-27T15:00,31.8,7,0.0,900.1,15.7
2026-04-27T16:00,31.4,7,0.0,899.3,16.8
2026-04-27T17:00,30.5,8,0.0,899.0,19.1
2026-04-27T18:00,29.8,8,0.0,898.5,12.0
2026-04-27T19:00,27.5,11,0.0,897.5,1.6
2026-04-27T20:00,26.1,11,0.0,897.7,6.0
2026-04-27T21:00,27.0,9,0.0,898.6,22.4
2026-04-27T22:00,25.8,11,0.0,899.1,18.0
2026-04-27T23:00,24.5,12,0.0,899.1,21.9
2026-04-28T00:00,23.5,13,0.0,898.9,22.8
2026-04-28T01:00,22.0,14,0.0,898.6,21.0
2026-04-28T02:00,20.8,15,0.0,898.0,21.8
2026-04-28T03:00,20.4,15,0.0,898.0,19.2
2026-04-28T04:00,19.0,19,0.0,897.9,16.7
2026-04-28T05:00,17.7,24,0.0,897.6,11.1
2026-04-28T06:00,16.8,28,0.0,897.9,11.2
2026-04-28T07:00,17.9,29,0.0,899.1,11.0
2026-04-28T08:00,19.9,31,0.0,900.1,11.2
2026-04-28T09:00,21.2,38,0.0,901.0,16.9
2026-04-28T10:00,22.0,42,0.0,901.5,18.2
2026-04-28T11:00,23.5,36,0.0,901.9,18.0
2026-04-28T12:00,24.6,30,0.0,901.8,16.7
2026-04-28T13:00,25.4,29,0.0,901.6,14.6
2026-04-28T14:00,26.0,27,0.0,901.5,13.0
2026-04-28T15:00,25.8,25,0.0,901.1,13.1
2026-04-28T16:00,25.9,24,0.0,901.0,12.1
2026-04-28T17:00,25.5,22,0.0,900.9,11.9
2026-04-28T18:00,24.7,22,0.0,901.1,12.7
2026-04-28T19:00,23.6,25,0.0,901.4,9.9
2026-04-28T20:00,22.4,31,0.0,901.6,11.4
2026-04-28T21:00,21.3,34,0.0,901.6,11.8
2026-04-28T22:00,20.6,36,0.0,901.5,9.4
2026-04-28T23:00,19.9,37,0.0,901.4,10.3
2026-04-29T00:00,19.0,39,0.0,901.3,8.0
2026-04-29T01:00,17.9,42,0.0,900.7,3.9
2026-04-29T02:00,17.2,44,0.0,900.2,3.1
2026-04-29T03:00,16.8,50,0.0,900.1,1.7
2026-04-29T04:00,15.9,53,0.0,900.1,4.1
2026-04-29T05:00,15.2,58,0.0,900.0,3.7
2026-04-29T06:00,14.9,61,0.0,900.7,3.6
2026-04-29T07:00,16.9,56,0.0,902.1,4.9
2026-04-29T08:00,19.2,52,0.0,903.3,5.0
2026-04-29T09:00,21.8,44,0.0,904.0,10.3
2026-04-29T10:00,23.6,34,0.0,904.4,9.9
2026-04-29T11:00,25.1,28,0.0,904.8,7.6
2026-04-29T12:00,26.0,24,0.0,904.2,5.1
2026-04-29T13:00,27.0,21,0.0,903.8,4.3
2026-04-29T14:00,27.9,19,0.0,903.3,4.5
2026-04-29T15:00,27.5,20,0.0,903.0,6.1
2026-04-29T16:00,27.4,20,0.0,902.7,7.8
2026-04-29T17:00,26.8,20,0.0,902.1,8.9
2026-04-29T18:00,26.0,21,0.0,902.1,7.1
2026-04-29T19:00,20.8,46,1.5,902.3,20.9
2026-04-29T20:00,20.3,41,1.4,902.5,7.1
2026-04-29T21:00,21.6,32,0.0,902.3,14.1
2026-04-29T22:00,21.5,33,0.0,902.2,13.3
2026-04-29T23:00,20.6,36,0.0,902.4,12.8
2026-04-30T00:00,19.3,40,0.0,902.2,4.4
2026-04-30T01:00,18.8,42,0.0,902.0,2.7
2026-04-30T02:00,18.0,42,0.0,901.6,4.8
2026-04-30T03:00,18.1,45,0.0,901.3,4.8
2026-04-30T04:00,17.9,47,0.0,901.5,3.0
2026-04-30T05:00,17.6,49,0.0,901.8,4.7
2026-04-30T06:00,17.9,50,0.0,902.2,7.5
2026-04-30T07:00,19.3,45,0.0,903.1,8.4
2026-04-30T08:00,21.5,40,0.0,904.5,7.0
2026-04-30T09:00,24.0,31,0.0,905.0,14.5
2026-04-30T10:00,25.4,28,0.0,905.4,17.3
2026-04-30T11:00,26.6,26,0.0,905.6,16.8
2026-04-30T12:00,27.9,23,0.0,905.1,14.1
2026-04-30T13:00,28.8,20,0.0,904.6,10.9
2026-04-30T14:00,29.0,19,0.0,904.1,10.2
2026-04-30T15:00,27.9,22,0.0,903.5,14.1
2026-04-30T16:00,27.9,22,0.0,903.1,14.4
2026-04-30T17:00,28.0,20,0.0,902.7,12.9
2026-04-30T18:00,27.9,20,0.0,902.3,12.8
2026-04-30T19:00,27.0,21,0.0,902.3,13.7
2026-04-30T20:00,25.9,22,0.0,902.7,15.1
2026-04-30T21:00,24.5,24,0.0,903.0,18.2
2026-04-30T22:00,23.4,27,0.0,903.2,18.3
2026-04-30T23:00,22.4,32,0.0,903.3,19.3
2026-05-01T00:00,21.7,35,0.0,903.1,18.7
2026-05-01T01:00,21.0,36,0.0,903.1,16.7
2026-05-01T02:00,20.4,37,0.0,902.6,13.3
2026-05-01T03:00,20.0,40,0.0,901.9,8.0
2026-05-01T04:00,19.4,42,0.0,901.8,6.3
2026-05-01T05:00,19.0,43,0.0,901.8,8.2
2026-05-01T06:00,18.5,45,0.0,901.8,9.3
2026-05-01T07:00,19.5,42,0.0,902.6,9.2
2026-05-01T08:00,21.9,36,0.0,903.6,11.1
2026-05-01T09:00,24.0,30,0.0,903.8,16.2
2026-05-01T10:00,25.7,27,0.0,904.2,16.6
2026-05-01T11:00,27.9,23,0.0,904.1,15.5
2026-05-01T12:00,29.6,19,0.0,903.6,13.8
2026-05-01T13:00,31.0,16,0.0,903.0,13.0
2026-05-01T14:00,31.9,13,0.0,902.2,11.5
2026-05-01T15:00,31.8,12,0.0,901.5,9.8
2026-05-01T16:00,31.9,11,0.0,900.9,9.8
2026-05-01T17:00,31.6,11,0.0,900.4,10.5
2026-05-01T18:00,30.9,11,0.0,900.2,11.7
2026-05-01T19:00,29.4,13,0.0,900.3,9.3
2026-05-01T20:00,28.6,14,0.0,900.6,8.9
2026-05-01T21:00,27.5,15,0.0,900.7,7.8
2026-05-01T22:00,26.2,17,0.0,900.8,6.0
2026-05-01T23:00,24.8,19,0.0,900.3,6.6
2026-05-02T00:00,24.9,18,0.0,900.5,12.4
2026-05-02T01:00,24.1,19,0.0,900.0,10.6
2026-05-02T02:00,23.2,20,0.0,899.4,9.7
2026-05-02T03:00,22.0,22,0.0,898.8,8.9
2026-05-02T04:00,21.7,21,0.0,899.0,15.6
2026-05-02T05:00,21.0,21,0.0,898.9,14.3
2026-05-02T06:00,20.9,21,0.0,899.9,20.5
2026-05-02T07:00,21.5,22,0.0,901.0,20.4
2026-05-02T08:00,23.4,21,0.0,901.9,18.8
2026-05-02T09:00,25.4,19,0.0,903.3,18.3
2026-05-02T10:00,27.0,17,0.0,903.9,17.3
2026-05-02T11:00,28.4,14,0.0,904.4,16.9
2026-05-02T12:00,29.5,13,0.0,904.3,16.3
2026-05-02T13:00,30.5,12,0.0,904.0,15.6
2026-05-02T14:00,30.9,11,0.0,903.6,16.2
2026-05-02T15:00,30.5,10,0.0,903.1,15.1
2026-05-02T16:00,30.2,9,0.0,902.7,15.9
2026-05-02T17:00,29.5,8,0.0,902.4,14.8
2026-05-02T18:00,28.4,8,0.0,902.1,13.9
2026-05-02T19:00,26.9,9,0.0,902.2,10.9
2026-05-02T20:00,25.8,10,0.0,902.8,10.0
2026-05-02T21:00,24.4,11,0.0,903.3,6.5
2026-05-02T22:00,23.2,12,0.0,903.3,5.9
2026-05-02T23:00,22.0,14,0.0,903.0,4.1
2026-05-03T00:00,21.0,15,0.0,902.3,2.1
2026-05-03T01:00,20.4,15,0.0,901.8,7.5
2026-05-03T02:00,19.7,16,0.0,901.2,5.4
2026-05-03T03:00,19.4,17,0.0,900.9,3.9
2026-05-03T04:00,19.4,18,0.0,901.2,10.8
2026-05-03T05:00,19.0,20,0.0,901.3,10.4
2026-05-03T06:00,18.7,23,0.0,901.5,11.7
2026-05-03T07:00,20.3,21,0.0,902.7,14.3
2026-05-03T08:00,23.6,18,0.0,903.9,13.6
2026-05-03T09:00,27.5,14,0.0,905.5,13.1
2026-05-03T10:00,31.0,11,0.0,906.1,19.3
2026-05-03T11:00,32.5,11,0.0,906.2,18.6
2026-05-03T12:00,33.8,10,0.0,905.8,16.5
2026-05-03T13:00,34.7,10,0.0,905.4,16.2
2026-05-03T14:00,35.2,9,0.0,904.8,18.6
2026-05-03T15:00,35.2,9,0.0,904.7,19.5
2026-05-03T16:00,34.6,10,0.0,903.7,22.1
2026-05-03T17:00,34.1,10,0.0,903.2,17.6
2026-05-03T18:00,33.3,11,0.0,902.9,14.5
2026-05-03T19:00,32.6,11,0.0,902.7,11.7
2026-05-03T20:00,31.4,12,0.0,902.9,11.5
2026-05-03T21:00,30.1,15,0.0,903.5,9.7
2026-05-03T22:00,29.6,16,0.0,903.7,10.3
2026-05-03T23:00,29.1,15,0.0,904.1,12.1
2026-05-04T00:00,28.4,16,0.0,904.3,9.7
2026-05-04T01:00,27.1,18,0.0,903.8,12.9
2026-05-04T02:00,26.5,19,0.0,903.4,16.6
2026-05-04T03:00,26.3,21,0.0,903.5,13.4
2026-05-04T04:00,25.5,23,0.0,903.1,12.2
2026-05-04T05:00,24.8,25,0.0,902.7,6.5
2026-05-04T06:00,24.1,25,0.0,903.2,6.5
2026-05-04T07:00,25.0,24,0.0,903.8,3.8
2026-05-04T08:00,27.8,21,0.0,904.9,2.8
2026-05-04T09:00,29.9,18,0.0,905.5,5.4
2026-05-04T10:00,31.0,17,0.0,905.9,3.3
2026-05-04T11:00,31.7,16,0.0,905.7,0.7
2026-05-04T12:00,32.4,15,0.0,905.2,6.4
2026-05-04T13:00,33.9,13,0.0,904.8,12.6
2026-05-04T14:00,33.0,14,0.0,904.0,19.5
2026-05-04T15:00,34.2,12,0.0,903.1,12.3
2026-05-04T16:00,34.2,11,0.0,902.0,26.2
2026-05-04T17:00,33.7,12,0.0,901.4,25.9
2026-05-04T18:00,33.0,11,0.0,901.2,27.3
2026-05-04T19:00,31.8,13,0.0,901.3,21.2
2026-05-04T20:00,31.1,13,0.0,901.9,24.2
2026-05-04T21:00,30.4,14,0.0,902.0,18.5
2026-05-04T22:00,28.6,16,0.0,901.9,13.1
2026-05-04T23:00,27.5,18,0.0,902.0,20.2
2026-05-05T00:00,26.5,19,0.0,901.6,21.9
2026-05-05T01:00,25.5,20,0.0,901.2,20.5
2026-05-05T02:00,24.5,20,0.0,901.0,15.9
2026-05-05T03:00,23.6,17,0.0,900.9,14.6
2026-05-05T04:00,21.0,36,0.0,900.7,13.9
2026-05-05T05:00,20.2,40,0.0,900.5,14.2
2026-05-05T06:00,19.1,41,0.0,900.8,18.5
2026-05-05T07:00,19.2,39,0.0,901.6,19.1
2026-05-05T08:00,19.8,35,0.0,902.1,18.0
2026-05-05T09:00,20.6,26,0.0,903.2,17.5
2026-05-05T10:00,22.5,22,0.0,903.3,15.4
2026-05-05T11:00,24.6,19,0.0,903.6,13.1
2026-05-05T12:00,26.4,17,0.0,903.3,9.2
2026-05-05T13:00,28.1,15,0.0,903.4,1.9
2026-05-05T14:00,31.1,14,0.0,902.7,7.2
2026-05-05T15:00,30.5,13,0.0,902.3,9.8
2026-05-05T16:00,28.3,15,0.0,901.7,20.3
2026-05-05T17:00,27.8,15,0.0,901.6,18.4
2026-05-05T18:00,26.7,15,0.0,901.5,17.8
2026-05-05T19:00,25.5,16,0.0,901.8,12.8
2026-05-05T20:00,24.3,18,0.0,902.3,13.0
2026-05-05T21:00,23.3,20,0.0,902.5,10.7
2026-05-05T22:00,22.2,22,0.0,902.7,10.1
2026-05-05T23:00,21.1,24,0.0,902.5,10.0
2026-05-06T00:00,20.2,26,0.0,902.1,9.3
2026-05-06T01:00,19.3,28,0.0,902.2,7.7
2026-05-06T02:00,18.3,31,0.0,901.9,6.4
2026-05-06T03:00,17.4,33,0.0,902.0,5.9
2026-05-06T04:00,16.9,35,0.0,901.9,5.9
2026-05-06T05:00,16.1,38,0.0,901.9,5.3
2026-05-06T06:00,15.7,40,0.0,902.2,5.2
2026-05-06T07:00,17.0,38,0.0,903.4,6.0
2026-05-06T08:00,19.1,33,0.0,904.4,8.7
2026-05-06T09:00,21.0,29,0.0,905.1,12.6
2026-05-06T10:00,23.2,26,0.0,905.4,14.4
2026-05-06T11:00,25.6,23,0.0,905.7,15.4
2026-05-06T12:00,27.6,21,0.0,905.2,16.3
2026-05-06T13:00,29.6,18,0.0,904.7,15.2
2026-05-06T14:00,31.5,16,0.0,904.2,12.1
2026-05-06T15:00,31.2,15,0.0,903.9,10.1
2026-05-06T16:00,32.5,11,0.0,903.1,14.8
2026-05-06T17:00,32.0,12,0.0,902.6,15.9
2026-05-06T18:00,32.4,9,0.0,901.5,15.3
2026-05-06T19:00,29.6,11,0.0,901.2,6.3
2026-05-06T20:00,25.9,21,0.0,902.2,38.8
2026-05-06T21:00,24.9,25,0.0,903.2,34.4
2026-05-06T22:00,25.0,23,0.0,903.5,28.0
2026-05-06T23:00,24.2,23,0.0,903.7,20.5
2026-05-07T00:00,23.5,23,0.0,903.5,16.3
2026-05-07T01:00,22.6,23,0.0,903.0,13.7
2026-05-07T02:00,21.4,24,0.0,902.2,8.9
2026-05-07T03:00,20.4,26,0.0,901.9,6.0
2026-05-07T04:00,19.8,27,0.0,901.9,6.0
2026-05-07T05:00,18.6,29,0.0,901.8,4.8
2026-05-07T06:00,18.6,29,0.0,902.4,6.3
2026-05-07T07:00,19.7,26,0.0,903.2,8.4
2026-05-07T08:00,21.5,22,0.0,904.2,13.7
2026-05-07T09:00,24.1,19,0.0,904.9,15.7
2026-05-07T10:00,27.0,17,0.0,905.3,15.3
2026-05-07T11:00,30.0,16,0.0,905.4,14.1
2026-05-07T12:00,33.0,14,0.0,904.7,13.7
2026-05-07T13:00,34.6,10,0.0,903.9,22.1
2026-05-07T14:00,34.8,8,0.0,903.1,22.3
2026-05-07T15:00,34.7,8,0.0,902.5,15.5
2026-05-07T16:00,35.0,7,0.0,901.1,22.4
2026-05-07T17:00,34.3,7,0.0,900.1,15.8
2026-05-07T18:00,30.5,13,0.0,899.9,21.7
2026-05-07T19:00,25.7,23,0.0,900.8,28.3
2026-05-07T20:00,25.7,23,0.0,900.7,29.4
2026-05-07T21:00,24.2,25,0.0,902.3,30.7
2026-05-07T22:00,23.7,27,0.0,902.6,20.8
2026-05-07T23:00,22.9,29,0.0,902.3,10.8
2026-05-08T00:00,21.6,34,0.0,901.7,2.8
2026-05-08T01:00,21.2,36,0.0,900.8,4.5
2026-05-08T02:00,20.9,42,0.0,900.5,5.6
2026-05-08T03:00,20.5,48,0.0,900.5,3.3
2026-05-08T04:00,20.4,58,0.0,900.5,0.7
2026-05-08T05:00,19.3,58,0.0,900.7,5.4
2026-05-08T06:00,18.6,66,0.0,901.2,6.0
2026-05-08T07:00,20.5,61,0.0,902.6,5.7
2026-05-08T08:00,22.6,54,0.0,904.0,8.4
2026-05-08T09:00,24.9,41,0.0,904.9,15.7
2026-05-08T10:00,26.9,36,0.0,905.2,15.8
2026-05-08T11:00,28.6,31,0.0,905.2,16.6
2026-05-08T12:00,28.9,28,0.2,905.5,14.4
2026-05-08T13:00,29.0,25,0.0,905.1,12.6
2026-05-08T14:00,29.7,23,0.0,904.2,14.0
2026-05-08T15:00,30.1,20,0.0,903.7,12.1
2026-05-08T16:00,30.5,17,0.0,903.2,16.5
2026-05-08T17:00,30.0,18,0.0,902.8,25.5
2026-05-08T18:00,26.8,30,0.0,903.5,29.5
2026-05-08T19:00,26.5,29,0.0,903.6,16.6
2026-05-08T20:00,26.2,28,0.0,904.0,18.3
2026-05-08T21:00,25.3,30,0.0,904.5,15.4
2026-05-08T22:00,24.8,31,0.0,904.6,14.9
2026-05-08T23:00,24.0,33,0.0,904.2,14.3
2026-05-09T00:00,23.1,37,0.0,904.1,12.9
2026-05-09T01:00,22.4,40,0.0,903.5,10.6
2026-05-09T02:00,21.5,43,0.0,903.2,10.5
2026-05-09T03:00,20.7,51,0.0,903.2,6.9
2026-05-09T04:00,19.6,56,0.0,903.0,2.4
2026-05-09T05:00,18.5,60,0.0,903.4,3.4
2026-05-09T06:00,18.1,63,0.0,903.9,5.4
2026-05-09T07:00,19.5,61,0.0,905.2,4.6
2026-05-09T08:00,21.9,54,0.0,906.5,5.7
2026-05-09T09:00,24.0,47,0.0,907.1,10.9
2026-05-09T10:00,26.5,39,0.0,907.7,10.1
2026-05-09T11:00,28.9,33,0.0,908.0,10.8
2026-05-09T12:00,30.7,26,0.0,907.6,9.4
2026-05-09T13:00,31.2,23,0.0,907.1,8.3
2026-05-09T14:00,32.3,20,0.0,906.3,7.8
2026-05-09T15:00,32.0,19,0.0,905.7,19.7
2026-05-09T16:00,32.5,18,0.0,905.2,21.5
2026-05-09T17:00,32.2,18,0.0,904.5,20.4
2026-05-09T18:00,31.6,19,0.0,904.5,19.5
2026-05-09T19:00,30.5,21,0.0,904.6,20.1
2026-05-09T20:00,29.0,23,0.0,904.3,21.8
2026-05-09T21:00,27.9,22,0.0,904.8,23.6
2026-05-09T22:00,26.8,22,0.0,905.2,21.6
2026-05-09T23:00,26.0,22,0.0,905.2,18.6
2026-05-10T00:00,25.0,23,0.0,905.1,14.6
2026-05-10T01:00,24.0,24,0.0,904.8,14.2
2026-05-10T02:00,23.1,25,0.0,904.5,13.7
2026-05-10T03:00,22.9,27,0.0,904.5,12.9
2026-05-10T04:00,22.2,28,0.0,904.5,13.4
2026-05-10T05:00,21.4,30,0.0,904.2,12.4
2026-05-10T06:00,20.7,31,0.0,904.8,9.7
2026-05-10T07:00,21.6,30,0.0,906.0,9.0
2026-05-10T08:00,23.6,26,0.0,906.5,15.4
2026-05-10T09:00,26.7,22,0.0,906.9,17.7
2026-05-10T10:00,29.4,19,0.0,907.3,17.6
2026-05-10T11:00,32.1,16,0.0,907.1,17.0
2026-05-10T12:00,34.5,14,0.0,906.7,16.7
2026-05-10T13:00,36.4,12,0.0,906.1,14.8
2026-05-10T14:00,37.3,11,0.0,905.3,17.2
2026-05-10T15:00,36.8,11,0.0,904.9,19.3
2026-05-10T16:00,36.4,11,0.0,904.3,20.5
2026-05-10T17:00,36.1,10,0.0,903.7,18.4
2026-05-10T18:00,36.0,9,0.0,903.3,13.6
2026-05-10T19:00,32.5,12,0.0,902.7,4.4
2026-05-10T20:00,30.8,13,0.0,903.0,3.7
2026-05-10T21:00,29.9,13,0.0,903.3,4.4
2026-05-10T22:00,29.1,11,0.0,903.4,6.1
2026-05-10T23:00,28.8,8,0.0,903.5,9.5
2026-05-11T00:00,25.6,14,0.0,903.0,8.2
2026-05-11T01:00,23.4,25,0.0,902.2,4.8
2026-05-11T02:00,23.0,23,0.0,901.7,3.3
2026-05-11T03:00,23.0,22,0.0,901.4,7.4
2026-05-11T04:00,23.0,18,0.0,901.5,12.1
2026-05-11T05:00,23.6,13,0.0,901.9,13.2
2026-05-11T06:00,23.5,11,0.0,902.4,15.0
2026-05-11T07:00,25.1,10,0.0,903.5,12.7
2026-05-11T08:00,28.5,8,0.0,904.8,7.6
2026-05-11T09:00,31.6,6,0.0,905.9,9.8
2026-05-11T10:00,34.0,5,0.0,906.4,12.6
2026-05-11T11:00,35.2,4,0.0,906.7,17.9
2026-05-11T12:00,35.9,4,0.0,906.6,20.6
2026-05-11T13:00,36.2,4,0.0,906.4,22.6
2026-05-11T14:00,36.4,5,0.0,905.9,22.8
2026-05-11T15:00,36.2,5,0.0,905.2,23.7
2026-05-11T16:00,35.7,5,0.0,904.7,24.6
2026-05-11T17:00,34.8,5,0.0,904.6,25.1
2026-05-11T18:00,33.8,6,0.0,904.5,23.2
2026-05-11T19:00,32.3,7,0.0,904.3,18.0
2026-05-11T20:00,31.1,7,0.0,904.4,14.0
2026-05-11T21:00,29.5,9,0.0,904.5,12.6
2026-05-11T22:00,29.1,9,0.0,904.5,12.6
2026-05-11T23:00,28.3,10,0.0,904.2,11.4
2026-05-12T00:00,27.6,12,0.0,903.5,9.7
2026-05-12T01:00,27.0,13,0.0,903.0,9.6
2026-05-12T02:00,25.9,14,0.0,902.2,7.2
2026-05-12T03:00,25.4,15,0.0,902.1,7.3
2026-05-12T04:00,24.5,16,0.0,902.0,8.5
2026-05-12T05:00,23.1,18,0.0,901.8,9.6
2026-05-12T06:00,23.0,18,0.0,902.2,11.5
2026-05-12T07:00,25.7,15,0.0,903.7,13.6
2026-05-12T08:00,29.1,11,0.0,905.1,15.3
2026-05-12T09:00,32.0,10,0.0,905.8,20.3
2026-05-12T10:00,33.2,9,0.0,906.0,19.5
2026-05-12T11:00,33.6,9,0.0,906.0,19.2
2026-05-12T12:00,34.0,9,0.0,905.7,18.8
2026-05-12T13:00,34.4,9,0.0,905.6,19.9
2026-05-12T14:00,34.4,9,0.0,905.1,21.3
2026-05-12T15:00,34.2,9,0.0,904.6,20.2
2026-05-12T16:00,33.8,9,0.0,904.0,20.1
2026-05-12T17:00,32.9,9,0.0,903.8,19.5
2026-05-12T18:00,31.8,10,0.0,903.5,17.2
2026-05-12T19:00,30.5,11,0.0,903.6,12.4
2026-05-12T20:00,29.5,12,0.0,903.8,10.4
2026-05-12T21:00,28.6,13,0.0,903.9,13.6
2026-05-12T22:00,27.5,12,0.0,904.1,15.4
2026-05-12T23:00,26.2,12,0.0,903.6,15.8
2026-05-13T00:00,25.5,12,0.0,902.9,16.1
2026-05-13T01:00,24.9,13,0.0,902.4,15.7
2026-05-13T02:00,24.4,15,0.0,902.0,15.7
2026-05-13T03:00,23.6,17,0.0,901.7,14.9
2026-05-13T04:00,22.6,19,0.0,901.7,10.0
2026-05-13T05:00,22.1,20,0.0,901.7,7.1
2026-05-13T06:00,22.2,20,0.0,902.2,6.8
2026-05-13T07:00,23.8,19,0.0,903.4,5.7
2026-05-13T08:00,25.9,17,0.0,904.6,4.2
2026-05-13T09:00,28.1,14,0.0,905.2,9.7
2026-05-13T10:00,30.0,12,0.0,905.7,8.4
2026-05-13T11:00,31.5,11,0.0,905.9,7.0
2026-05-13T12:00,32.5,10,0.0,905.5,5.2
2026-05-13T13:00,33.2,9,0.0,905.1,3.1
2026-05-13T14:00,33.8,9,0.0,904.3,7.2
2026-05-13T15:00,34.4,8,0.0,903.3,6.0
2026-05-13T16:00,35.0,7,0.0,902.7,7.4
2026-05-13T17:00,34.0,7,0.0,902.3,17.6
2026-05-13T18:00,33.0,8,0.0,902.3,14.2
2026-05-13T19:00,31.8,9,0.0,902.1,9.1
2026-05-13T20:00,30.5,10,0.0,902.3,7.6
2026-05-13T21:00,29.5,10,0.0,902.1,11.2
2026-05-13T22:00,28.9,11,0.0,902.2,8.8
2026-05-13T23:00,27.6,12,0.0,901.9,6.0
2026-05-14T00:00,26.4,13,0.0,901.1,5.0
2026-05-14T01:00,25.6,15,0.0,900.4,2.9
2026-05-14T02:00,24.7,15,0.0,900.1,4.0
2026-05-14T03:00,23.9,13,0.0,901.3,16.7
2026-05-14T04:00,22.3,13,0.0,900.9,12.9
2026-05-14T05:00,22.2,12,0.0,901.3,12.6
2026-05-14T06:00,22.1,12,0.0,902.1,13.1
2026-05-14T07:00,23.5,11,0.0,903.5,14.0
2026-05-14T08:00,24.6,12,0.0,904.5,19.6
2026-05-14T09:00,26.0,13,0.0,904.7,19.5
2026-05-14T10:00,27.9,12,0.0,905.3,16.8
2026-05-14T11:00,29.8,10,0.0,905.4,14.8
2026-05-14T12:00,31.3,10,0.0,904.9,13.2
2026-05-14T13:00,32.5,9,0.0,904.5,10.6
2026-05-14T14:00,33.2,8,0.0,903.9,9.2
2026-05-14T15:00,33.1,9,0.0,903.5,7.5
2026-05-14T16:00,33.0,9,0.0,903.0,10.0
2026-05-14T17:00,32.3,9,0.0,902.4,13.5
2026-05-14T18:00,31.3,9,0.0,902.4,15.4
2026-05-14T19:00,30.0,10,0.0,902.4,15.4
2026-05-14T20:00,28.8,11,0.0,902.9,16.8
2026-05-14T21:00,27.6,12,0.0,902.8,14.1
2026-05-14T22:00,26.4,13,0.0,902.7,11.4
2026-05-14T23:00,25.5,13,0.0,902.6,11.7
2026-05-15T00:00,24.3,13,0.0,901.8,6.0
2026-05-15T01:00,23.9,13,0.0,901.2,7.7
2026-05-15T02:00,23.8,12,0.0,900.7,11.2
2026-05-15T03:00,23.5,12,0.0,900.2,7.2
2026-05-15T04:00,22.5,13,0.0,900.1,2.0
2026-05-15T05:00,22.0,14,0.0,900.0,0.5
2026-05-15T06:00,21.9,14,0.0,900.3,1.4
2026-05-15T07:00,23.9,12,0.0,902.0,2.8
2026-05-15T08:00,26.6,10,0.0,903.9,2.8
2026-05-15T09:00,29.0,9,0.0,904.2,4.7
2026-05-15T10:00,30.9,9,0.0,904.4,8.1
2026-05-15T11:00,32.5,8,0.0,904.0,9.0
2026-05-15T12:00,33.8,7,0.0,903.6,9.0
2026-05-15T13:00,35.0,7,0.0,903.2,10.7
2026-05-15T14:00,36.1,6,0.0,902.3,11.5
2026-05-15T15:00,36.3,6,0.0,901.4,16.5
2026-05-15T16:00,35.7,7,0.0,900.6,18.2
2026-05-15T17:00,35.0,7,0.0,900.0,16.2
2026-05-15T18:00,34.0,7,0.0,899.8,18.4
2026-05-15T19:00,32.7,8,0.0,899.7,15.0
2026-05-15T20:00,31.7,9,0.0,899.7,13.0
2026-05-15T21:00,30.2,10,0.0,899.2,8.5
2026-05-15T22:00,28.6,11,0.0,898.6,8.5
2026-05-15T23:00,27.8,12,0.0,898.0,12.1
